年度,所管局№,所管局,施策分野№,施策分野,事業名,補助金名,補助金の概要,補助対象者№,補助対象者,予算額（千円）,所管部署,問い合わせ先,各局HPリンク
2026,01,政策企画局,17,その他,プロジェクトの推進等,空飛ぶクルマ実装プロジェクト（Ⅰ期）補助金（政策企画局）,"・補助金の目的：空飛ぶクルマ社会実装の推進
・補助対象者：民間事業者（その他要件有）
・補助対象経費：空飛ぶクルマ実装プロジェクト（Ⅰ期）公募要領に基づき、採択された事業に要する経費の内、空飛ぶクルマ実装プロジェクト（Ⅰ期）補助金交付要綱の条件に合致するもの
・負担割合：都10/10",5,民間団体,"370,000 ",政策企画局計画調整部プロジェクト推進課,03-5388-2131,https://www.seisakukikaku.metro.tokyo.lg.jp/cross-efforts/sorajissou
2026,02,子供政策連携室,01,子供家庭,とうきょう すくわくプログラム推進事業,とうきょう すくわくプログラム推進事業補助金,"補助金の目的：幼稚園・保育所等での「とうきょう すくわくプログラム」の実践
補助対象者：区市町村または園
補助対象経費：備品購入費等、「とうきょう すくわくプログラム」の実施に必要な経費
負担割合：都10/10、上限1,500千円（１園あたり）",1,区市町村,"5,492,500 ",子供政策連携室企画調整部企画調整課,03-5388-3812,https://www.kodomoseisaku.metro.tokyo.lg.jp/jigyo/suisin-team/nyuyojikinokosodachi/sukuwaku-program
2026,02,子供政策連携室,01,子供家庭,ファミリー・アテンダント,ファミリー・アテンダント事業補助金,"補助金の目的：地域の民間団体等の人材を活用した子育て世帯への家庭訪問等、日常的な不安や悩みに寄り添うアウトリーチ型の支援を展開し、子育て世帯の孤独・孤立対策を強化
補助対象者：区市町村
補助対象経費：事業の実施に必要な経費 等
負担割合：都10/10",1,区市町村,"2,613,935 ",子供政策連携室企画調整部企画調整課,03-5388-3812,
2026,02,子供政策連携室,01,子供家庭,子供の遊び場等整備事業,子供の遊び場等整備事業補助金,"補助金の目的：子供の「遊び場」の創出
補助対象者：区市町村（令和７年度で新規採択は終了）
補助対象経費：プレーパークや地域資源を活用した遊び場など、子供の意見を反映した遊び場等の基盤整備事業に必要な経費
負担割合：都10/10",1,区市町村,"1,200,000 ",子供政策連携室企画調整部企画調整課,03-5000-7743,https://www.kodomoseisaku.metro.tokyo.lg.jp/jigyo/suisin-team/taiken-asobi
2026,02,子供政策連携室,01,子供家庭,日本語を母語としない子供を支援,多文化キッズサロン設置支援事業補助金,"補助金の目的：日本語を母語としない子供の地域の居場所として、「学習」「相談」「交流」等の機能を一体的に備えた多文化キッズサロンの設置・運営を支援
補助対象者：区市町村
補助対象経費：「学習」「相談」「交流」を必須機能とする多文化キッズサロンを設置するための整備費及び運営費
負担割合：整備費：都10/10、補助上限10百万円、補助期間最大3年
　　　　　　運営費：都1/2、補助上限5百万円",1,区市町村,"40,000 ",子供政策連携室企画調整部企画調整課,03-5000-7742,
2026,02,子供政策連携室,01,子供家庭,子供の未来を育む「体験活動」推進区市町村支援事業,子供の未来を育む「体験活動」推進区市町村支援事業（「遊び」特別推進枠）補助金,"補助金の目的：地域における子供の「遊び」の拡大・浸透
補助対象者：区市町村
補助対象経費：「遊び」の開催、「遊び」を支える人材の育成、安全対策等に要する経費
負担割合：
①　令和６年度までに子供の「遊び」に関する子供政策連携室のソフト事業の実施がない区市町村：都　1年目10/10（上限1,000万円)、2年目10/10（上限1,000万円）、3年目10/10（上限1,000万円）
②　①以外の区市町村：都　1年目2/3（上限666万円）、2年目1/2（上限500万円）、3年目1/2（上限500万円）",1,区市町村,"190,000 ",子供政策連携室企画調整部企画調整課,03-5000-7743,https://www.kodomoseisaku.metro.tokyo.lg.jp/jigyo/suisin-team/taiken-asobi
2026,02,子供政策連携室,01,子供家庭,子供の未来を育む「体験活動」推進区市町村支援事業,子供の未来を育む「体験活動」推進区市町村支援事業（「体験活動」推進枠）補助金,"補助金の目的：子供の体験活動を実施する区市町村の支援を通じて、子供が社会を生き抜く上で必要となる基礎的な能力を育成。また、 区市町村における学校外の体験活動の創出を促し、全ての子供が多様な体験活動にチャレンジできる環境を整備
補助対象者：区市町村
補助対象経費 ：新規・拡充を行うソフト事業
負担割合：都10/10（上限1,000万円）、補助期間最大３か年",1,区市町村,"420,000 ",子供政策連携室企画調整部企画調整課,03-5000-7743,https://www.kodomoseisaku.metro.tokyo.lg.jp/jigyo/suisin-team/taiken-asobi
2026,02,子供政策連携室,01,子供家庭,東京グローバル・パスポート,東京グローバル・パスポート支援金,"補助金の目的：より多くの大学生等が海外留学の最初の一歩を踏み出すきっかけ作りのサポート
補助対象者：都から支援の決定を受けて海外留学を行う大学生等
補助対象経費：
【短期コース】留学計画の実行に係る一連の経費
【中長期コース】留学計画の実行に係る経費のうち、渡航費等準備金、授業料及び現地活動費
負担割合：
【短期コース】留学計画の実行に係る一連の経費：都10/10（留学先国・地域ごとの補助上限額あり（地域①：900,000円、地域②：700,000円、地域③：400,000円））
【中長期コース】渡航費等準備金：都10/10（留学先国・地域ごとの補助上限額あり（アジア地域：210,000円、その他の地域：350,000円））、授業料：都10/10（留学先国・地域ごとの補助上限額あり（地域①：1,000,000円、地域②：800,000円、地域③：500,000円））、現地活動費：都10/10（留学先国・地域ごとの補助上限額あり（地域①②：150,000円/月、地域③：100,000円/月））",6,一般都民,"513,050 ",子供政策連携室総合推進部若者政策連携推進課,03-5388-3820,
2026,02,子供政策連携室,01,子供家庭,子供への意見聴取等の区市町村支援事業,"子供の意見聴取・フィードバック支援事業（子供の居場所）
子供の意見聴取・フィードバック支援事業（子供の参画）","補助金の目的：区市町村における「子供の居場所」での意見聴取や「子供の参画」の取組を後押し
補助対象者：区市町村
補助対象経費：子供への意見聴取の実施に必要な経費
負担割合：
（子供の居場所）：1年目10/10、2年目2/3、3年目１/2
（子供の参画）：1/2",1,区市町村,"157,500 ",子供政策連携室企画調整部企画調整課,"03-5000-7744又は
03-5000-7745",
2026,02,子供政策連携室,01,子供家庭,子供の未来を育むプレーパーク整備促進事業,子供の未来を育むプレーパーク整備促進事業補助金,"補助金の目的：子供の意見を反映したプレーパークづくりの推進
補助対象者：区市町村
補助対象経費：子供の意見を反映したプレーパークづくりに必要な経費
負担割合：都1/2（上限3,000万円）、補助期間最大３か年",1,区市町村,"325,000 ",子供政策連携室企画調整部企画調整課,03-5000-7743,
2026,02,子供政策連携室,01,子供家庭,"中高生の地域における居場所づくり
～トウキョウ・ユースベース・プロジェクト～","中高生の地域における居場所づくり
～トウキョウ・ユースベース・プロジェクト～補助金","補助金の目的：中高生の地域における居場所づくりの推進
補助対象者：区市町村
補助対象経費 ：中高生の意見を取り入れた居場所づくりや、中高生自身が運営等に参画する居場所の整備・運営に要する経費
負担割合：都10/10（運営費の3年目は1/2）
①多機能センター型
　　補助基準額：運営費70,000千円、整備費120,000千円
②中高生居場所創出型（週５日以上開所）
　　補助基準額：運営費40,000千円
③中高生居場所創出型（週１回以上開所）
　　補助基準額：運営費20,000千円",1,区市町村,"590,000 ",子供政策連携室企画調整部企画調整課,03-5388-3812,
2026,02,子供政策連携室,01,子供家庭,子供を事故から守る環境づくり促進事業,子供を事故から守る環境づくり促進事業補助金（製品開発・改良区分）,"補助金の目的：子供の事故が起きにくい環境づくりに向け、企業や大学・研究機関等が連携して取り組む研究や製品開発等を支援
補助対象者：都内に本社又は支社を置く中堅企業、中小企業、?スタートアップ及び大学・公設研究機関等によるグループ?
負担割合：1/2 （上限6,000万円／２年）
採択件数：３件",5,民間団体,"60,000 ",子供政策連携室企画調整部企画調整課,03-5388-3812,
2026,02,子供政策連携室,01,子供家庭,子供を事故から守る環境づくり促進事業,子供を事故から守る環境づくり促進事業補助金（研究区分）,"補助金の目的：子供の事故が起きにくい環境づくりに向け、企業や大学・研究機関等が連携して取り組む研究や製品開発等を支援
補助対象者：都内の大学・公設研究機関及び企業等によるグループ
負担割合：1/2、2/3　（上限：5,000万円／３年）
採択件数：２件",7,その他団体,"20,000 ",子供政策連携室企画調整部企画調整課,03-5388-3812,
2026,03,総務局,17,その他,人権啓発相談,人権啓発活動区市町村再委託事業補助,"補助金の目的：啓発活動は，人権尊重思想の普及高揚を図り，地域住民に人権問題に対する正しい認識を広めることにより，基本的人権の擁護に資することを目的とする。
補助対象者　：区市町村長
補助対象経費：講演会の開催、資料の作成・配布、放送広告の実施、新聞等広告の掲載、研修会の開催、地域人権啓発活動活性化事業の実施、その他上記に準ずる啓発活動で法務省人権擁護局長が相当と認めるもの。
負担割合　　：全額国",1,区市町村,"30,090 ",総務局人権部人権施策推進課,03-5388-2588,
2026,03,総務局,17,その他,（公財）東京都人権啓発センター運営費補助,（公財）東京都人権啓発センター運営費補助,"補助金の目的：公益財団法人東京都人権啓発センターの運営
補助対象者　：公益財団法人東京都人権啓発センター
補助対象経費：(1) 人件費、(2) 事務費、(3) 事業費（以下のものに限る。）
① 参加者から参加費用を徴しない講演会、研修会、映画会、コンサート等に係るもの
② 財団の事業実施時に都民等に対して配布又は頒布する啓発用物品の作成費用。ただし、頒布する場合の対価は原価を上回らないこととし、それにより得た収入額は補助対象経費から差し引くこととする。
③ 利用者から対価を得ずに実施するポスターの作成・掲出、マスメディアやインターネットを通じた広報・情報提供活動に係るもの
④ 人権に関する情報収集、調査研究等
⑤ 利用者から対価を得ないで実施する相談事業
⑥ その他財団の目的達成に必要な事業で、利用者から対価を得ないもの
負担割合　　：都100%",3,政策連携団体,"152,525 ",総務局人権部人権施策推進課,03-5388-2588,https://www.tokyo-jinken.or.jp/contents/outline/zaimusiryou.html
2026,03,総務局,17,その他,多摩地域の振興策の推進,多摩地域における多様な主体との連携活動促進支援事業費補助金,"補助金の目的：多摩地域において、複数の市町村と多様な主体との連携による広域的な地域課題の解決や、新たな価値の創造など、先進的な取組を支援し、多摩地域の多様な魅力を向上
補助対象者：多摩地域の市町村
補助対象経費：事業の実施に要する経費
負担割合 ：都2/3（補助限度額20,000千円 ※補助期間の初年度は10,000千円）",1,区市町村,"61,140 ",総務局行政部振興企画課,03-5388-2443,
2026,03,総務局,17,その他,（公財）小笠原協会補助,小笠原協会補助,"補助金の目的：旧島民の帰島を促進し、島民の定着等を推進
補助対象者　：公益財団法人　小笠原協会
補助対象経費：帰島を希望する旧島民の帰島の促進及び小笠原諸島の振興開発に資する事業
負担割合　　：都1/2",7,その他団体,"6,000 ",総務局行政部振興企画課,03-5388-2445,
2026,03,総務局,10,観光,島しょの「魅力再発見」と「ブランド化」に向けた取組,島しょ地域宿泊施設誘致活動支援補助金,"補助金の目的：上質な宿泊施設を誘致・整備し、新たな島の魅力を創出
補助対象者　：島しょ地域の町村
補助対象経費：宿泊施設の誘致・整備に係る取組等
負担割合　　：都2/3以内（補助限度額100,000千円）、町村1/3",1,区市町村,"200,000 ","総務局行政部振興企画課
産業労働局観光部振興課",03-5320-4768,
2026,03,総務局,17,その他,島しょの「魅力再発見」と「ブランド化」に向けた取組,島しょ地域の廃ホテル跡地活用に係る町村支援補助金,"補助金の目的：跡地の活用を前提に、廃ホテルの撤去等に取り組む島しょ町村を財政的に支援
補助対象者　：島しょ地域の町村
補助対象経費：廃ホテルの撤去等に係る経費
負担割合　　：都3/4、町村1/4",1,区市町村,"15,758 ",総務局行政部振興企画課,03-5388-2444,
2026,03,総務局,17,その他,島しょの「魅力再発見」と「ブランド化」に向けた取組,地域資源の保全と利活用に係る取組推進補助金,"補助金の目的：島しょ地域の貴重な地域資源の保全と利活用の両立に向けた取組に対して支援
補助対象者　：島しょ町村が構成員として参画している団体（設立から３年未満）
補助対象経費：島しょ地域の貴重な地域資源の保全と利活用の両立に向けた取組に係る経費
負担割合　　：都3/4（補助限度額20,000千円）",5,民間団体,"40,000 ",総務局行政部振興企画課,03-5388-2444,
2026,03,総務局,17,その他,島しょの「魅力再発見」と「ブランド化」に向けた取組,島しょ産品ブランド化支援補助金,"補助金の目的：島しょ地域における産品のブランド化を進めるための取組に対して支援
補助対象者　：島しょ地域の産品事業者・団体
補助対象経費：島しょ産品のブランド化に要する経費
負担割合　　：都3/4",5,民間団体,"25,000 ",総務局行政部振興企画課,03-5388-2444,
2026,03,総務局,17,その他,島しょの「魅力再発見」と「ブランド化」に向けた取組,地域資源の魅力発信支援補助金,"補助金の目的：地域資源の魅力を国内外に発信する自律的な取組を行う島しょ町村を支援
補助対象者　：島しょ地域の町村
補助対象経費：地域資源の魅力を国内外に発信する取組等に係る経費
負担割合　　：都3/4、町村1/4",1,区市町村,"20,000 ",総務局行政部振興企画課,03-5388-2444,
2026,03,総務局,17,その他,デジタル×共創による島しょ地域の社会課題解決モデル創出事業,デジタル技術を活用した島しょ地域の課題解決補助金,"補助金の目的：デジタル技術を活用して島内の課題解決に取り組む島しょ町村を支援
補助対象者　：島しょ地域の町村
補助対象経費：事業の実施に要する経費
負担割合　　：都 1年目10/10（補助上限額：50,000千円）、2年目3/4（同37,500千円）、3年目2/3（同33,333千円）",1,区市町村,"50,000 ",総務局行政部振興企画課,03-5388-2444,
2026,03,総務局,17,その他,島しょ山村地域における移住体験住宅整備補助,島しょ山村地域における移住体験住宅整備事業補助金,"補助金の目的：島しょ山村地域における移住・定住の促進
補助対象者　：都内条件不利地域の町村
補助対象経費：移住体験住宅整備等に要する経費
負担割合　　：都10/10（補助上限額：1.2億円）",1,区市町村,"110,000 ",総務局行政部振興企画課,03-5388-2406,
2026,03,総務局,17,その他,移住・定住促進市町村支援事業,移住・定住促進市町村支援事業補助金,"補助金の目的：市町村の主体的・計画的な移住定住促進の取組の後押し
補助対象者：条件不利地域、その他対象地域
補助対象経費：対象事業実施に必要な経費
負担割合：条件不利地域：都3/4(空き家バンク活用の場合10/10)　　その他対象地域：都1/2",1,区市町村,"126,265 ",総務局行政部振興企画課,03-5388-2443,
2026,03,総務局,17,その他,東京宝島 サステナブル・アイランド創造事業,東京宝島 サステナブル・アイランド創造事業費補助金,"補助金の目的：島しょ地域の持続的発展や特色ある宝物の発掘・魅力の創造につながる、町村の意欲的な公民共創の取組を支援
補助対象者　：島しょ地域の町村
補助対象経費：事業費
負担割合　　：都10/10（補助限度額500,000千円、基盤整備を伴わない場合100,000千円）",1,区市町村,"1,146,821 ",総務局行政部振興企画課,03-5388-2444,
2026,03,総務局,17,その他,東京宝島 サステナブル・アイランド創造事業,東京宝島 サステナブル・アイランド推進支援事業費補助金,"補助金の目的：施設の整備後の本格的な利活用や多面的展開など、ソフト事業の磨き上げを支援
補助対象者　：島しょ地域の町村
補助対象経費：事業費
負担割合　　：都 1年目3/4（補助限度額50,000千円）、2年目2/3（同30,000千円）、3年目1/2（同20,000千円）",1,区市町村,"260,000 ",総務局行政部振興企画課,03-5388-2444,
2026,03,総務局,17,その他,東京宝島 サステナブル・アイランド創造事業,東京宝島 サステナブル・アイランド再生支援事業費補助金,"補助金の目的：東京宝島 サステナブル・アイランド創造事業及び推進支援事業に基づき、都の補助を受けて実施した事業が、災害又は火災によりその機能の一部又は全部が喪失した場合、その機能を再生し、又は被災を契機としてその内容を発展的に再構築する取組を支援
補助対象者　：島しょ地域の町村
補助対象経費：事業費
負担割合　　：都10/10（補助限度額200,000千円 ※調査検討費用50,000千円、施設整備費用150,000千円）",1,区市町村,"50,000 ",総務局行政部振興企画課,03-5388-2444,
2026,03,総務局,17,その他,市町村総合交付金,市町村総合交付金,"補助金の目的：市町村の行政水準の向上と住民福祉の増進を図るための財源補完制度
補助対象者　：市町村
補助対象経費：市町村が実施する各種施策に要する一般財源
負担割合　　：10/10",1,区市町村,"71,800,000 ",総務局行政部市町村課,03-5388-2437,https://www.soumu.metro.tokyo.lg.jp/05gyousei/04sougoukoufukin.html
2026,03,総務局,17,その他,水道料金に係る基本料金無償臨時特別交付金,水道料金に係る基本料金無償臨時特別交付金,"補助金の目的：都の水道料金に係る基本料金無償臨時特別措置を踏まえ、都水道局の区域外で水道事業（上水道・簡易水道等）を行う市町村等が同様の措置を行う場合に、市町村等に対して基本料金の収入相当額等を交付
補助対象者　：市町村等
補助対象経費：小口径(13㎜・20㎜・25㎜)の給水管に係る基本料金等
負担割合　　：10/10",1,区市町村,"900,000 ",総務局行政部市町村課,03-5388-2437,
2026,03,総務局,17,その他,特別区都市計画交付金,特別区都市計画交付金,"補助金の目的：特別区における都市計画事業の円滑な促進を図る
補助対象者　：区
補助対象経費：要綱に定める都市計画事業の事業費
負担割合　　：都の10/10",1,区市町村,"30,000,000 ",総務局行政部区政課,03-5388-2426,
2026,03,総務局,17,その他,市町村振興宝くじ交付金,市町村振興宝くじ交付金,"補助金の目的：区市町村における災害対策事業及び緊急な公共施設整備事業等を推進するために、区市町村共通の財源を確保すること
補助対象者　：東京都区市町村振興協会
補助対象経費：東京都区市町村振興協会が行う事業のうち、交付対象事業に係る経費
負担割合　　：10/10",7,その他団体,"7,336,971 ",総務局行政部振興企画課,03-5388-2413,http://www.tokyo-kushichoson-shinko.or.jp/
2026,03,総務局,17,その他,（公財）東京都島しょ振興公社貸付等,ヘリコミューター支援経費補助金,"補助金の目的：伊豆諸島地域の活性化及び島民生活の基盤の確保を図るため、伊豆諸島地域を結ぶ２地点間（大島・利島・三宅島・御蔵島・八丈島・青ヶ島）ヘリ輸送の支援事業を行う（公財）東京都島しょ振興公社に対し、予算の範囲内において、補助金を交付するもの。
補助対象者　：（公財）東京都島しょ振興公社
補助対象経費：伊豆諸島地域を結ぶ２地点間ヘリ輸送事業の経常収支額から（公財）東京都島しょ振興公社の支援額を差し引いた額
負担割合　　：10/10",3,政策連携団体,"1,420,092 ",総務局行政部振興企画課,03-5388-2444,
2026,03,総務局,17,その他,ヘリコミューター運賃補助,ヘリコミューター運賃補助（国基準）,"補助金の目的：特定有人国境離島地域における継続的な居住が可能となる環境の整備を図るため。
補助対象者　：対象航空路の航空路事業を営む者であって、航空路運賃低廉化事業により運賃の低廉化を実施するもの。
【対象航空路】
１ 当該特定有人国境離島地域と当該特定有人国境離島地域の属する都道県との間の交通の用に供される路線
２ 当該特定有人国境離島地域と都道県庁所在地その他の経済上又は文化上特に重要な都市との間の交通の用に供される路線であって、旅客の利用状況等からみて旅客の運送の確保を図ることが当該特定有人国境離島地域の住民の生活の安定に資するものとして、大臣が特に必要と認めた路線
補助対象経費：基準航空路運賃と割引住民航空路運賃との差額に住民等の利用人員を乗じて得た額
負担割合　　：国11/20 都9/20",5,民間団体,"9,195 ",総務局行政部振興企画課,03-5388-2444,
2026,03,総務局,17,その他,ヘリコミューター運賃補助,ヘリコミューター運賃補助（都加算）,"補助金の目的：東京都伊豆諸島地域を結ぶ２地点間（大島・利島・三宅島・御蔵島・八丈島・青ヶ島）ヘリ輸送に係る島民割引運賃の設定に要する経費に対して、予算の範囲内において補助するもの。
補助対象者　：東京都伊豆諸島地域を結ぶ２地点間（大島・利島・三宅島・御蔵島・八丈島・青ヶ島）ヘリ輸送に係る島民割引運賃の設定を行う事業者
補助対象経費：普通旅客運賃と島民割引運賃の差額に住民等の利用人員及び１１０分の１００を乗じて得た額
負担割合      ：10/10",5,民間団体,"24,644 ",総務局行政部振興企画課,03-5388-2444,
2026,03,総務局,17,その他,生活物資輸送費補助,小笠原諸島生活物資輸送費補助（プロパンガス）,"補助金の目的：小笠原諸島における物価安定を図るため
補助対象者　：東京都小笠原支庁管内で生活物資を販売する者
補助対象経費：小笠原諸島へのプロパンガスの船舶による東京、小笠原諸島間及び小笠原諸島相互間の運搬に要する輸送費
負担割合　　：都10/10",5,民間団体,"25,495 ",総務局行政部振興企画課,03-5388-2445,https://www.soumu.metro.tokyo.lg.jp/05gyousei/06sinkouogasawarajigyou1.html
2026,03,総務局,17,その他,生活物資輸送費補助,小笠原諸島生活物資輸送費補助（米穀類を除く食料品等）,"補助金の目的：小笠原諸島における物価安定を図るため
補助対象者　：東京都小笠原支庁管内で生活物資を販売する者
補助対象経費：小笠原諸島への米穀類を除く食料品等の船舶による東京、小笠原諸島間及び小笠原諸島相互間の運搬に要する輸送費　
負担割合　　：都3/5、事業者2/5",5,民間団体,"46,319 ",総務局行政部振興企画課,03-5388-2445,https://www.soumu.metro.tokyo.lg.jp/05gyousei/06sinkouogasawarajigyou1.html
2026,03,総務局,17,その他,生活物資輸送費補助,小笠原諸島生活物資輸送費補助（米穀類、衣料品等）,"補助金の目的：小笠原諸島における物価安定を図るため
補助対象者　：東京都小笠原支庁管内で生活物資を販売する者
補助対象経費：小笠原諸島への米穀類、衣料品等の船舶による東京、小笠原諸島間及び小笠原諸島相互間の運搬に要する輸送費
負担割合　　：都3/10、事業者7/10",5,民間団体,609 ,総務局行政部振興企画課,03-5388-2445,https://www.soumu.metro.tokyo.lg.jp/05gyousei/06sinkouogasawarajigyou1.html
2026,03,総務局,17,その他,生産物貨物運賃補助,小笠原諸島生産物貨物運賃補助（東京～父島間）,"補助金の目的：島民の生活安定及び定住促進に寄与するため
補助対象者　：定期航路事業者及び不定期航路事業者
補助対象経費：小笠原諸島における農漁業生産物及び関連物資の運搬に要する輸送費
負担割合　　：都1/2、事業者1/2",5,民間団体,"16,051 ",総務局行政部振興企画課,03-5388-2445,https://www.soumu.metro.tokyo.lg.jp/05gyousei/06sinkouogasawarajigyou1.html
2026,03,総務局,17,その他,生産物貨物運賃補助,小笠原諸島生産物貨物運賃補助（父島～母島間）,"補助金の目的：島民の生活安定及び定住促進に寄与するため
補助対象者　：定期航路事業者及び不定期航路事業者
補助対象経費：小笠原諸島における農漁業生産物及び関連物資の運搬に要する輸送費
負担割合　　：都10/10",5,民間団体,"3,373 ",総務局行政部振興企画課,03-5388-2445,https://www.soumu.metro.tokyo.lg.jp/05gyousei/06sinkouogasawarajigyou1.html
2026,03,総務局,17,その他,旧島民帰島引越輸送費補助,小笠原諸島帰島民荷物輸送費補助,"補助金の目的：小笠原諸島における旧島民等の帰島援護を図るため
補助対象者　：旧島民(昭和１９年３月３１日に小笠原諸島に住所を有していた者で、昭和４３年６月２５日に小笠原諸島以外の本邦に住所を有していた者)、その父母、子及び孫並びにこれらの配偶者
補助対象経費：航路事業者が補助対象者から受付を行った引越荷物の東京、小笠原諸島間及び小笠原諸島相互間の運搬に要する輸送費
負担割合　　：１４トン（重量トン又は 容積トンのいずれか大きい方とする。）までにつき、その輸送費の金額を１世帯１回",6,一般都民,333 ,総務局行政部振興企画課,03-5388-2445,https://www.soumu.metro.tokyo.lg.jp/05gyousei/06sinkouogasawarajigyou1.html
2026,03,総務局,17,その他,定期航路補助,小笠原諸島離島航路補助,"補助金の目的：小笠原諸島における離島航路の維持及び改善を図るため
補助対象者　：離島航路事業者
補助対象経費：航路損益見込計算書における差引当期純利益（ 純
損失） の額に別に局長が定める率を乗じて得た額
負担割合　　：都10/10",5,民間団体,"121,580 ",総務局行政部振興企画課,03-5388-2445,https://www.soumu.metro.tokyo.lg.jp/05gyousei/06sinkouogasawarajigyou1.html
2026,03,総務局,17,その他,小笠原航路改善費補助,小笠原諸島離島航路改善補助,"補助金の目的：小笠原諸島における離島航路の維持及び改善を図るため
補助対象者　：離島航路事業者
補助対象経費：小笠原諸島における定期航路就航船舶の使用料
負担割合　　：都1/2、事業者1/2",5,民間団体,"37,931 ",総務局行政部振興企画課,03-5388-2445,
2026,03,総務局,17,その他,応急対策,災害見舞金,"補助金の目的：見舞金の贈呈
補助対象者　：災害対策基本法第２条第１号に規定する災害が発生した被災国等及び災害救助法の適用を受けた道府県
補助対象経費：額は要領別表に定める基準数値による
負担割合　　：定額",7,その他団体,"4,500 ",総務局総合防災部防災管理課,03-5388-2453,
2026,03,総務局,17,その他,石油貯蔵施設立地対策等交付金,石油貯蔵施設等立地対策等交付金,"補助金の目的：石油貯蔵施設の立地に伴う財政負担の軽減による施設立地の促進
補助対象者　：江戸川区、大田区
補助対象経費：消防施設、防災通信施設、防災緑地等
負担割合　　：国10/10",1,区市町村,"5,623 ",総務局総合防災部防災計画課,03-5388-2457,
2026,03,総務局,17,その他,市町村消防指導,東京都消防協会補助,"補助金の目的：消防団の充実強化、地域防災力の向上推進
補助対象者　：一般社団法人東京都消防協会
補助対象経費：消防団の消防知識技術、福利厚生の向上等に係る消防・防災事業
負担割合　　：都10/10",7,その他団体,"7,300 ",総務局総合防災部防災管理課,03-5388-2457,
2026,03,総務局,17,その他,消防施設整備費補助,市町村消防施設整備費補助,"補助金の目的：市町村の消防防災設備の整備促進
補助対象者　：都に消防事務を委託している市町村以外の市町村
補助対象経費：備蓄倉庫、防火水槽のほか、消防ポンプ自動車等の購入又は設置に要する経費
負担割合　　：都1/3、市町村2/3",1,区市町村,"16,500 ",総務局総合防災部防災管理課,03-5388-2457,
2026,03,総務局,17,その他,帰宅困難者対策,東京都民間一時滞在施設備蓄品購入費用補助,"補助金の目的：帰宅困難者の受入れ環境の整備
補助対象者　：都内区市町村と帰宅困難者の受入協定を締結する民間一時滞在施設
補助対象経費：帰宅困難者用の備蓄品や電源機器等の購入に要する経費
負担割合　　：都5/6、事業者1/6",5,民間団体,"135,970 ",総務局総合防災部防災管理課,03-5388-2529,https://www.bousai.metro.tokyo.lg.jp/kitaku_portal/1000048/1006430/1007875/index.html
2026,03,総務局,17,その他,帰宅困難者対策,東京都一時滞在施設災害時拠点強靱化緊急促進事業に関する補助金,"補助金の目的：帰宅困難者の受入れ環境の整備
補助対象者　：都内区市町村と帰宅困難者の受入協定を締結する民間一時滞在施設
補助対象経費：帰宅困難者を受け入れるために付加的に必要となる、退避施設・防災備蓄倉庫等の整備に要する経費
負担割合　　：都1/3、国2/3",5,民間団体,"491,845 ",総務局総合防災部防災管理課,03-5388-2529,https://www.bousai.metro.tokyo.lg.jp/kitaku_portal/1000048/1006430/1007877/index.html
2026,03,総務局,17,その他,地域防災力の向上支援,出火防止対策に係る区市町村支援,"補助金の目的：感震ブレーカーの設置を進める区市町村に対して補助
補助対象者　：区市町村
補助対象経費：感震ブレーカー
負担割合：都1/2、区市町村1/2（補助基準額：取付を伴う一括遮断型8万円、取付不要な一括遮断型・特定機器遮断型7千円）",1,区市町村,"1,708,000 ",総務局総合防災部防災戦略課・調整担当,03-5320-7449,
2026,03,総務局,17,その他,地域防災力の向上支援,住宅事業者への感震ブレーカー購入費補助,"補助金の目的：感震ブレーカーを設置する住宅を新築、リフォーム工事する住宅事業者への補助
補助対象者　新築住宅又はリフォーム工事を実施する住宅事業者
補助対象経費：感震ブレーカー（分電盤型）
負担割合：　　都1/2、事業者1/2（補助上限額：3万円）",5,民間団体,"210,000 ",総務局総合防災部防災戦略課・調整担当,03-5320-7449,
2026,03,総務局,17,その他,燃料確保対策,指定給油所への非常用発電設備に係る点検等費用に対する補助,"補助金の目的：発災時においても給油所の機能維持を図るため、都指定給油所を対象に非常用発電設備の点検等に対して補助
補助対象者　：非常用発電設備を設置している都指定給油所
補助対象経費：専門業者による点検等に要した費用
負担割合：　　都10/10（補助上限額：30万円）",5,民間団体,"14,400 ",総務局総合防災部防災計画課・計画調整担当,03-5320-7892,
2026,03,総務局,17,その他,燃料確保対策,大規模災害時燃料供給用発電機整備費補助金,"補助金の目的：災害発生時において人命に関わる救出・救助活動等に必要な燃料を確実に供給するため
補助対象者　：都と協定を締結し、協定に基づく契約により燃料を備蓄している者
補助対象経費：発電機の整備に必要な購入費、設計費及び工事費
負担割合：（１）中小企業者については、指定給油所１か所当たり発電機１式を整備するために必要となる補助対象経費の10/10
（２）大企業については、指定給油所１か所当たり発電機１式を整備するために必要となる補助対象経費の２/３
ただし、指定給油所において備蓄するガソリン又は軽油の数量が、当該指定給油所の地下タンク容量の５％を超える場合は、当該指定給油所においては補助対象経費の10/10",5,民間団体,"12,500 ",総務局総合防災部防災計画課・計画調整担当,03-5320-7892,
2026,03,総務局,17,その他,東京防災プランの推進,避難者生活支援等に関する区市町村支援補助金,"補助金の目的：避難所の環境整備や、災害時に有効活用できるトイレの確保等について、区市町村に対する支援を実施
補助対象者　：区市町村
補助対象経費：簡易ベッド、屋内型仕切り・テント、災害用温水シャワー、ペット避難資機材、モバイルバッテリー等、可搬型Wi-Fi、非常用発電機、防災備蓄倉庫、空調設備、物資運搬補助器具、給水車、給水バッグ、携帯トイレ、マンホールトイレ、簡易トイレ、車両型トイレ、自己処理型トイレ、災害対応型常設トイレ、エレベーター用防災キャビネット、仮設トイレ、地域内輸送拠点資機材、消火器、家具転倒防止用器具
負担割合：都1/2、区市町村1/2等",1,区市町村,"3,907,483 ",総務局総合防災部防災計画課,03-5388-2454,
2026,03,総務局,07,教育,公立大学法人の管理運営,東京都公立大学法人運営費交付金,"補助金の目的：地方独立行政法人法に基づき、東京都公立大学法人に対し、設立団体である東京都から財源を措置
補助対象者　：東京都公立大学法人
補助対象経費：東京都公立大学法人が、地方独立行政法人法に基づき、法人が行う事業の財源に充てるための経費
負担割合　　：都10/10",7,その他団体,"29,512,173 ",総務局総務部企画計理課,03-5388-2289,https://www.soumu.metro.tokyo.lg.jp/08daigaku/kouhukin.html
2026,03,総務局,07,教育,公立大学法人の管理運営,東京都公立大学法人施設費補助金,"補助金の目的：東京都公立大学法人が行う施設・設備に要する経費を補助
補助対象者　：東京都公立大学法人
補助対象経費：施設整備費、災害復旧費、附帯事務費
負担割合　　：都10/10",7,その他団体,"4,926,703 ",総務局総務部企画計理課,03-5388-2289,https://www.soumu.metro.tokyo.lg.jp/08daigaku/houjin.html
2026,03,総務局,07,教育,公立大学法人の管理運営,高等学校等就学支援金,"補助金の目的：教育に係る経済的負担の軽減を図り、もって教育の機会均等に寄与
補助対象者　：東京都公立大学法人
補助対象経費：授業料
負担割合　　：国3/4、都1/4",7,その他団体,"232,958 ",総務局総務部企画計理課,03-5388-2289,https://www.mext.go.jp/a_menu/shotou/mushouka/1342674.htm
2026,03,総務局,07,教育,公立大学法人の管理運営,高等専門学校の奨学のための給付金,"補助金の目的：教育に係る経済的負担の軽減を図り、もって教育の機会均等に寄与
補助対象者　：生活保護受給世帯、都道府県民税所得割額及び区市町村民税所得割額が非課税の世帯及び中所得世帯（年収目安490万円未満）の保護者等
補助対象経費：授業料以外の教育に必要な経費（教材、学用品費等）
負担割合　　：国1/2、都1/2",6,一般都民,"12,794 ",総務局総務部企画計理課,03-5388-2289,https://www.soumu.metro.tokyo.lg.jp/08daigaku/kyuuhukin.html
2026,04,財務局,17,その他,公営企業会計支出金,中央卸売市場会計経費補給金,"補助金の目的：地方公営企業法に基づく繰出金
補助対象者　：中央卸売市場長
補助対象経費：一般行政経費
負担割合　　：経費により個別に定める",4,公営企業,"3,171,000 ",財務局主計部議案課,03-5388-2663,
2026,04,財務局,17,その他,公営企業会計支出金,都市再開発事業会計経費補給金,"補助金の目的：地方公営企業法に基づく繰出金
補助対象者　：都市整備局長
補助対象経費：児童手当負担金補助
負担割合　　：経費により個別に定める",4,公営企業,420 ,財務局主計部議案課,03-5388-2663,
2026,04,財務局,17,その他,公営企業会計支出金,臨海地域開発事業会計経費補給金,"補助金の目的：地方公営企業法に基づく繰出金
補助対象者　：港湾局長
補助対象経費：福祉インフラ整備事業負担金等
負担割合　　：経費により個別に定める",4,公営企業,"19,980 ",財務局主計部議案課,03-5388-2663,
2026,04,財務局,17,その他,公営企業会計支出金,港湾事業会計経費補給金,"補助金の目的：地方公営企業法に基づく繰出金
補助対象者　：港湾局長
補助対象経費：児童手当負担金補助
負担割合　　：経費により個別に定める",4,公営企業,600 ,財務局主計部議案課,03-5388-2663,
2026,04,財務局,17,その他,公営企業会計支出金,交通事業会計経費補給金,"補助金の目的：地方公営企業法に基づく繰出金
補助対象者　：交通局長
補助対象経費：軌道敷の維持、修繕及び改良並びに軌道の撤去に要する費用に対する補助
　　　　　　　　　 料金減免措置補てん金(70歳以上の老人、身体障害者等及び精神障害者に対する料金の減免措置実施による料金減収額相当の補てん)等
負担割合　　：経費により個別に定める",4,公営企業,"8,017,000 ",財務局主計部議案課,03-5388-2663,
2026,04,財務局,17,その他,公営企業会計支出金,高速電車事業会計経費補給金,"補助金の目的：地方公営企業法に基づく繰出金
補助対象者　：交通局長
補助対象経費：料金減免措置補てん金(70歳以上の老人、身体障害者等及び精神障害者に対する料金の減免措置実施による料金減収額相当の補てん)等
負担割合　　：経費により個別に定める",4,公営企業,"9,689,000 ",財務局主計部議案課,03-5388-2663,
2026,04,財務局,17,その他,公営企業会計支出金,電気事業会計経費補給金,"補助金の目的：地方公営企業法に基づく繰出金
補助対象者　：交通局長
補助対象経費：児童手当負担金補助等
負担割合　　：経費により個別に定める",4,公営企業,"3,000 ",財務局主計部議案課,03-5388-2663,
2026,04,財務局,17,その他,公営企業会計支出金,水道事業会計経費補給金,"補助金の目的：地方公営企業法に基づく繰出金
補助対象者　：水道局長
補助対象経費：料金特別措置補てん金(生活保護世帯等の料金減免額の補てん金)等
負担割合　　：経費により個別に定める",4,公営企業,"43,262,000 ",財務局主計部議案課,03-5388-2663,
2026,04,財務局,17,その他,公営企業会計支出金,下水道事業会計経費補給金,"補助金の目的：地方公営企業法に基づく繰出金
補助対象者　：下水道局長
補助対象経費：雨水処理に要する経費等
負担割合　　：経費により個別に定める",4,公営企業,"140,163,000 ",財務局主計部議案課,03-5388-2663,
2026,05,デジタルサービス局,17,その他,（一財）GovTech東京の運営等,GovTech東京補助金,"補助金の目的：区市町村を含めた東京全体のＤＸを効果的に進めるため
補助対象者　：一般財団法人GovTech東京
補助対象経費：（一財）GovTech東京の運営等に関する経費
負担割合　　：都10/10",3,政策連携団体,"4,469,785 ",デジタルサービス局総務部総務課,03-5388-2038,
2026,05,デジタルサービス局,17,その他,スマートシティの推進,地域を主体とするスマート東京先進事例創出事業,"補助金の目的：まちのスマート化に意欲的な地域の主体的な取組を加速させ、都内各地のスマート東京の展開・実装につなげていくこと
補助対象者　：区市町村と連携し、大学や地域に根差して地域課題の解決に取り組む企業等の連携体
補助対象経費：地域課題の探索・検討・設定等に要する経費、デジタルの力を活用した地域の課題解決に資する取組の実施に係る費用 等
負担割合　　：補助対象経費の２分の１以内の額又は補助限度額2000万円のいずれか低い額",5,民間団体,"40,000 ",デジタルサービス局デジタルサービス推進部デジタルサービス推進課,03-5320-7622,https://www.chiiki-smarttokyo.metro.tokyo.lg.jp/
2026,05,デジタルサービス局,17,その他,スマートシティの推進,地域課題解決型スマート東京普及促進事業,"補助金の目的：まちのスマート化に意欲的な地域の主体的な取組を加速させ、都内各地のスマート東京の展開・実装につなげていくこと
補助対象者　：区市町村と連携し、大学や地域に根差して地域課題の解決に取り組む企業等の連携体
補助対象経費：地域課題の探索・検討・設定等に要する経費、デジタルの力を活用した地域の課題解決に資する取組の実施に係る費用 等
負担割合　　：補助対象経費の２分の１以内の額又は補助限度額2000万円のいずれか低い額",5,民間団体,"120,000 ",デジタルサービス局デジタルサービス推進部デジタルサービス推進課,03-5320-7622,
2026,05,デジタルサービス局,02,高齢者,デジタル共生社会の実現,高齢者QOL向上のためのデジタル活用支援補助金,"補助金の目的：高齢者が身近な場所でスマートフォンに関する相談会や相談を通じた交流の場、スマートフォン教室に参加できるよう、区市町村による場の設置を後押しすることで、高齢者によるスマートフォンの活用支援とQOL向上を目指す。
補助対象者：区市町村
補助対象経費：スマートフォンに関する相談会やスマートフォンの相談を通した交流の場、スマートフォン教室の事業実施に係る経費
負担割合：都1/2、区市町村1/2",1,区市町村,"165,000 ",デジタルサービス局デジタルサービス推進部デジタルサービス推進課,03-5320-7622,
2026,05,デジタルサービス局,,,デジタル共生社会の実現,高齢者のデジタルデバイド解消に向けたスマートフォン活用支援事業,"補助金の目的：高齢者のデジタルデバイド解消のため、スマートフォン購入助成及び利用促進に向けた取組を行う区市町村に対する支援
補助対象者 ：区市町村
補助対象経費：スマートフォン購入助成及び利用促進に向けた取組に係る経費
負担割合 ：都10/10（高齢者人口に応じた補助上限額を設定）",1,区市町村,"1,055,000 ",デジタルサービス局デジタルサービス推進部デジタルサービス推進課,03-5320-7622,https://www.digitalservice.metro.tokyo.lg.jp/business/digital-divide//sumahojo
2026,05,デジタルサービス局,17,その他,つながる東京の推進,携帯基地局強靭化支援事業,"補助金の目的：災害発生時における携帯電話基地局の停波を回避するため、通信事業者に対して、基地局強靱化（①衛星通信アンテナの設置、②非常用電源の長時間化）を図るための整備に対し、財政支援
補助対象者　：通信事業者
補助対象経費：電源設備関係、衛星回線設備関係、その他設備関係、附帯工事費
負担割合　　：国3/4、都1/4（島しょ部の場合：国4/5、都1/5）",5,民間団体,"3,100,000 ",デジタルサービス局デジタルサービス推進部つながる東京推進課,03-5320-7622,https://www.digitalservice.metro.tokyo.lg.jp/tokyodatahighway/island_mobile.html
2026,05,デジタルサービス局,17,その他,つながる東京の推進,モバイル通信ネットワーク環境整備事業（携帯電話等エリア整備事業）,"補助金の目的：「携帯電話等エリア整備事業」に係る補助
補助対象者　：申請があった町村（檜原村、奥多摩町、島しょ地域）
補助対象経費：携帯電話の基地局施設等の整備を支援　　
負担割合：通信困難地域で通信事業者１社以上で整備する場合 国1/2、都1/2
通信困難地域で通信事業者２社以上で整備する場合：国2/3、都1/3
離島の通信困難地域で通信事業者１社以上で整備する場合：国3/5、都2/5
離島の通信困難地域で通信事業者２社以上で整備する場合：国3/4、都1/4
（町村につき100,000千円上限）",1,区市町村,"200,000 ",デジタルサービス局デジタルサービス推進部つながる東京推進課,03-5320-7622,https://www.digitalservice.metro.tokyo.lg.jp/tokyodatahighway/island_mobile.html
2026,05,デジタルサービス局,17,その他,つながる東京の推進,モバイル通信ネットワーク環境整備事業（計画策定支援）,"補助金の目的：通信困難地域解消に向けた計画策定支援
補助対象者　：申請があった町村（奥多摩町、檜原村、島しょ地域）
補助対象経費：携帯電話の基地局施設等の整備に向けた計画策定を支援
負担割合　　：都10/10　（町村につき30,000千円上限）　",1,区市町村,"30,000 ",デジタルサービス局デジタルサービス推進部つながる東京推進課,03-5320-7622,https://www.digitalservice.metro.tokyo.lg.jp/tokyodatahighway/island_mobile.html
2026,05,デジタルサービス局,17,その他,つながる東京の推進,OpenRoaming対応Wi-Fi整備事業補助金（切替）,"補助金の目的：区市町村施設に設置されているWi-FiのOpenRoaming化に対し整備費を補助
補助対象者　：申請があった区市町村
補助対象経費：OpenRoaming対応Wi-Fi機器等の購入費や切替に要した経費
負担割合　　：都1/2（整備施設１か所当たり2,000千円上限）",1,区市町村,"132,767 ",デジタルサービス局デジタルサービス推進部つながる東京推進課,03-5320-7622,https://www.digitalservice.metro.tokyo.lg.jp/business/tokyo-data-highway/openroaming-wifi
2026,05,デジタルサービス局,17,その他,つながる東京の推進,OpenRoaming対応Wi-Fi整備事業補助金（新設）,"補助金の目的：区市町村施設に新規設置するOpenRoaming対応Wi-Fiに対し整備費を補助
補助対象者　：申請があった区市町村
補助対象経費：OpenRoaming対応Wi-Fi機器等の購入費や新規設置に要した経費
負担割合　　：都1/2（整備施設１か所当たり3,000千円上限）
 (島しょ地域の町村は都3/4、整備施設１か所当たり6,750千円上限)",1,区市町村,"72,000 ",デジタルサービス局デジタルサービス推進部つながる東京推進課,03-5320-7622,https://www.digitalservice.metro.tokyo.lg.jp/business/tokyo-data-highway/openroaming-wifi
2026,05,デジタルサービス局,17,その他,つながる東京の推進,自動販売機を活用したOpenRoaming対応Wi-Fi整備補助事業補助金,"補助金の目的：災害時やインバウンドの対応における通信多重化を推進するため、自動販売機を活用したOpenRoaming対応Wi-Fiの整備費を補助
補助対象者　：自動販売機事業者、通信事業者
補助対象経費：OpenRoaming対応Wi-Fi機器等の購入費や新規設置に要した経費
負担割合　　：都1/2（１か所当たり500千円上限）",5,民間団体,"50,000 ",デジタルサービス局デジタルサービス推進部つながる東京推進課,03-5320-7622,https://www.digitalservice.metro.tokyo.lg.jp/business/tokyo-data-highway/vm-openroaming-wifi
2026,06,主税局,17,その他,主税局管理及び庁舎維持管理,納税貯蓄組合連合会補助金,"補助金の目的：東京都の税務行政の円滑な運営
補助対象者　：納税貯蓄組合連合会
補助対象経費：都税の納税推進及び普及、啓発等に要する経費
負担割合　　：都50/100、連合会50/100",5,民間団体,"18,900 ",主税局総務部総務課,03-5388-2924,https://www.tax.metro.tokyo.lg.jp/portal/hojokin.html
2026,06,主税局,17,その他,主税局管理及び庁舎維持管理,東京納税貯蓄組合総連合会補助金,"補助金の目的：東京都の税務行政の円滑な運営
補助対象者　：東京納税貯蓄組合総連合会
補助対象経費：都税の納税推進及び普及、啓発等に要する経費
負担割合　　：都80/100、総連合会20/100",5,民間団体,"28,850 ",主税局総務部総務課,03-5388-2924,https://www.tax.metro.tokyo.lg.jp/portal/hojokin.html
2026,07,生活文化局,08,生活文化・スポーツ,市民活動の促進,東京ボランティア・市民活動センター補助（国補助）,"補助金の目的：ボランティアやＮＰＯなどの幅広い市民活動の支援
補助対象者　：社会福祉法人東京都社会福祉協議会
補助対象経費：東京ボランティア・市民活動センターの運営に要する経費
負担割合　　：都1/2、国1/2（補助基準額を限度）",5,民間団体,"15,400 ",生活文化局都民生活部地域活動推進課,03-5388-3156,
2026,07,生活文化局,08,生活文化・スポーツ,市民活動の促進,東京ボランティア・市民活動センター補助（都加算）,"補助金の目的：ボランティアやＮＰＯなどの幅広い市民活動の支援活動の支援
補助対象者　：社会福祉法人東京都社会福祉協議会
補助対象経費：東京ボランティア・市民活動センターの運営に要する経費
負担割合　　：都10/10（補助基準額を限度）",5,民間団体,"204,892 ",生活文化局都民生活部地域活動推進課,03-5388-3156,
2026,07,生活文化局,08,生活文化・スポーツ,市民活動の促進,ボランティア文化の定着,"補助金の目的：東京都における地域の共助社会づくりを支援
補助対象者　：（公財）東京都つながり創生財団
補助対象経費：ボランティアレガシーネットワークの運営に要する経費
負担割合　　：都10/10",3,政策連携団体,"208,571 ",生活文化局都民生活部地域活動推進課,03-5388-3156,
2026,07,生活文化局,08,生活文化・スポーツ,多文化共生推進事業,災害時外国人支援ネットワーク化事業,"補助金の目的：東京都における多文化共生社会の実現を支援
補助対象者　：（公財）東京都つながり創生財団
補助対象経費：外国人防災に係る研修会などに要する経費
負担割合　　：都10/10",3,政策連携団体,"7,816 ",生活文化局都民生活部地域活動推進課,03-5320-7738,
2026,07,生活文化局,08,生活文化・スポーツ,多文化共生推進事業,多文化共生ネットワーク構築,"補助金の目的：東京都における多文化共生社会の実現を支援
補助対象者　：（公財）東京都つながり創生財団
補助対象経費：国際交流・国際協力等促進のための連絡調整及び普及啓発に要する経費
負担割合　　：都10/10",3,政策連携団体,"42,722 ",生活文化局都民生活部地域活動推進課,03-5320-7738,
2026,07,生活文化局,08,生活文化・スポーツ,多文化共生推進事業,外国人向け情報提供事業,"補助金の目的：東京都における多文化共生社会の実現を支援
補助対象者　：（公財）東京都つながり創生財団
補助対象経費：多文化共生ポータルサイトの運営などに要する経費
負担割合　　：都10/10",3,政策連携団体,"35,910 ",生活文化局都民生活部地域活動推進課,03-5320-7738,
2026,07,生活文化局,08,生活文化・スポーツ,多文化共生推進事業,多文化共生に資する人材育成事業,"補助金の目的：東京都における多文化共生社会の実現を支援
補助対象者　：（公財）東京都つながり創生財団
補助対象経費：多文化共生コーディネーター研修に要する経費
負担割合　　：都10/10",3,政策連携団体,"6,780 ",生活文化局都民生活部地域活動推進課,03-5320-7738,
2026,07,生活文化局,08,生活文化・スポーツ,多文化共生推進事業,多文化共生社会を担う次世代への人材育成事業,"補助金の目的：東京都における多文化共生社会の実現を支援
補助対象者　：（公財）東京都つながり創生財団
補助対象経費：中学生作文コンテスト・高校生の主張コンクール東京都大会に要する経費
負担割合　　：都10/10",3,政策連携団体,"5,000 ",生活文化局都民生活部地域活動推進課,03-5320-7738,
2026,07,生活文化局,08,生活文化・スポーツ,多文化共生推進事業,外国人相談事業,"補助金の目的：東京都における多文化共生社会の実現を支援
補助対象者　：（公財）東京都つながり創生財団
補助対象経費：東京都多言語相談ナビの運営などに要する経費
負担割合　　：①都1/2、国1/2、②都10/10",3,政策連携団体,"37,722 ",生活文化局都民生活部地域活動推進課,03-5320-7738,
2026,07,生活文化局,08,生活文化・スポーツ,多文化共生推進事業,「やさしい日本語」活用促進事業,"補助金の目的：東京都における多文化共生社会の実現を支援
補助対象者　：（公財）東京都つながり創生財団
補助対象経費：研修会等に要する経費
負担割合　　：都10/10",3,政策連携団体,"7,110 ",生活文化局都民生活部地域活動推進課,03-5320-7738,
2026,07,生活文化局,08,生活文化・スポーツ,多文化共生推進事業,地域日本語教育推進事業,"補助金の目的：東京都における多文化共生社会の実現を支援
補助対象者　：（公財）東京都つながり創生財団
補助対象経費：データベースの運営などに要する経費
負担割合　　：都10/10",3,政策連携団体,"33,633 ",生活文化局都民生活部地域活動推進課,03-5320-7738,
2026,07,生活文化局,08,生活文化・スポーツ,多文化共生推進事業,東京都地域日本語教育の総合的な体制づくり推進事業（区市町村）,"補助金の目的：東京都における地域日本語教育の総合的な体制づくりを推進
補助対象者　：区市町村
補助対象経費：都内で「生活者としての外国人」の日本語学習機会の確保を図ることを目的とした多文化共生に資する事業を実施する際に要する経費
負担割合　　：区市町村1/2、国1/2（日本語教育に関する専門性を備えた団体や支援者による初期段階の日本語教育が受けられる体制を整備していると認められる場合は、区市町村1/4、都1/4、国1/2）",1,区市町村,"30,000 ",生活文化局都民生活部地域活動推進課,03-5320-7738,
2026,07,生活文化局,08,生活文化・スポーツ,多文化共生推進事業,東京都地域日本語教育の総合的な体制づくり推進事業（民間団体）,"補助金の目的：東京都における地域日本語教育の総合的な体制づくりを推進
補助対象者　：区市町村と連携して多文化共生を推進している団体
補助対象経費：都内で「生活者としての外国人」の日本語学習機会の確保を図ることを目的とした多文化共生に資する事業を実施する際に要する経費
負担割合　　：国1/2、事業者1/2（日本語教育に関する専門性を備えた団体や支援者による初期段階の日本語教育が受けられる体制を整備していると認められる場合は、国1/2、都1/4、事業者1/4）",5,民間団体,"60,000 ",生活文化局都民生活部地域活動推進課,03-5320-7738,
2026,07,生活文化局,08,生活文化・スポーツ,多文化共生推進事業,デジタル技術を活用した外国人相談充実,"補助金の目的：東京都における多文化共生社会の実現を支援
補助対象者　：（公財）東京都つながり創生財団
補助対象経費：デジタル技術を活用した外国人相談の充実に要する経費
負担割合　　：都10/10",3,政策連携団体,"32,736 ",生活文化局都民生活部地域活動推進課,03-5320-7738,
2026,07,生活文化局,08,生活文化・スポーツ,多文化共生推進事業,日本語を母語としない子どもへの支援（スーパーバイザーチーム）,"補助金の目的：東京都における多文化共生社会の実現を支援
補助対象者　：（公財）東京都つながり創生財団
補助対象経費：日本語を母語としない子どもへの支援に要する経費
負担割合　　：都10/10",3,政策連携団体,"16,780 ",生活文化局都民生活部地域活動推進課,03-5320-7738,
2026,07,生活文化局,08,生活文化・スポーツ,多文化共生推進事業,多文化キッズコーディネーター設置支援補助金（区市町村）,"補助金の目的：日本語を母語としない子供等とその保護者の困りごとに寄り添い、適切な支援等につなぐ体制の実現を支援
補助対象者　：区市町村
補助対象経費：外国人や子供の支援、地域福祉に関する知識や経験を有する多文化キッズコーディネーターを配置する経費
負担割合　　：①都2/3、区市町村1/3②都1/2、区市町村1/2",1,区市町村,"7,563 ",生活文化局都民生活部地域活動推進課,03-5320-7738,
2026,07,生活文化局,08,生活文化・スポーツ,多文化共生推進事業,ウクライナからの避難者等に対する支援,"補助金の目的：東京都における多文化共生社会の実現を支援
補助対象者　：（公財）東京都つながり創生財団
補助対象経費：ウクライナからの避難者等に対する支援に要する経費
負担割合　　：都10/10",3,政策連携団体,"53,483 ",生活文化局都民生活部地域活動推進課,03-5320-7738,
2026,07,生活文化局,08,生活文化・スポーツ,多文化共生推進事業,つながり創生財団事業費人件費,"補助金の目的：東京都における多文化共生社会の実現を支援
補助対象者　：（公財）東京都つながり創生財団
補助対象経費：多文化共生社会づくりに関する事業の実施に係る職員人件費などに要する経費
負担割合　　：都10/10",3,政策連携団体,"166,616 ",生活文化局都民生活部地域活動推進課,03-5320-7738,
2026,07,生活文化局,08,生活文化・スポーツ,多文化共生推進事業,秩序ある多文化共生社会実現に向けた情報発信強化,"補助金の目的：東京都における多文化共生社会の実現を支援
補助対象者　：（公財）東京都つながり創生財団
補助対象経費：多文化共生ポータルサイトの利便性向上に要する経費
負担割合　　：都10/10",3,政策連携団体,"10,000 ",生活文化局都民生活部地域活動推進課,03-5320-7738,
2026,07,生活文化局,08,生活文化・スポーツ,多文化共生推進事業,東京都在住外国人支援事業助成,"補助金の目的：東京で暮らす外国人が日本人と共に活躍できる都市・東京の実現を支援
補助対象者　：公益法人､特定非営利活動法人又はその他の非営利団体など(その他要件有)
補助対象経費：①コミュニケーション支援 ②生活支援 ③多文化共生の意識啓発事業④在住外国人の活躍促進事業⑤地域の多文化共生の共助・協働・共創事業
負担割合　　：都1/2、事業者1/2",5,民間団体,"40,000 ",生活文化局都民生活部地域活動推進課,03-5320-7738,https://www.seikatubunka.metro.tokyo.lg.jp/chiiki_tabunka/tabunka/tabunkasuishin/0000008888.html
2026,07,生活文化局,08,生活文化・スポーツ,男女平等参画施策,東京都配偶者暴力被害者等セーフティネット強化支援交付金（民間団体）,"補助金の目的：都内における行政と民間が連携した配偶者暴力被害者等支援の充実
補助対象者　：民間シェルター等
補助対象経費：①受入体制整備 ②専門的・個別的支援 ③切れ目ない総合的支援事業④加害者プログラム事業
負担割合　　：都1/4、国3/4",5,民間団体,"50,400 ",生活文化局都民生活部男女平等参画課,03-5388-3189,https://www.seikatubunka.metro.tokyo.lg.jp/danjo/dv/0000001846
2026,07,生活文化局,08,生活文化・スポーツ,男女平等参画施策,東京都配偶者暴力被害者等セーフティネット強化支援交付金（区市町村）,"補助金の目的：都内における行政と民間が連携した配偶者暴力被害者等支援の充実
補助対象者　：区市町村
補助対象経費：①受入体制整備 ②専門的・個別的支援 ③切れ目ない総合的支援事業 ④加害者プログラム事業
負担割合　　：都1/4、国3/4",1,区市町村,"1,000 ",生活文化局都民生活部男女平等参画課,03-5388-3189,https://www.seikatubunka.metro.tokyo.lg.jp/danjo/dv/0000001846
2026,07,生活文化局,08,生活文化・スポーツ,男女平等参画施策,東京ウィメンズプラザﾞDV防止等民間活動助成事業助成金,"補助金の目的：東京における配偶者暴力（ＤＶ）の防止等に関する民間の自主的な活動を支援
補助対象者　：公益法人、特定非営利活動法人又はその他の非営利団体など（その他要件有）
補助対象経費： 被害者支援事業、団体間の連携事業
負担割合　　：都10/10",5,民間団体,"42,000 ",生活文化局都民生活部東京ウィメンズプラザ,03-5467-1718,https://www.twp.metro.tokyo.lg.jp/aid/tabid/72/Default.aspx
2026,07,生活文化局,08,生活文化・スポーツ,「地域力」向上に向けた取組,地域の底力発展事業助成金,"補助金の目的：地域の課題を解決するための取組を推進
補助対象者　：東京都内に所在する町会・自治会
補助対象経費：地域の課題解決の取組など
負担割合　　：都10/10、又は、都1/2、町会・自治会1/2",5,民間団体,"350,000 ",生活文化局都民生活部地域活動推進課,03-5388-3166,https://www.seikatubunka.metro.tokyo.lg.jp/chiiki_tabunka/chiiki_katsudo/chiikiryoku/0000000966.html
2026,07,生活文化局,08,生活文化・スポーツ,町会・自治会デジタル化推進助成,町会・自治会デジタル化推進助成,"補助金の目的：町会・自治会運営のデジタル化促進
補助対象者　：東京都内に所在する町会・自治会
補助対象経費：電子回覧板アプリ利用料及び会費徴収におけるQRコード決済手数料等
負担割合　　：都10/10",5,民間団体,"41,642 ",生活文化局都民生活部地域活動推進課,03-5388-3166,
2026,07,生活文化局,08,生活文化・スポーツ,町会マンション みんなで防災訓練　資機材の補助,町会マンション みんなで防災訓練　資機材助成,"補助金の目的：町会・自治会とマンションのつながり構築・強化
補助対象者　：東京都内に所在する町会・自治会
補助対象経費：合同防災訓練実施時に使用する防災資機材の購入に要する経費
負担割合　　：都10/10",5,民間団体,"18,000 ",生活文化局都民生活部地域活動推進課,03-5388-3166,
2026,07,生活文化局,08,生活文化・スポーツ,町会・自治会防災備蓄倉庫設置等助成,町会・自治会防災備蓄倉庫設置等助成,"補助金の目的：備蓄環境の整備を促進し。災害時に共助の力が発揮できるよう支援
補助対象者　：東京都内に所在する町会・自治会
補助対象経費：防災用備蓄倉庫の購入及び修繕にかかる費用
負担割合　　：都10/10",5,民間団体,"140,000 ",生活文化局都民生活部地域活動推進課,03-5388-3166,
2026,07,生活文化局,08,生活文化・スポーツ,「地域力」向上に向けた取組,地域コミュニティの支援,"補助金の目的：東京都における地域の共助社会づくりを支援
補助対象者　：（公財）東京都つながり創生財団
補助対象経費：地域コミュニティ活性化事業のパイロット事業などに要する経費
負担割合　　：都10/10",3,政策連携団体,"202,502 ",生活文化局都民生活部地域活動推進課,03-5388-3185,
2026,07,生活文化局,08,生活文化・スポーツ,（公財)東京都つながり創生財団助成,運営費補助,"補助金の目的：（公財）東京都つながり創生財団の運営費を支援
補助対象者　：（公財）東京都つながり創生財団
補助対象経費：（公財）東京都つながり創生財団の管理運営に要する経費
負担割合　　：都10/10",3,政策連携団体,"366,790 ",生活文化局都民生活部管理法人課,03-5388-3164,
2026,07,生活文化局,08,生活文化・スポーツ,企画調整,エシカル消費普及啓発推進事業助成金,"補助金の目的：エシカル消費の普及啓発に関する民間団体の取組を支援
補助対象者：TOKYOエシカルのパートナーである民間団体
補助対象経費：TOKYOエシカルのパートナーである民間団体が行うエシカル消費の普及啓発活動に要する経費の一部
負担割合：都1/2　民間団体1/2",5,民間団体,"7,500 ",生活文化局消費生活部企画調整課,03-5388-3069,https://www.shouhiseikatu.metro.tokyo.lg.jp/manabitai/ethical/jyosei.html
2026,07,生活文化局,08,生活文化・スポーツ,安全対策(危害防止）,安全な商品の認証制度,"補助金の目的：子供の安全に配慮した商品等の顕彰に係る審査料を補助することで地域社会における消費者問題解決力の強化に資する
補助対象者　：特定非営利活動法人キッズデザイン協議会
補助対象経費：補助事業の実施に当たり協議会が都内の中小企業に対し減免した審査料
負担割合　　：都10/10",5,民間団体,"1,815 ",生活文化局消費生活部生活安全課,03-5380-3055,https://www.shouhiseikatu.metro.tokyo.lg.jp/anzen/safetygoods/
2026,07,生活文化局,08,生活文化・スポーツ,生活協同組合育成指導,生活協同組合の育成指導,"補助金の目的：都内の消費生活協同組合の健全な発展を図る
補助対象者　：東京都生活協同組合連合会
補助対象経費：都内の消費生活協同組合に対する指導、調査及び教育事業に要する経費
負担割合　　：都1/2（予算額上限）　事業者1/2",5,民間団体,"5,469 ",生活文化局消費生活部取引指導課,03-5388-3060,https://www.shouhiseikatu.metro.tokyo.lg.jp/chousa/seikyo/
2026,07,生活文化局,08,生活文化・スポーツ,公衆浴場対策事業,下水道料金補助,"補助金の目的：入浴料金と浴場経営の安定を図る
補助対象者　：東京都下水道局
補助対象経費：公衆浴場営業用下水道料金
負担割合　　：使用量に応じて一部補てん",4,公営企業,"97,858 ",生活文化局消費生活部生活安全課,03-5388-3058,https://www.waterworks.metro.tokyo.lg.jp/reiki_int/reiki_honbun/g171RG00001879.html
2026,07,生活文化局,08,生活文化・スポーツ,公衆浴場対策事業,公衆浴場利用促進事業補助,"補助金の目的：公衆浴場利用者の増加を図り、経営を安定化させ、都民の浴場利用機会を確保
補助対象者　：東京都公衆浴場業生活衛生同業組合又は普通公衆浴場
補助対象経費：浴場組合又は普通公衆浴場が行う公衆浴場利用促進事業
負担割合　　：都2/3　組合1/3（一部事業は都10/10）",5,民間団体,"182,247 ",生活文化局消費生活部生活安全課,03-5388-3058,https://www.shouhiseikatu.metro.tokyo.jp/chousa/yokujyo/taisaku.html
2026,07,生活文化局,08,生活文化・スポーツ,公衆浴場対策事業,公衆浴場後継者支援事業補助,"補助金の目的：公衆浴場の後継者確保
補助対象者　：普通公衆浴場
補助対象経費：公衆浴場の後継者が、公衆浴場所有者から店舗を賃借して運営する際の経費等
負担割合　　：都2/3　公衆浴場の後継者等1/3",5,民間団体,"56,550 ",生活文化局消費生活部生活安全課,03-5388-3058,
2026,07,生活文化局,08,生活文化・スポーツ,公衆浴場対策事業,経営支援機能強化事業,"補助金の目的：公衆浴場の経営状況の改善と後継者確保
補助対象者　：東京都公衆浴場業生活衛生同業組合
補助対象経費：公衆浴場の経営改善のため、コンサルティング事業者を活用した経営相談体制の整備及び承継マッチング事業にかかる経費等
負担割合　　：都10/10",5,民間団体,"26,686 ",生活文化局消費生活部生活安全課,03-5388-3058,
2026,07,生活文化局,08,生活文化・スポーツ,公衆浴場対策事業,確保浴場融資利差補助,"補助金の目的：確保浴場に対する融資を促進し、浴場経営の安定と浴場施設の存続を図る
補助対象者　：東浴信用組合
補助対象経費：東浴信用組合に対し日本政策金融公庫の貸付利率との利差分
負担割合　　：都10/10",5,民間団体,"6,890 ",生活文化局消費生活部生活安全課,03-5388-3058,https://www.shouhiseikatu.metro.tokyo.jp/chousa/yokujyo/taisaku.html
2026,07,生活文化局,08,生活文化・スポーツ,公衆浴場対策事業,健康増進型公衆浴場改築支援事業,"補助金の目的：公衆浴場施設を有効活用した都民の福祉の向上を図り、都民の入浴機会を確保
補助対象者　：普通公衆浴場
補助対象経費：要綱に定める施設・設備の改築又は改修に要する費用の一部
負担割合　　：都2/3　事業者1/3　等",5,民間団体,"626,000 ",生活文化局消費生活部生活安全課,03-5388-3058,https://www.shouhiseikatu.metro.tokyo.jp/chousa/yokujyo/taisaku.html
2026,07,生活文化局,08,生活文化・スポーツ,公衆浴場対策事業,公衆浴場クリーンエネルギー化等推進事業,"補助金の目的：省エネ等を促進するとともに、都内公衆浴場の経営の安定を図る
補助対象者　：普通公衆浴場
補助対象経費：LED照明器具・コージェネレーション設備・太陽光発電システムの設置又は更新、高効率空調機設置、クリーンエネルギー化（使用燃料を重油、廃油、雑燃及びこれらの併用から都市ガス又は太陽光発電若しくはヒートポンプに転換）、既設ガス燃料設備の更新に要する経費の一部
負担割合　　：都2/3　事業者1/3",5,民間団体,"118,541 ",生活文化局消費生活部生活安全課,03-5388-3058,https://www.shouhiseikatu.metro.tokyo.jp/chousa/yokujyo/taisaku.html
2026,07,生活文化局,08,生活文化・スポーツ,公衆浴場対策事業,公衆浴場耐震化促進支援事業,"補助金の目的：都内公衆浴場における耐震補強工事を促進し、浴場利用者の安全・安心を確保
補助対象者　：普通公衆浴場
補助対象経費：耐震補強工事及び耐震診断に要する経費の一部
負担割合　　：都4/5　事業者1/5　等",5,民間団体,"126,702 ",生活文化局消費生活部生活安全課,03-5388-3058,https://www.shouhiseikatu.metro.tokyo.jp/chousa/yokujyo/taisaku.html
2026,07,生活文化局,08,生活文化・スポーツ,公衆浴場対策事業,公衆浴場改善資金利子補助（改築資金利子補助）,"補助金の目的：浴場施設の改善、経営の安定及び施設の存続を図る
補助対象者　：普通公衆浴場
補助対象経費：特定金融機関から公衆浴場改築資金を借り受けた場合の利子の一部
負担割合　　：最低本人負担（確保浴場）0.5%　（その他）1.0%　　",5,民間団体,"9,161 ",生活文化局消費生活部生活安全課,03-5388-3058,https://www.shouhiseikatu.metro.tokyo.jp/chousa/yokujyo/taisaku.html
2026,07,生活文化局,08,生活文化・スポーツ,公衆浴場対策事業,公衆浴場改善資金利子補助（修繕資金利子補助）,"補助金の目的：浴場施設の改善、経営の安定及び施設の存続を図る
補助対象者　：普通公衆浴場
補助対象経費：特定金融機関から公衆浴場修繕資金を借り受けた場合の利子の一部
負担割合　　：最低本人負担（確保浴場）0.5%　（その他）1.0%　　",5,民間団体,"3,405 ",生活文化局消費生活部生活安全課,03-5388-3058,https://www.shouhiseikatu.metro.tokyo.jp/chousa/yokujyo/taisaku.html
2026,07,生活文化局,08,生活文化・スポーツ,公衆浴場対策事業,公衆浴場改善資金利子補助（施設存続資金利子補助）,"補助金の目的：浴場施設の改善、経営の安定及び施設の存続を図る
補助対象者　：普通公衆浴場
補助対象経費：特定金融機関から公衆浴場用地の買取資金等を借り受けた場合の利子の一部
負担割合　　：最低本人負担1.0%　　",5,民間団体,"4,267 ",生活文化局消費生活部生活安全課,03-5388-3058,https://www.shouhiseikatu.metro.tokyo.jp/chousa/yokujyo/taisaku.html
2026,07,生活文化局,08,生活文化・スポーツ,東京都消費者行政活性化事業,区市町村への助成（強化交付金　推進事業）,"補助金の目的：消費者の安全で安心な消費生活の実現及び地域の活性化
補助対象者　：区市町村
補助対象経費：地方消費者行政推進事業
負担割合　　：国 10/10",1,区市町村,"24,264 ",生活文化局消費生活部企画調整課,03-5388-3069,
2026,07,生活文化局,08,生活文化・スポーツ,東京都消費者行政活性化事業,区市町村への助成（強化交付金　強化事業）,"補助金の目的：消費者の安全で安心な消費生活の実現及び地域の活性化
補助対象者　：区市町村
補助対象経費：地方消費者行政強化事業
負担割合　　：国 1/2、市町村 1/2",1,区市町村,"88,999 ",生活文化局消費生活部企画調整課,03-5388-3069,
2026,07,生活文化局,08,生活文化・スポーツ,計量改善指導,計量記念日事業分担金,"補助金の目的：経済産業省が定める計量記念日に実施する普及啓発行事共同開催の応分負担
補助対象者　：都民計量のひろば実行委員会
補助対象経費：会場費、会場設営費、機材運搬費、機材借用費などに要す経費
負担割合　　：都1/2　実行委員会1/2",7,その他団体,687 ,東京都計量検定所管理指導課,03-5617-6643,
2026,07,生活文化局,08,生活文化・スポーツ,文化振興施策の企画調整,東京都歴史文化財団への地域の文化・芸術活動助成金,"補助金の目的：企画制作能力の向上や都立文化施設の利活用の推進を図るため
補助対象者　：一般財団法人地域創造が地域の文化・芸術活動助成事業助成要綱に基づいて行う助成事業
補助対象経費：地域創造による助成要綱に定める
負担割合　　：地域創造による助成要綱に基づき一般財団法人地域創造が承認した額を上限",3,政策連携団体,"25,000 ",生活文化局文化振興部企画調整課,03-5388-3132,https://www.jafra.or.jp/
2026,07,生活文化局,08,生活文化・スポーツ,文化振興施策の企画調整,公益財団法人東京都交響楽団事務所等移転事業補助金,"補助金の目的：東京都における音楽芸術の振興と普及を図るとともに、青少年に対する音楽芸術への理解を促進すること
補助対象者　：公益財団法人 東京都交響楽団
補助対象経費：文化会館の改修に伴い発生する業務に係る 経費等
負担割合　　：１０分の１０",3,政策連携団体,"79,500 ",生活文化局文化振興部企画調整課,03-5388-3132,
2026,07,生活文化局,08,生活文化・スポーツ,文化事業の推進,公益財団法人 東京都歴史文化財団 財団本部 アーツカウンシル東京の事業に係る補助金（助成金事務費）,"補助金の目的：アーツカウンシル東京事業に要する経費の補助を行うこと
補助対象者　：公益財団法人東京都歴史文化財団
補助対象経費：事業費及び管理費、固定資産及び特定資産の取得
負担割合　　：都10/10",3,政策連携団体,"222,950 ",生活文化局文化振興部企画調整課,03-5388-3132,
2026,07,生活文化局,08,生活文化・スポーツ,文化事業の推進,隅田川花火大会助成,"補助金の目的：隅田川花火大会実行委員会が開催する花火大会事業に係る経費の一部を補助することにより大会事業の運営を円滑に行うため
補助対象者　：台東区、墨田区、江東区、中央区及び荒川区の５区の住民代表を主体として組織される隅田川花火大会実行委員会
補助対象経費：花火の購入費、打上船借上費及び警備施設費、専門警備員の雇上げに要する経費
負担割合　　：１０分の１０",7,その他団体,"97,612 ",生活文化局文化振興部企画調整課,03-5388-3132,
2026,07,生活文化局,08,生活文化・スポーツ,文化事業の推進,地区花火大会助成,"補助金の目的：花火大会事業の円滑な運営及び東京における伝統文化の振興を図るため
補助対象者　：花火大会事業を主催する区市町村及びその補助を受けて大会事業を主催する地元住民等
補助対象経費：花火購入費、花火打上費
負担割合　　：地区花火大会事業補助金交付委員会の意見を聴いて決定",7,その他団体,"18,200 ",生活文化局文化振興部企画調整課,03-5388-3132,
2026,07,生活文化局,08,生活文化・スポーツ,東京都歴史文化財団運営費補助,東京都歴史文化財団への運営費補助等,"補助金の目的：東京都における芸術文化の振興並びに都市の歴史及び文化の継承とその発展を図り、創造性に満ち、潤いのある地域社会づくりに寄与すること
補助対象者　：公益財団法人東京都歴史文化財団
補助対象経費：事業費及び管理費、固定資産及び特定資産の取得
負担割合　　：１０分の１０",3,政策連携団体,"750,445 ",生活文化局文化振興部企画調整課,03-5388-3132,
2026,07,生活文化局,08,生活文化・スポーツ,(公財)東京都交響楽団への運営費補助等,（公財）東京都交響楽団への運営費補助等,"補助金の目的：東京都における音楽芸術の振興と普及を図るとともに、青少年に対する音楽芸術への理解を促進すること
補助対象者　：公益財団法人 東京都交響楽団
補助対象経費：役員及び役員会等の運営に係る経費並びに楽団の一般管理に 係る 経費等
負担割合　　：１０分の１０",3,政策連携団体,"1,023,000 ",生活文化局文化振興部企画調整課,03-5388-3132,
2026,07,生活文化局,08,生活文化・スポーツ,アーツカウンシル等による文化の創造・発信,公益財団法人 東京都歴史文化財団 財団本部 アーツカウンシル東京の事業に係る補助金,"補助金の目的：アーツカウンシル東京事業に要する経費の補助を行うこと
補助対象者　：公益財団法人東京都歴史文化財団
補助対象経費：事業費及び管理費、固定資産及び特定資産の取得
負担割合　　：都10/10",3,政策連携団体,"1,460,969 ",生活文化局文化振興部企画調整課,03-5388-3132,
2026,07,生活文化局,08,生活文化・スポーツ,アーツカウンシル等による文化の創造・発信,芸術文化創造・発信事業等（アーツアカデミー）,"補助金の目的：アーツカウンシル東京事業に要する経費の補助を行うこと
補助対象者　：公益財団法人東京都歴史文化財団
補助対象経費：事業費及び管理費、固定資産及び特定資産の取得
負担割合　　：都10/10",3,政策連携団体,"19,351 ",生活文化局文化振興部企画調整課,03-5388-3132,https://www.artscouncil-tokyo.jp/ja/
2026,07,生活文化局,08,生活文化・スポーツ,アーツカウンシル等による文化の創造・発信,芸術文化創造・発信事業等（アーツカウンシルフォーラム）,"補助金の目的：アーツカウンシル東京事業に要する経費の補助を行うこと
補助対象者　：公益財団法人東京都歴史文化財団
補助対象経費：事業費及び管理費、固定資産及び特定資産の取得
負担割合　　：都10/10",3,政策連携団体,"5,000 ",生活文化局文化振興部企画調整課,03-5388-3132,https://www.artscouncil-tokyo.jp/ja/
2026,07,生活文化局,08,生活文化・スポーツ,アーツカウンシル等による文化の創造・発信,芸術文化創造・発信事業等（企画戦略）,"補助金の目的：アーツカウンシル東京事業に要する経費の補助を行うこと
補助対象者　：公益財団法人東京都歴史文化財団
補助対象経費：事業費及び管理費、固定資産及び特定資産の取得
負担割合　　：都10/10",3,政策連携団体,"23,629 ",生活文化局文化振興部企画調整課,03-5388-3132,https://www.artscouncil-tokyo.jp/ja/
2026,07,生活文化局,08,生活文化・スポーツ,アーツカウンシル等による文化の創造・発信,芸術文化創造・発信事業等（Shibuya Street Dance Week）,"補助金の目的：アーツカウンシル東京事業に要する経費の補助を行うこと
補助対象者　：公益財団法人東京都歴史文化財団
補助対象経費：事業費及び管理費、固定資産及び特定資産の取得
負担割合　　：都10/10",3,政策連携団体,"29,200 ",生活文化局文化振興部企画調整課,03-5388-3132,https://www.artscouncil-tokyo.jp/ja/
2026,07,生活文化局,08,生活文化・スポーツ,アーツカウンシル等による文化の創造・発信,芸術文化創造・発信事業等 （伝統文化体験）,"補助金の目的：アーツカウンシル東京事業に要する経費の補助を行うこと
補助対象者　：公益財団法人東京都歴史文化財団
補助対象経費：事業費及び管理費、固定資産及び特定資産の取得
負担割合　　：都10/10",3,政策連携団体,"293,362 ",生活文化局文化振興部企画調整課,03-5388-3132,https://www.artscouncil-tokyo.jp/ja/
2026,07,生活文化局,07,教育,私立学校管理,私立幼稚園新規採用教員研修事業,"補助金の目的：私立幼稚園の新規採用教員に対する研修を民間団体との共催で実施
補助対象者　：民間団体
補助対象経費：研修実施に要する経費の一部
負担割合　　：都10/10",5,民間団体,"12,520 ",生活文化局私学部私学行政課,03-5388-3193,https://www.seikatubunka.metro.tokyo.lg.jp/shigaku/
2026,07,生活文化局,07,教育,私立学校管理,在外教育施設派遣教員委託事業,"補助金の目的：海外子女教育の推進及び教育の国際化の進展に寄与
補助対象者　：私立学校
補助対象経費：在外教育施設への教員派遣に要する経費の一部
負担割合　　：国10/10",5,民間団体,"20,700 ",生活文化局私学部私学行政課,03-5388-3194,https://www.seikatubunka.metro.tokyo.lg.jp/shigaku/
2026,07,生活文化局,07,教育,私立学校管理,私立専修学校第三者評価促進事業,"補助金の目的：私立専修学校が第三者評価を受審できる環境を整備
補助対象者　：民間団体
補助対象経費：研修実施等に要する経費の一部
負担割合　　：都1/2、事業者1/2",5,民間団体,"7,013 ",生活文化局私学部私学行政課,03-5388-3194,https://www.seikatubunka.metro.tokyo.lg.jp/shigaku/
2026,07,生活文化局,07,教育,私立学校管理,東京都フリースクール等利用者支援事業助成金,"補助金の目的：フリースクール等の利用者の経済的負担の軽減
補助対象者：都内在住の不登校の小・中学生の保護者
※ このほか、都が定める要件を満たしている必要あり
補助対象経費：フリースクール等の利用料 
※入会金・施設維持費・教材費などの経費は対象外
負担割合：都10/10 （月額上限2万円）",6,一般都民,"1,220,000 ",生活文化局私学部連携支援課,03-5388-3153,https://tokyo-fs-support.metro.tokyo.lg.jp/
2026,07,生活文化局,07,教育,私立学校管理,東京都フリースクール等支援事業補助金,"補助金の目的：都内フリースクール等の活動支援
補助対象者：①不登校の児童生徒（小・中学生）に対する支援を主たる目的とした事業を実施している通所型施設②通所する子供一人ひとりについて「サポートプラン」の作成等を行うこと※このほか、都が定める要件を満たしている必要あり
補助対象経費：①サポートプランの作成等にかかる人件費　②施設の安全対策、子供の体験活動、スタッフの資質向上等の経費
負担割合：
①サポートプランの作成等にかかる人件費　都3/4、事業者1/4 　※小規模施設の場合は特例措置あり
②施設の安全対策、子供の体験活動、スタッフの資質向上等の経費　都1/2、事業者1/2",5,民間団体,"405,000 ",生活文化局私学部連携支援課,03-5388-3154,https://shien-fs-tokyo.metro.tokyo.lg.jp/
2026,07,生活文化局,07,教育,私立学校教育助成事業,私立高等学校経常費補助,"補助金の目的：私立学校の教育条件の維持向上・保護者の経済的負担の軽減・学校経営の健全化
補助対象者　：私立高等学校
補助対象経費：標準的運営費の一部
負担割合　　：都1/2、事業者1/2",5,民間団体,"76,638,156 ",生活文化局私学部私学振興課,03-5388-3182,https://www.seikatubunka.metro.tokyo.lg.jp/shigaku/jyosei/0000000050.html
2026,07,生活文化局,07,教育,私立学校教育助成事業,私立中学校経常費補助,"補助金の目的：私立学校の教育条件の維持向上・保護者の経済的負担の軽減・学校経営の健全化
補助対象者　：私立中学校
補助対象経費：標準的運営費の一部
負担割合　　：都1/2、事業者1/2",5,民間団体,"34,397,748 ",生活文化局私学部私学振興課,03-5388-3182,https://www.seikatubunka.metro.tokyo.lg.jp/shigaku/jyosei/0000000050.html
2026,07,生活文化局,07,教育,私立学校教育助成事業,私立小学校経常費補助,"補助金の目的：私立学校の教育条件の維持向上・保護者の経済的負担の軽減・学校経営の健全化
補助対象者　：私立小学校
補助対象経費：標準的運営費の一部
負担割合　　：都1/2、事業者1/2",5,民間団体,"8,883,011 ",生活文化局私学部私学振興課,03-5388-3182,https://www.seikatubunka.metro.tokyo.lg.jp/shigaku/jyosei/0000000050.html
2026,07,生活文化局,07,教育,私立学校教育助成事業,私立幼稚園経常費補助,"補助金の目的：私立学校の教育条件の維持向上・保護者の経済的負担の軽減・学校経営の健全化
補助対象者　：私立幼稚園
補助対象経費：標準的運営費の一部
負担割合　　：都1/2、事業者1/2",5,民間団体,"17,460,734 ",生活文化局私学部私学振興課,03-5388-3182,https://www.seikatubunka.metro.tokyo.lg.jp/shigaku/jyosei/0000000050.html
2026,07,生活文化局,07,教育,私立学校教育助成事業,私立特別支援学校等経常費補助（幼稚園　国基準）,"補助金の目的：私立学校の教育条件の維持向上・保護者の経済的負担の軽減・学校経営の健全化
補助対象者　：私立幼稚園等
補助対象経費：標準的運営費の一部
負担割合　　：国10/10",5,民間団体,"1,034,488 ",生活文化局私学部私学振興課,03-5388-3182,https://www.seikatubunka.metro.tokyo.lg.jp/shigaku/jyosei/0000000050.html
2026,07,生活文化局,07,教育,私立学校教育助成事業,私立特別支援学校等経常費補助（幼稚園　都加算）,"補助金の目的：私立学校の教育条件の維持向上・保護者の経済的負担の軽減・学校経営の健全化
補助対象者　：私立幼稚園等
補助対象経費：標準的運営費の一部
負担割合　　：都10/10",5,民間団体,"1,111,320 ",生活文化局私学部私学振興課,03-5388-3182,https://www.seikatubunka.metro.tokyo.lg.jp/shigaku/jyosei/0000000050.html
2026,07,生活文化局,07,教育,私立学校教育助成事業,私立特別支援学校等経常費補助（特別支援）,"補助金の目的：私立学校の教育条件の維持向上・保護者の経済的負担の軽減・学校経営の健全化
補助対象者　：私立特別支援学校、特別支援学級を置く小学校・中学校
補助対象経費：①標準的運営費の一部、②特別支援教育に関する特色ある取組等に要する経費の一部
負担割合　　：①国1/2、都1/2、②都10/10",5,民間団体,"588,105 ",生活文化局私学部私学振興課,03-5388-3182,https://www.seikatubunka.metro.tokyo.lg.jp/shigaku/jyosei/0000000050.html
2026,07,生活文化局,07,教育,私立学校教育助成事業,私立通信制高等学校経常費補助（広域）都加算,"補助金の目的：私立学校の教育条件の維持向上・保護者の経済的負担の軽減・学校経営の健全化
補助対象者　：通信制の課程を置く私立高等学校
補助対象経費：標準的運営費の一部
負担割合　　：都10/10",5,民間団体,"155,850 ",生活文化局私学部私学振興課,03-5388-3182,https://www.seikatubunka.metro.tokyo.lg.jp/shigaku/jyosei/0000000050.html
2026,07,生活文化局,07,教育,私立学校教育助成事業,私立高等学校定時制及び通信教育振興奨励費補助,"補助金の目的：生徒の修学条件の改善
補助対象者　：定時制課程又は通信制課程を置く私立高等学校
補助対象経費：勤労生徒への教科書及び学習書給与事業に要する経費の一部
負担割合　　：都1/2、事業者1/2",5,民間団体,"1,968 ",生活文化局私学部私学振興課,03-5388-3083,https://www.seikatubunka.metro.tokyo.lg.jp/shigaku/hogosha/0000000058.html
2026,07,生活文化局,07,教育,私立学校教育助成事業,私立高等学校等特別奨学金補助,"補助金の目的：保護者の経済的負担の軽減
補助対象者　：(公財)東京都私学財団を通じて、都内に居住し、私立高等学校等に在学する生徒の保護者に補助
補助対象経費：授業料の一部（所得制限なし）
負担割合　　：都10/10",5,民間団体,"8,015,067 ",生活文化局私学部私学振興課,03-5388-3181,https://www.seikatubunka.metro.tokyo.lg.jp/shigaku/hogosha/0000000055.html
2026,07,生活文化局,07,教育,私立学校教育助成事業,私立高等学校等奨学給付金事業費補助（奨学給付金）,"補助金の目的：保護者の経済的負担の軽減
補助対象者　：(公財)東京都私学財団を通じて、都内に居住し、私立高等学校等に在学する生徒の保護者に補助
補助対象経費：授業料以外の教育費の一部（所得制限等あり）
負担割合　　：国1/2、都1/2",5,民間団体,"2,059,799 ",生活文化局私学部私学振興課,03-5388-3181,https://www.seikatubunka.metro.tokyo.lg.jp/shigaku/hogosha/seido/highschool/0000000056
2026,07,生活文化局,07,教育,私立学校教育助成事業,私立高等学校等奨学給付金事業費補助（学び直し支援金）,"補助金の目的：保護者の経済的負担の軽減
補助対象者　：私立高等学校等を通じて在学する生徒の保護者に補助
補助対象経費：授業料の一部
負担割合　　：国3/4、都1/4",5,民間団体,"193,890 ",生活文化局私学部私学振興課,03-5388-3181,https://www.seikatubunka.metro.tokyo.lg.jp/shigaku/hogosha/seido/highschool/0000000076
2026,07,生活文化局,07,教育,私立学校教育助成事業,私立高等学校等奨学給付金事業費補助（専攻科支援金）,"補助金の目的：保護者の経済的負担の軽減
補助対象者　：私立高等学校等（専攻科）を通じて在学する生徒の保護者に補助
補助対象経費：授業料の一部（所得制限あり）
負担割合　　：国1/2、都1/2",5,民間団体,"14,550 ",生活文化局私学部私学振興課,03-5388-3181,https://www.seikatubunka.metro.tokyo.lg.jp/shigaku/jyosei/0000000307.html
2026,07,生活文化局,07,教育,私立学校教育助成事業,私立中学校等特別奨学金補助,"補助金の目的：保護者の経済的負担の軽減
補助対象者　：(公財)東京都私学財団を通じて、都内に居住し、私立中学校等に在学する生徒の保護者に補助
補助対象経費：授業料の一部（所得制限なし）
負担割合　　：都10/10",5,民間団体,"8,214,736 ",生活文化局私学部私学振興課,03-5388-3181,https://www.seikatubunka.metro.tokyo.lg.jp/shigaku/hogosha/seido/juniorhighschool/0000000953
2026,07,生活文化局,07,教育,私立学校教育助成事業,私立中学校等授業料保護者負担軽減臨時特別事業費補助,"補助金の目的：保護者の経済的負担の軽減
補助対象者　：(公財)東京都私学財団を通じて、都内に居住し、私立中学校等に在学する生徒の保護者に補助
補助対象経費：授業料の一部（所得制限なし）
負担割合　　：都10/10",5,民間団体,"1,441,020 ",生活文化局私学部私学振興課,03-5388-3181,https://www.seikatubunka.metro.tokyo.lg.jp/shigaku/hogosha/0000000055.html
2026,07,生活文化局,07,教育,私立学校教育助成事業,私立幼稚園等園児保護者負担軽減事業費補助,"補助金の目的：保護者の経済的負担の軽減
補助対象者　：区市町村を通じて私立幼稚園等に通う幼児の保護者に対して補助
補助対象経費：区市町村の負担軽減事業費（幼稚園等の利用費）の一部
負担割合　　：都10/10",1,区市町村,"3,372,214 ",生活文化局私学部私学振興課,03-5388-3181,https://www.seikatubunka.metro.tokyo.lg.jp/shigaku/hogosha/0000000054.html
2026,07,生活文化局,07,教育,私立学校教育助成事業,私立幼稚園等園児保護者負担軽減事業費補助（実費徴収）,"補助金の目的：保護者の経済的負担の軽減
補助対象者　：区市町村を通じて私立特定教育・保育施設に通う幼児の保護者に対して補助
補助対象経費：区市町村の負担軽減事業費（給食費、教材費、行事費等）の一部
負担割合　　：国1/3、都1/3、区市町村1/3",1,区市町村,"137,791 ",生活文化局私学部私学振興課,03-5320-7708,https://www.seikatubunka.metro.tokyo.lg.jp/shigaku/hogosha/0000000054.html
2026,07,生活文化局,07,教育,私立学校教育助成事業,私立幼稚園等園児保護者負担軽減事業費補助(保育所等利用世帯負担軽減),"補助金の目的：保護者の経済的負担の軽減
補助対象者　：区市町村を通じて私立認可保育所等に通う幼児の保護者に対して補助
補助対象経費：①区市町村の負担軽減事業費（国基準第2子の保育料）の一部、②区市町村の負担軽減事業費の一部
負担割合　　：①国1/2、都1/2、②都10/10",1,区市町村,"266,744 ",生活文化局私学部私学振興課,03-5320-7708,https://www.seikatubunka.metro.tokyo.lg.jp/shigaku/hogosha/0000000054.html
2026,07,生活文化局,07,教育,私立学校教育助成事業,私立幼稚園等園児保護者負担軽減事業費補助（多様）,"補助金の目的：保護者の経済的負担の軽減
補助対象者　：区市町村を通じて幼児教育・保育無償化対象外で一定の要件を満たす施設に通う幼児の保護者に対して補助
補助対象経費：区市町村の負担軽減事業費（施設の利用費）の一部
負担割合　　：国1/3、都1/3、区市町村1/3",1,区市町村,"19,760 ",生活文化局私学部私学振興課,03-5320-7708,https://www.seikatubunka.metro.tokyo.lg.jp/shigaku/hogosha/0000000054.html
2026,07,生活文化局,07,教育,私立学校教育助成事業,私立高等学校等入学支度金貸付利子補給,"補助金の目的：保護者の経済的負担の軽減
補助対象者　：(公財)東京都私学財団
補助対象経費：私学財団が私立高等学校等へ貸し付けるために銀行から借り入れた原資の利子補給額
負担割合　　：都10/10",5,民間団体,"14,628 ",生活文化局私学部私学振興課,03-5388-3083,https://www.seikatubunka.metro.tokyo.lg.jp/shigaku/hogosha/0000000057.html
2026,07,生活文化局,07,教育,私立学校教育助成事業,私立専修学校教育環境整備費補助,"補助金の目的：専修学校の教育環境等の充実
補助対象者　：私立専修学校高等課程・専門課程
補助対象経費：教育に必要な設備や研究図書等のほか、専門課程の評価促進（自己点検・自己評価、第三者評価）等に要する経費の一部
負担割合　　：都1/2、事業者1/2（自己点検・自己評価補助は都10/10）",5,民間団体,"537,487 ",生活文化局私学部私学振興課,03-5388-3083,https://www.seikatubunka.metro.tokyo.lg.jp/shigaku/jyosei/0000000307.html
2026,07,生活文化局,07,教育,私立学校教育助成事業,私立学校教育研究費補助,"補助金の目的：私立学校教職員の資質向上・教育内容の充実
補助対象者　：(公財)東京都私学財団
補助対象経費：私学財団が行う学校研究助成事業、研修研究事業に要する経費の一部
負担割合　　：都10/10",5,民間団体,"72,905 ",生活文化局私学部私学振興課,03-5388-3083,https://www.seikatubunka.metro.tokyo.lg.jp/shigaku/jyosei/0000000307.html
2026,07,生活文化局,07,教育,私立学校教育助成事業,私立学校教育振興資金融資利子補給,"補助金の目的：私学財団の融資事業の利差補給
補助対象者　：(公財)東京都私学財団
補助対象経費：私学財団が行う振興資金融資事業に際して、銀行等から借り入れた原資に対する利差補給額
負担割合　　：都10/10",5,民間団体,"431,887 ",生活文化局私学部私学振興課,03-5388-3083,https://www.seikatubunka.metro.tokyo.lg.jp/shigaku/jyosei/0000000307.html
2026,07,生活文化局,07,教育,私立学校教育助成事業,私立幼稚園教育振興事業費補助,"補助金の目的：都民の幼児教育の場の確保・教育条件の維持向上・私立幼稚園の経営の健全化
補助対象者　：個人立、宗教法人立の私立幼稚園等
補助対象経費：運営費の一部
負担割合　　：都1/2、事業者1/2",5,民間団体,"452,880 ",生活文化局私学部私学振興課,03-5388-3182,https://www.seikatubunka.metro.tokyo.lg.jp/shigaku/jyosei/0000000307.html
2026,07,生活文化局,07,教育,私立学校教育助成事業,私立幼稚園特別支援教育事業費補助,"補助金の目的：障がい児の就園奨励
補助対象者　：障がい児が在籍する個人立、宗教法人立の私立幼稚園等
補助対象経費：運営費の一部
負担割合　　：都10/10",5,民間団体,"633,472 ",生活文化局私学部私学振興課,03-5388-3182,https://www.seikatubunka.metro.tokyo.lg.jp/shigaku/jyosei/0000000307.html
2026,07,生活文化局,07,教育,私立学校教育助成事業,私立専修学校教育振興費補助,"補助金の目的：教育条件の維持向上・保護者の経済的負担の軽減・私立専修学校の経営健全化
補助対象者　：私立専修学校高等課程
補助対象経費：運営費の一部
負担割合　　：都1/2、事業者1/2",5,民間団体,"675,712 ",生活文化局私学部私学振興課,03-5388-3083,https://www.seikatubunka.metro.tokyo.lg.jp/shigaku/jyosei/0000000307.html
2026,07,生活文化局,07,教育,私立学校教育助成事業,私立専修学校特別支援教育事業費補助,"補助金の目的：障がい児（者）の就学奨励
補助対象者　：障がいを持つ生徒が在籍する私立専修学校高等課程
補助対象経費：運営費の一部
負担割合　　：都10/10",5,民間団体,"143,158 ",生活文化局私学部私学振興課,03-5388-3083,https://www.seikatubunka.metro.tokyo.lg.jp/shigaku/jyosei/0000000307.html
2026,07,生活文化局,07,教育,私立学校教育助成事業,私立外国人学校教育運営費補助,"補助金の目的：外国人学校の教育条件の維持向上・保護者の経済的負担の軽減
補助対象者　：知事が認可した私立各種学校のうち、専ら外国人を対象とし我が国の幼稚園～高等学校に相当する課程を有する学校
補助対象経費：運営費の一部
負担割合　　：都10/10",5,民間団体,"95,055 ",生活文化局私学部私学振興課,03-5388-3083,https://www.seikatubunka.metro.tokyo.lg.jp/shigaku/jyosei/0000000307.html
2026,07,生活文化局,07,教育,私立学校教育助成事業,産業・理科教育施設設備整備費補助（産業教育振興）,"補助金の目的：産業・理科教育の振興
補助対象者　：私立小学校、中学校、高等学校、特別支援学校
補助対象経費：産業教育施設の整備等に要する経費の一部
負担割合　　：国1/3、都1/3、事業者1/3",5,民間団体,494 ,生活文化局私学部私学振興課,03-5388-3182,https://www.seikatubunka.metro.tokyo.lg.jp/shigaku/jyosei/0000000307.html
2026,07,生活文化局,07,教育,私立学校教育助成事業,産業・理科教育施設設備整備費補助（理科設備）,"補助金の目的：産業・理科教育の振興
補助対象者　：私立小学校、中学校、高等学校、特別支援学校
補助対象経費：理科教育設備の整備等に要する経費の一部
負担割合　　：国1/2、都1/4、事業者1/4",5,民間団体,"30,739 ",生活文化局私学部私学振興課,03-5388-3182,https://www.seikatubunka.metro.tokyo.lg.jp/shigaku/jyosei/0000000307.html
2026,07,生活文化局,07,教育,私立学校教育助成事業,産業・理科教育施設設備整備費補助（観察実験補助員）,"補助金の目的：産業・理科教育の振興
補助対象者　：私立小学校、中学校、高等学校、特別支援学校
補助対象経費：理科の観察・実験を支援する補助員を配置するために必要な経費の一部
負担割合　　：国1/3、都1/6、事業者1/2",5,民間団体,"3,336 ",生活文化局私学部私学振興課,03-5388-3182,https://www.seikatubunka.metro.tokyo.lg.jp/shigaku/jyosei/0000000307.html
2026,07,生活文化局,07,教育,私立学校教育助成事業,私立学校安全対策促進事業費補助（耐震）,"補助金の目的：学校の防災機能の強化等
補助対象者　：私立幼稚園等、小学校、中学校、高等学校、特別支援学校、専修学校及び各種学校
補助対象経費：校舎・園舎等に係る耐震診断、耐震補強工事及び改築工事等に要する経費の一部
負担割合　　：①IS値0.3以上0.7未満の幼・小・中・高・特（国補助あり）：国1/3、都1/3、事業者1/3、②IS値0.3未満の幼・小・中・高・特（国補助あり）：国1/2、都3/10、事業者1/5、③IS値0.3以上0.7未満の幼・小・中・高・特・専各等（国補助なし）：都2/3、事業者1/3、④IS値0.3未満の幼・小・中・高・特・専各等（国補助なし）：都4/5、事業者1/5",5,民間団体,"855,619 ",生活文化局私学部私学振興課,"03-5388-3182（幼～高）
03-5388-3083（専・各）",https://www.seikatubunka.metro.tokyo.lg.jp/shigaku/jyosei/0000000307.html
2026,07,生活文化局,07,教育,私立学校教育助成事業,私立学校安全対策促進事業費補助（促進啓発事業）,"補助金の目的：学校の防災機能の強化等
補助対象者　：私立幼稚園等、小学校、中学校、高等学校、特別支援学校、専修学校及び各種学校
補助対象経費：耐震化に係る建築士の学校派遣事業に要する経費の一部
負担割合　　：都10/10",5,民間団体,"3,642 ",生活文化局私学部私学振興課,03-5388-3083,https://www.seikatubunka.metro.tokyo.lg.jp/shigaku/jyosei/0000000307.html
2026,07,生活文化局,07,教育,私立学校教育助成事業,私立学校安全対策促進事業費補助（アスベスト・国補助あり）,"補助金の目的：アスベスト対策の実施
補助対象者　：私立幼稚園等、小学校、中学校、高等学校、特別支援学校、専修学校及び各種学校
補助対象経費：アスベストの除去、封じ込め、囲い込み及び修復工事等に要する経費の一部
負担割合　　：国1/3、都1/3、事業者1/3",5,民間団体,"11,133 ",生活文化局私学部私学振興課,03-5388-3182,https://www.seikatubunka.metro.tokyo.lg.jp/shigaku/jyosei/0000000307.html
2026,07,生活文化局,07,教育,私立学校教育助成事業,私立学校安全対策促進事業費補助（アスベスト・国補助なし）,"補助金の目的：アスベスト対策の実施
補助対象者　：私立幼稚園等、小学校、中学校、高等学校、特別支援学校、専修学校及び各種学校
補助対象経費：アスベストの除去、封じ込め、囲い込み及び修復工事等に要する経費の一部
負担割合　　：都1/2、事業者1/2",5,民間団体,"2,144 ",生活文化局私学部私学振興課,03-5388-3182,https://www.seikatubunka.metro.tokyo.lg.jp/shigaku/jyosei/0000000307.html
2026,07,生活文化局,07,教育,私立学校教育助成事業,私立学校安全対策促進事業費補助（非構造・国補助あり）,"補助金の目的：学校の防災機能の強化等
補助対象者　：私立幼稚園等、小学校、中学校、高等学校、特別支援学校、専修学校及び各種学校
補助対象経費：建築非構造部材の耐震化工事に要する経費の一部
負担割合　　：国1/3、都1/3、事業者1/3",5,民間団体,"95,799 ",生活文化局私学部私学振興課,03-5388-3083,https://www.seikatubunka.metro.tokyo.lg.jp/shigaku/jyosei/0000000307.html
2026,07,生活文化局,07,教育,私立学校教育助成事業,私立学校安全対策促進事業費補助（非構造・国補助なし）,"補助金の目的：学校の防災機能の強化等
補助対象者　：私立幼稚園等、小学校、中学校、高等学校、特別支援学校、専修学校及び各種学校
補助対象経費：建築非構造部材の耐震化工事に要する経費の一部
負担割合　　：都1/2、事業者1/2",5,民間団体,"228,124 ",生活文化局私学部私学振興課,03-5388-3083,https://www.seikatubunka.metro.tokyo.lg.jp/shigaku/jyosei/0000000307.html
2026,07,生活文化局,07,教育,私立学校教育助成事業,私立学校安全対策促進事業費補助（空調設備）,"補助金の目的：体育館への空調設備導入補助により、児童・生徒等の安心・安全な教育環境確保
補助対象者　：私立小学校、中学校、高等学校、特別支援学校、専修学校（高等課程）
補助対象経費：体育館の空調設備設置工事に要する経費の一部
負担割合　　：都1/2、事業者1/2",5,民間団体,"112,876 ",生活文化局私学部私学振興課,03-5388-3083,https://www.seikatubunka.metro.tokyo.lg.jp/shigaku/jyosei/0000000307.html
2026,07,生活文化局,07,教育,私立学校教育助成事業,私立学校安全対策促進事業費補助（防災力向上事業）,"補助金の目的：学校の防災機能の強化等
補助対象者　：私立幼稚園等、小学校、中学校、高等学校、特別支援学校、専修学校（高等課程）
補助対象経費：災害時における非常用食品の整備に要する経費の一部
負担割合　　：都10/10",5,民間団体,"208,007 ",生活文化局私学部私学振興課,03-5388-3083,https://www.seikatubunka.metro.tokyo.lg.jp/shigaku/jyosei/0000000307.html
2026,07,生活文化局,07,教育,私立学校教育助成事業,私立学校安全対策促進事業費補助（暑さ対策促進事業）,"補助金の目的：学校のニーズにあった更なる熱中症対策の実施
補助対象者　：私立幼稚園等、小学校、中学校、高等学校、特別支援学校、専修学校（高等課程）
補助対象経費：各学校・園が暑さ対策として購入する備品等の購入経費の一部
負担割合　　：都1/2、事業者1/2",5,民間団体,"436,559 ",生活文化局私学部私学振興課,03-5388-3083,https://www.seikatubunka.metro.tokyo.lg.jp/shigaku/jyosei/0000000307.html
2026,07,生活文化局,07,教育,私立学校教育助成事業,私立幼稚園預かり保育推進補助,"補助金の目的：多様な保育ニーズへの対応
補助対象者　：私立幼稚園等
補助対象経費：教育時間終了後2時間以上、長期休暇中等に預かり保育を実施する私立幼稚園等の運営費の一部
負担割合　　：都10/10",5,民間団体,"839,940 ",生活文化局私学部私学振興課,03-5388-3182,https://www.seikatubunka.metro.tokyo.lg.jp/shigaku/jyosei/0000000307.html
2026,07,生活文化局,07,教育,私立学校教育助成事業,私立幼稚園預かり保育推進補助（保育支援）,"補助金の目的：区市町村において長時間預かり保育を行う幼稚園の体制整備
補助対象者　：区市町村を通じて私立幼稚園等に補助
補助対象経費：年間を通じて原則として開所時間が11時間を超える預かり保育に対し、区市町村が行う運営費補助に要する経費の一部
負担割合　　：国1/2、都1/4、事業者1/4",1,区市町村,576 ,生活文化局私学部私学振興課,03-5388-3182,https://www.seikatubunka.metro.tokyo.lg.jp/shigaku/jyosei/0000000307.html
2026,07,生活文化局,07,教育,私立学校教育助成事業,私立高等学校都内生就学促進補助,"補助金の目的：都内公立中学校卒業生の私立高校への入学促進
補助対象者　：私立高等学校
補助対象経費：都内公立中学生に対する就学促進と生徒募集等に係る広報活動推進に要する経費の一部
負担割合　　：都10/10",5,民間団体,"495,349 ",生活文化局私学部私学振興課,03-5388-3182,https://www.seikatubunka.metro.tokyo.lg.jp/shigaku/jyosei/0000000307.html
2026,07,生活文化局,07,教育,私立学校教育助成事業,私立学校退職手当補助,"補助金の目的：財団の退職金掛金事業の負担軽減
補助対象者　：(公財)東京都私学財団
補助対象経費：私学財団の行う退職資金交付事業に要する経費の一部
負担割合　　：都10/10",5,民間団体,"4,266,089 ",生活文化局私学部私学振興課,03-5388-3083,https://www.seikatubunka.metro.tokyo.lg.jp/shigaku/jyosei/0000000307.html
2026,07,生活文化局,07,教育,私立学校教育助成事業,私立学校教職員共済費補助,"補助金の目的：私立学校振興・共済事業団の掛金等事業の負担軽減
補助対象者　：日本私立学校振興・共済事業団
補助対象経費：日本私立学校振興・共済事業団が行う長期給付事業の一部
負担割合　　：都10/10",5,民間団体,"2,048,602 ",生活文化局私学部私学振興課,03-5388-3083,https://www.seikatubunka.metro.tokyo.lg.jp/shigaku/jyosei/0000000307.html
2026,07,生活文化局,07,教育,私立学校教育助成事業,認定こども園整備費等補助（開設準備経費）,"補助金の目的：就学前の子どもに関する教育、保育等の総合的な提供の推進
補助対象者　：区市町村を通じて私立幼稚園等に補助
補助対象経費：幼稚園型認定こども園を開設するための改修経費の一部
負担割合　　：都1/4、区市町村1/4、事業者1/2",1,区市町村,"1,712 ",生活文化局私学部私学振興課,03-5388-3182,https://www.seikatubunka.metro.tokyo.lg.jp/shigaku/jyosei/0000000307.html
2026,07,生活文化局,07,教育,私立学校教育助成事業,認定こども園整備費等補助（研修支援）,"補助金の目的：就学前の子どもに関する教育、保育等の総合的な提供の推進
補助対象者　：区市町村を通じて私立幼稚園等に補助
補助対象経費：認定こども園の質向上や幼稚園と保育所の連携に係る研修事業実施に要する経費の一部
負担割合　　：国1/2、区市町村1/2",1,区市町村,"1,897 ",生活文化局私学部私学振興課,03-5388-3182,https://www.seikatubunka.metro.tokyo.lg.jp/shigaku/jyosei/0000000307.html
2026,07,生活文化局,07,教育,私立学校教育助成事業,認定こども園整備費等補助（幼稚園教諭免許取得支援事業）,"補助金の目的：就学前の子どもに関する教育、保育等の総合的な提供の推進
補助対象者　：区市町村を通じて私立幼稚園等に補助
補助対象経費：保育士資格のみを有する者が幼稚園教諭免許を取得することに要する経費の一部（その他要件あり）
負担割合　　：国1/2、都1/2",1,区市町村,124 ,生活文化局私学部私学振興課,03-5388-3182,https://www.seikatubunka.metro.tokyo.lg.jp/shigaku/jyosei/0000000307.html
2026,07,生活文化局,07,教育,私立学校教育助成事業,認定こども園整備費等補助（キャリアアップ補助）,"補助金の目的：就学前の子どもに関する教育、保育等の総合的な提供の推進
補助対象者　：区市町村を通じて私立幼稚園等に補助
補助対象経費：保育士資等のキャリアアップや処遇改善により保育人材の安定的な確保に要する経費の一部
負担割合　　：都10/10",1,区市町村,"533,143 ",福祉局子供・子育て支援部保育支援課,03-5320-4129,https://www.seikatubunka.metro.tokyo.lg.jp/shigaku/kankeisya/hojokin/josei
2026,07,生活文化局,07,教育,私立学校教育助成事業,認定こども園整備費等補助（延長保育事業）,"補助金の目的：就学前の子どもに関する教育、保育等の総合的な提供の推進
補助対象者　：区市町村を通じて私立幼稚園等に補助
補助対象経費：保育認定を受けた子どもに対し、通常の利用日及び利用時間以外に保育を行う費用の一部
負担割合　　：国1/3、都1/3、区市町村1/3",1,区市町村,"14,287 ",福祉局子供・子育て支援部保育支援課,03-5320-4200,https://www.seikatubunka.metro.tokyo.lg.jp/shigaku/kankeisya/hojokin/josei
2026,07,生活文化局,07,教育,私立学校教育助成事業,認定こども園整備費等補助（多様な事業者の参入促進・能力活用事業）,"補助金の目的：就学前の子どもに関する教育、保育等の総合的な提供の推進
補助対象者　：区市町村を通じて私立幼稚園等に補助
補助対象経費：特別な支援が必要な子どもを認定こども園で受け入れる場合に、職員の加配に要する経費の一部（その他要件あり）
負担割合　　：国1/3、都1/3、区市町村1/3",1,区市町村,"1,175 ",福祉局子供・子育て支援部保育支援課,03-5320-4200,https://www.seikatubunka.metro.tokyo.lg.jp/shigaku/kankeisya/hojokin/josei
2026,07,生活文化局,07,教育,私立学校教育助成事業,認定こども園整備費等補助（認定こども園等業務体制支援事業）,"補助金の目的：就学前の子どもに関する教育、保育等の総合的な提供の推進
補助対象者　：区市町村を通じて私立幼稚園等に補助
補助対象経費：認定こども園等に移行する幼稚園の準備に必要な経費・補助員等配置による園務の平準化に必要な経費の一部
負担割合　　：国1/2、事業者1/2",1,区市町村,"22,300 ",生活文化局私学部私学振興課,03-5388-3182,https://www.seikatubunka.metro.tokyo.lg.jp/shigaku/jyosei/0000000307.html
2026,07,生活文化局,07,教育,私立学校教育助成事業,認定こども園整備費等補助（保育体制強化事業）,"補助金の目的：保育士の負担軽減、保育等の提供の推進
補助対象者　：区市町村を通じて幼稚園型認定こども園に補助
補助対象経費：保育支援者等の配置に必要な経費の一部
負担割合　　：国1/2、都1/4、区市町村1/4",1,区市町村,"5,994 ",福祉局子供・子育て支援部保育支援課,03-5388-3182,https://www.seikatubunka.metro.tokyo.lg.jp/shigaku/kankeisya/hojokin/josei
2026,07,生活文化局,07,教育,私立学校教育助成事業,私立学校省エネ設備等導入事業費補助,"補助金の目的：私立学校のCO2排出量削減の促進
補助対象者　：私立幼稚園等、小学校、中学校、高等学校、特別支援学校、専修学校（高等課程）
補助対象経費：省エネ診断で提案された改善内容を踏まえた省エネ設備・機器等の導入経費の一部
負担割合　　：都2/3、事業者1/3",5,民間団体,"2,254,268 ",生活文化局私学部私学振興課,03-5388-3083,https://www.seikatubunka.metro.tokyo.lg.jp/shigaku/jyosei/0000000307.html
2026,07,生活文化局,07,教育,私立学校教育助成事業,私立幼稚園等教育環境整備費補助（国補助あり）,"補助金の目的：（１）遊具・運動用具・教具等の整備、（２）幼児教育の質の向上のためのICT化促進、（３）医療的ケアの環境整備
補助対象者　：（１）①認定こども園（移行予定園を含む）を構成する私立学校法人立幼稚園等
                    ②認定こども園（移行予定園を含む）を構成しない私立学校法人立幼稚園
                    （２）（３）私立学校法人立幼稚園
補助対象経費：（１）遊具・運動用具・教具等の整備に要する経費の一部
　　　　　　　　　 （２）幼児教育の質の向上のための支援システム整備に要する経費の一部
　　　　　　　　　（３）医療的ケア看護職員等の配置に要する経費の一部
負担割合　　：（１）①国1/2、事業者1/2、②国1/3、事業者2/3、（２）国1/2、事業者1/2、（３）国1/2、都1/2",5,民間団体,"105,947 ",生活文化局私学部私学振興課,03-5388-3182,https://www.seikatubunka.metro.tokyo.lg.jp/shigaku/jyosei/0000000307.html
2026,07,生活文化局,07,教育,私立学校教育助成事業,私立幼稚園等教育環境整備費補助（国補助なし）,"補助金の目的：（１）遊具・運動用具・教具等の整備、（２）医療的ケアの環境整備
補助対象者　：（１）私立個人立等幼稚園、（２）私立幼稚園等
補助対象経費：（１）遊具・運動用具・教具等の整備に要する経費の一部
（２）医療的ケア看護職員等の配置に要する経費の一部
負担割合　　：（１）都1/3、事業者2/3、（２）都1/2、事業者1/2",5,民間団体,"23,769 ",生活文化局私学部私学振興課,03-5388-3182,https://www.seikatubunka.metro.tokyo.lg.jp/shigaku/jyosei/0000000307.html
2026,07,生活文化局,07,教育,私立学校教育助成事業,私立高等学校等就学支援金（私立高等学校等就学支援金）（高校生等・新修学支援含む）,"補助金の目的：保護者の経済的負担の軽減
補助対象者　：私立高等学校、特別支援学校（高等部）等を通じて在籍する生徒の保護者に補助
補助対象経費：授業料の一部
負担割合　　：国3/4、都1/4",5,民間団体,"86,330,878 ",生活文化局私学部私学振興課,03-5388-3181,https://www.seikatubunka.metro.tokyo.lg.jp/shigaku/hogosha/0000000076.html
2026,07,生活文化局,07,教育,私立学校教育助成事業,私立高等学校等就学支援金学校事務費補助,"補助金の目的：私立高等学校等就学支援金に係る事務費負担の軽減
補助対象者　：就学支援金の支給対象である私立高等学校等
補助対象経費：法令で都道府県が行うとされている事務のうち、学校に事務委託している業務に要する経費の一部
負担割合　　：都10/10",5,民間団体,"443,928 ",生活文化局私学部私学振興課,03-5388-3181,https://www.seikatubunka.metro.tokyo.lg.jp/shigaku/jyosei/0000000307.html
2026,07,生活文化局,07,教育,私立学校教育助成事業,私立学校被災生徒等受入支援事業費補助（臨時支援金）（国補助）,"補助金の目的：被災生徒等の保護者の経済的負担の軽減
補助対象者　：被災により都内に転入・居住し、私立小学校・中学校に在学する生徒の保護者（その他要件あり）
補助対象経費：学用品費、修学旅行、遠足、教科外活動費等の一部
負担割合　　：国10/10",6,一般都民,171 ,生活文化局私学部私学振興課,03-5320-4239,https://www.seikatubunka.metro.tokyo.lg.jp/shigaku/hogosha/0000000058.html
2026,07,生活文化局,07,教育,私立学校教育助成事業,私立学校被災生徒等受入支援事業費補助（授業料等減免補助金）（国補助）,"補助金の目的：被災生徒等の就学機会の確保
補助対象者　：①私立幼稚園、小学校、中学校、高等学校、特別支援学校等
　　　　　　　　　②私立専修学校及び各種学校（課程要件あり）
補助対象経費：被災した生徒の保護者に対し、授業料等の減免措置を行う学校の経費の一部
負担割合①（条件によりア～ウ）：ア 国10/10、イ 国2/3、都1/3、ウ 国4/9、都2/9、事業者1/3
             ②（条件によりア又はイ）：ア 国2/3、事業者1/3　イ 国4/9、都2/9、事業者1/3",5,民間団体,"1,514 ",生活文化局私学部私学振興課,03-5320-4239,https://www.seikatubunka.metro.tokyo.lg.jp/shigaku/hogosha/0000000058.html
2026,07,生活文化局,07,教育,私立学校教育助成事業,私立高等学校海外留学推進補助,"補助金の目的：私立高等学校が行う留学に参加する生徒の経済的負担の軽減
補助対象者　：私立高等学校に在学し、学校の推薦を受けた生徒の保護者（その他要件あり）
補助対象経費：生徒が海外留学に関して学校等へ支払う参加費用の一部
負担割合　　：都10/10",6,一般都民,"913,076 ",生活文化局私学部私学振興課,03-5388-3083,https://www.seikatubunka.metro.tokyo.lg.jp/shigaku/jyosei/0000000307.html
2026,07,生活文化局,07,教育,私立学校教育助成事業,私立幼稚園児等通園支援事業,"補助金の目的：全ての子供の育ちを応援し、子供の良質な成育環境を整備
補助対象者　：区市町村
補助対象経費：運営費、賃借料
負担割合　　：国3/4、都1/8、区市町村1/8",1,区市町村,"185,835 ",生活文化局私学部私学振興課,03-5388-3182,https://www.seikatubunka.metro.tokyo.lg.jp/shigaku/jyosei/0000000307.html
2026,07,生活文化局,07,教育,私立学校教育助成事業,私立学校デジタル教育環境整備費補助（周辺機器）,"補助金の目的：ＩＣＴ機器、校内無線ＬＡＮ、校務支援システム等の環境整備
補助対象者　：私立小学校、中学校、高等学校、特別支援学校
補助対象経費：学習用端末（高校は対象外）、無線ＬＡＮ、校務支援システム等の整備に要する経費の一部
負担割合　　：都1/2、事業者1/2",5,民間団体,"418,880 ",生活文化局私学部私学振興課,03-5388-3182,https://www.seikatubunka.metro.tokyo.lg.jp/shigaku/jyosei/0000000307.html
2026,07,生活文化局,07,教育,私立学校教育助成事業,私立学校デジタル教育環境整備費補助（授業目的公衆送信補償金）,"補助金の目的：ＩＣＴ機器、校内無線ＬＡＮ、校務支援システム等の環境整備
補助対象者　：私立小学校、中学校、高等学校
補助対象経費：授業目的公衆送信補償金制度に係る補償金
負担割合　　：国1/4、都1/4、事業者1/2",5,民間団体,"53,875 ",生活文化局私学部私学振興課,03-5388-3182,https://www.seikatubunka.metro.tokyo.lg.jp/shigaku/jyosei/0000000307.html
2026,07,生活文化局,07,教育,私立学校教育助成事業,私立学校デジタル教育環境整備費補助（端末整備）,"補助金の目的：私立高等学校等における一人１台端末の整備促進
補助対象者　：私立高等学校、特別支援学校（高等部）
補助対象経費：学校が行う端末の整備費用又は端末購入に関する保護者負担軽減に係る経費の一部
負担割合　　：都10/10",5,民間団体,"3,558,427 ",生活文化局私学部私学振興課,03-5388-3182,https://www.seikatubunka.metro.tokyo.lg.jp/shigaku/jyosei/0000000307.html
2026,07,生活文化局,07,教育,私立学校教育助成事業,私立幼稚園等一時預かり事業費補助,"補助金の目的：多様な保育ニーズへの対応
補助対象者　：区市町村を通じて私立幼稚園等に補助
補助対象経費：一時預かり事業を実施する私立幼稚園等の運営費の一部
負担割合　　：国1/3、都1/3、区市町村1/3",1,区市町村,"1,046,377 ",生活文化局私学部私学振興課,03-5388-3182,https://www.seikatubunka.metro.tokyo.lg.jp/shigaku/jyosei/0000000307.html
2026,07,生活文化局,07,教育,私立学校教育助成事業,私立幼稚園等一時預かり事業費補助（都単）,"補助金の目的：多様な保育ニーズへの対応
補助対象者　：区市町村を通じて私立幼稚園等に補助
補助対象経費：一時預かり事業を実施する私立幼稚園等の運営費の一部
負担割合　　：都10/10",1,区市町村,"1,289,010 ",生活文化局私学部私学振興課,03-5388-3182,https://www.seikatubunka.metro.tokyo.lg.jp/shigaku/jyosei/0000000307.html
2026,07,生活文化局,07,教育,私立学校教育助成事業,私立幼稚園等特色教育等推進補助,"補助金の目的：特色ある幼児教育等の推進
補助対象者　：新制度に移行した私立幼稚園等
補助対象経費：経常費等の特別補助として実施していた地域教育事業等に要する経費の一部
負担割合　　：都10/10",5,民間団体,"76,311 ",生活文化局私学部私学振興課,03-5388-3182,https://www.seikatubunka.metro.tokyo.lg.jp/shigaku/jyosei/0000000307.html
2026,07,生活文化局,07,教育,私立学校教育助成事業,私立学校外国語指導助手活用事業費補助,"補助金の目的：外国語教育の充実を図るとともに、地域レベルでの国際交流を推進
補助対象者　：私立中学校、高等学校
補助対象経費：外国語指導助手を雇用した学校が負担する報酬等の経費の一部
負担割合　　：都10/10",5,民間団体,"1,166,700 ",生活文化局私学部私学振興課,03-5388-3083,https://www.seikatubunka.metro.tokyo.lg.jp/shigaku/jyosei/0000000307.html
2026,07,生活文化局,07,教育,私立学校教育助成事業,私立学校教員海外派遣研修事業費補助,"補助金の目的：指導力向上を目的とした教員海外派遣研修を支援
補助対象者　：私立小学校、中学校、高等学校
補助対象経費：教員を海外研修に派遣した場合に要する経費の一部（その他要件あり）
負担割合　　：都10/10",5,民間団体,"37,401 ",生活文化局私学部私学振興課,03-5388-3083,https://www.seikatubunka.metro.tokyo.lg.jp/shigaku/jyosei/0000000307.html
2026,07,生活文化局,07,教育,私立学校教育助成事業,私立高等学校外部検定試験料補助,"補助金の目的：私立高等学校が行う英語の外部検定試験料の負担の軽減
補助対象者　：私立高等学校
補助対象経費：学校の教育活動の一環として行う検定試験において、生徒が負担する検定試験料相当額の一部
負担割合　　：都10/10",5,民間団体,"387,181 ",生活文化局私学部私学振興課,03-5388-3083,https://www.seikatubunka.metro.tokyo.lg.jp/shigaku/jyosei/0000000307.html
2026,07,生活文化局,07,教育,私立学校教育助成事業,私立専修学校職業実践専門課程推進補助,"補助金の目的：職業教育の質の向上・専門人材の育成教育の推進
補助対象者　：私立専修学校（専門課程）のうち、職業実践専門課程として文部科学大臣の認定を受けたもの
補助対象経費：運営費の一部
負担割合　　：都10/10",5,民間団体,"363,950 ",生活文化局私学部私学振興課,03-5388-3083,https://www.seikatubunka.metro.tokyo.lg.jp/shigaku/jyosei/0000000307.html
2026,07,生活文化局,07,教育,私立学校教育助成事業,私立幼稚園等施設等利用費負担金,"補助金の目的：保護者の経済的負担の軽減
補助対象者　：区市町村を通じて子ども・子育て支援新制度に移行していない私立幼稚園等に通う園児の保護者に補助
補助対象経費：区市町村の負担軽減事業費（幼稚園等の利用費）の一部
負担割合　　：国1/2、都1/4、区市町村1/4",1,区市町村,"5,145,114 ",生活文化局私学部私学振興課,03-5320-7708,https://www.seikatubunka.metro.tokyo.lg.jp/shigaku/jyosei/0000000307.html
2026,07,生活文化局,07,教育,私立学校教育助成事業,私立専修学校授業料等減免費用負担金,"補助金の目的：多子世帯及び経済的に困窮する家庭の教育費の負担の軽減を図る
補助対象者　：私立専修学校専門課程（機関要件認定校）を通じて在学する生徒に補助
補助対象経費：授業料等の一部（所得制限等あり）
負担割合　　：国1/2、都1/2",5,民間団体,"9,919,437 ",生活文化局私学部私学振興課,03-5320-4239,https://www.seikatubunka.metro.tokyo.lg.jp/shigaku/sonota/0000001326.html
2026,07,生活文化局,07,教育,私立学校教育助成事業,私立幼稚園等教育体制支援事業費補助,"補助金の目的：幼稚園教諭等の処遇改善
補助対象者　：①私立学校法人立幼稚園、②私立個人立幼稚園等
補助対象経費：教職員に対して賃金改善を行うために要する経費の一部
負担割合　　：①国3/8、都3/8、事業者1/4、②都3/4、事業者1/4",5,民間団体,"535,694 ",生活文化局私学部私学振興課,03-5388-3182,https://www.seikatubunka.metro.tokyo.lg.jp/shigaku/jyosei/0000000307.html
2026,07,生活文化局,07,教育,私立学校教育助成事業,私立学校教員向け奨学金返還支援事業費補助,"補助金の目的：都内の私立学校に採用された教員に対し、奨学金の返還支援を実施
補助対象者　：私立幼稚園・小学校・中学校・高等学校・特別支援学校等に採用された教員
補助対象経費：大学等在学時に貸与を受けた奨学金
負担割合　　：都1/2、教員1/2",6,一般都民,"73,937 ",生活文化局私学部連携支援課,03-5388-3847,https://www.seikatubunka.metro.tokyo.lg.jp/shigaku/jyosei/0000000307.html
2026,07,生活文化局,07,教育,私立学校教育助成事業,私立学校教育課題解決促進事業費補助,"補助金の目的：いじめ防止対策推進法に基づく調査を行う際に、学校に対し、弁護士等の第三者を加えた調査組織の設置等に係る経費を補助
補助対象者　：私立小学校・中学校・高等学校・特別支援学校
補助対象経費：重大事態発生時の第三者を加えた調査組織の設置等に係る経費の一部
負担割合　　：都1/2、事業者1/2",5,民間団体,"50,000 ",生活文化局私学部私学振興課,03-5388-3083,https://www.seikatubunka.metro.tokyo.lg.jp/shigaku/jyosei/0000000307.html
2026,07,生活文化局,07,教育,私立学校教育助成事業,私立小中学校等給食費等負担軽減区市町村補助,"補助金の目的：保護者の経済的負担の軽減
補助対象者　：私立小学校・中学校等に通う児童・生徒の保護者に対して補助を行う区市町村
補助対象経費：区市町村の負担軽減事業費（給食費等）の一部
負担割合　　：都1/2、区市町村1/2",1,区市町村,"1,513,283 ",生活文化局私学部私学振興課,03-5388-3083,https://www.seikatubunka.metro.tokyo.lg.jp/shigaku/jyosei/0000000307.html
2026,07,生活文化局,07,教育,育英資金事業,育英資金事業費補助（国補助）,"補助金の目的：経済的に修学が困難な生徒・学生に対する奨学金の貸付
補助対象者　：(公財)東京都私学財団を通じて大規模災害に伴う育英資金特別募集の対象者に補助（その他要件あり）
補助対象経費：貸付金に要する経費の一部
負担割合　　：国10/10",5,民間団体,840 ,生活文化局私学部私学振興課,03-5320-7708,https://www.seikatubunka.metro.tokyo.lg.jp/shigaku/ikuei/0000000305.html
2026,07,生活文化局,07,教育,育英資金事業,育英資金事業費補助（都補助）,"補助金の目的：経済的に修学が困難な生徒・学生に対する奨学金の貸付
補助対象者　：(公財)東京都私学財団を通じて国公立・私立の高等学校等に在学し経済的理由により修学困難な者へ補助
補助対象経費：貸付金に要する経費の一部
負担割合　　：都10/10",5,民間団体,"264,681 ",生活文化局私学部私学振興課,03-5320-7708,https://www.seikatubunka.metro.tokyo.lg.jp/shigaku/ikuei/0000000305.html
2026,08,都民安全総合対策本部,08,生活文化・スポーツ,治安対策の推進,防犯設備の整備に対する区市町村補助,"補助金の目的：商店街等が防犯設備を整備する経費について、その一部を区市町村を通じて支援し、もって都内における安全で安心なまちの 実現に寄与
補助対象者　：区市町村
補助対象経費：商店街等における防犯カメラ等の防犯設備の整備（新設・更新）に係る経費
負担割合　　：都７／12、区市町村１／３、商店街等１／12",1,区市町村,"138,775 ",都民安全総合対策本部総合推進部都民安全課,03-5388-2746,https://www.seikatubunka.metro.tokyo.lg.jp/tomin_anzen/chian/bouhankankyo/bouhankankyo_02/index.html
2026,08,都民安全総合対策本部,08,生活文化・スポーツ,治安対策の推進,地域における見守り活動支援（防犯設備補助）,"補助金の目的：地域において、ソフト・ハード両面を併せた総合的な地域安全対策を推進・強化
補助対象者　：区市町村
補助対象経費：町会・自治会等が単独又は他の団体と連携して行う、防犯カメラ、防犯灯、ボラード（車止め）等の防犯設備の整備費用
負担割合　　：都３／４、区市町村５／24、地域団体１／24",1,区市町村,"1,533,674 ",都民安全総合対策本部総合推進部都民安全課,03-5388-2746,https://www.seikatubunka.metro.tokyo.lg.jp/tomin_anzen/chian/bouhankankyo/bouhankankyo_01/index.html
2026,08,都民安全総合対策本部,08,生活文化・スポーツ,治安対策の推進,防犯設備維持管理経費補助,"補助金の目的：地域の防犯力維持向上に取り組む地域団体等の負担軽減を図り、持続的な活動を支援
補助対象者　：区市町村
補助対象経費：設置補助を受けた際の条件である防犯活動に引き続き取り組んでいる町会・自治会等が行う、防犯カメラの保守点検、修繕及び移設に係る費用
負担割合　　： 
「東京都地域における見守り活動支援事業補助金」により設置した防犯カメラ
都１／２、区市町村１／３、地域団体１／６
「東京都防犯設備の整備に対する区市町村補助金」により設置した防犯カメラ
都１／３、区市町村１／３、商店街等１／３",1,区市町村,"44,245 ",都民安全総合対策本部総合推進部都民安全課,03-5388-2746,https://www.seikatubunka.metro.tokyo.lg.jp/tomin_anzen/chian/bouhankankyo/bouhankankyo_05/index.html
2026,08,都民安全総合対策本部,08,生活文化・スポーツ,治安対策の推進,防犯設備運用経費補助,"補助金の目的：地域の防犯力維持向上に取り組む地域団体等の負担軽減を図り、持続的な活動を支援
補助対象者　：区市町村
補助対象経費：設置補助を受けた際の条件である防犯活動に引き続き取り組んでいる町会・自治会等に対し、防犯カメラの電気料金、設置場所の使用料について、区市町村とともにその一部経費を補助
負担割合　　： 
「東京都地域における見守り活動支援事業補助金」により設置した防犯カメラ
都１／２、区市町村１／３、地域団体１／６
「東京都防犯設備の整備に対する区市町村補助金」により設置した防犯カメラ
都１／３、区市町村１／３、商店街等１／３",1,区市町村,"29,630 ",都民安全総合対策本部総合推進部都民安全課,03-5388-2746,https://www.seikatubunka.metro.tokyo.lg.jp/tomin_anzen/chian/bouhankankyo/bouhankankyo_06/index.html
2026,08,都民安全総合対策本部,08,生活文化・スポーツ,治安対策の推進,地域の安全確保に向けた防犯設備区市町村補助,"補助金の目的：放課後時間帯における子供を中心とした地域住民への見守り活動を補完するため、区市町村が設置する防犯カメラの整備に要する経費の一部を補助
補助対象者　：区市町村
補助対象経費：住民の安全を確保するため、 区市町村が防犯カメラを整備する事業のうち、要綱に定める要件の全てに該当するもの
負担割合　　：都３/４、区市町村１/４",1,区市町村,"271,035 ",都民安全総合対策本部総合推進部都民安全課,03-5388-2746,https://www.seikatubunka.metro.tokyo.lg.jp/tomin_anzen/chian/bouhankankyo/bouhankankyo_08/index.html
2026,08,都民安全総合対策本部,08,生活文化・スポーツ,治安対策の推進,地域における見守り活動支援（地域防犯環境改善補助）,"補助金の目的：地域において、ソフト・ハード両面を併せた総合的な地域安全対策を推進・強化
補助対象者　：区市町村
補助対象経費：防犯のための見守り活動に必要となるベスト・腕章・停止灯等の装備品の購入、青色防犯パトロールで使用するための青色回転灯の購入、落書き消去活動をはじめとした防犯環境改善に必要となる資器材等の購入に係る経費
負担割合　　：都1/2、区市町村1/3、地域団体1/6",1,区市町村,"5,750 ",都民安全総合対策本部総合推進部都民安全課,03-5388-2746,https://www.seikatubunka.metro.tokyo.lg.jp/tomin_anzen/chian/bouhankankyo/bouhankankyo_01/index.html
2026,08,都民安全総合対策本部,08,生活文化・スポーツ,治安対策の推進,地域における見守り活動支援（区市町村防犯環境改善補助）,"補助金の目的：地域において、ソフト・ハード両面を併せた総合的な地域安全対策を推進・強化
補助対象者　：区市町村
補助対象経費：防犯のための見守り活動に必要となるベスト・腕章・停止灯等の装備品の購入、青色防犯パトロールで使用するための青色回転灯の購入、落書き消去活動をはじめとした防犯環境改善に必要となる資器材等の購入に係る経費
負担割合　　：都1/2、区市町村1/2",1,区市町村,"5,750 ",都民安全総合対策本部総合推進部都民安全課,03-5388-2746,https://www.seikatubunka.metro.tokyo.lg.jp/tomin_anzen/chian/bouhankankyo/bouhankankyo_01/index.html
2026,08,都民安全総合対策本部,08,生活文化・スポーツ,治安対策の推進,地域における見守り活動支援（防犯環境改善緊急補助）（間接補助）,"補助金の目的：地域において、ソフト・ハード両面を併せた総合的な地域安全対策を推進・強化
補助対象者　：区市町村
補助対象経費：青色防犯パトロールで使用するための車両の購入、防犯活動拠点の整備等に係る経費
負担割合　　：都１／２、区市町村１／３、地域団体１／６",1,区市町村,"5,750 ",都民安全総合対策本部総合推進部都民安全課,03-5388-2746,https://www.seikatubunka.metro.tokyo.lg.jp/tomin_anzen/chian/bouhankankyo/bouhankankyo_01/index.html
2026,08,都民安全総合対策本部,08,生活文化・スポーツ,治安対策の推進,地域における見守り活動支援（防犯環境改善緊急補助）（直接補助）,"補助金の目的：地域において、ソフト・ハード両面を併せた総合的な地域安全対策を推進・強化
補助対象者　：区市町村
補助対象経費：青色防犯パトロールで使用するための車両の購入、防犯活動拠点の整備等に係る経費
負担割合　　：都１/２、区市町村１/２",1,区市町村,"5,750 ",都民安全総合対策本部総合推進部都民安全課,03-5388-2746,https://www.seikatubunka.metro.tokyo.lg.jp/tomin_anzen/chian/bouhankankyo/bouhankankyo_01/index.html
2026,08,都民安全総合対策本部,08,生活文化・スポーツ,治安対策の推進,防犯機器等購入緊急補助事業,"補助金の目的：都民の防犯意識が高まっている状況を踏まえ、２か年の緊急対策として防犯機器等の導入を促進
補助対象者 　：区市町村
補助対象経費：防犯カメラ、カメラ付きインターホン、防犯フィルムなどの購入
負担割合  　　：都1/2（上限１万円）",1,区市町村,"1,659,356 ",都民安全総合対策本部総合推進部治安対策課,03-5388-2255,
2026,08,都民安全総合対策本部,08,生活文化・スポーツ,交通安全対策の推進,自転車安全利用等促進事業補助,"補助金の目的：自転車の定期的な点検整備や安全な利用を促進する事業の支援
補助対象者　：区市町村
補助対象経費：自転車の点検整備を支援する経費や安全な利用の普及啓発に係る経費
負担割合　　：都 1/2、 区市町村 1/2",1,区市町村,"59,991 ",都民安全総合対策本部総合推進部総合推進課,03-5388-3123,
2026,08,都民安全総合対策本部,08,生活文化・スポーツ,若年支援の推進,子供・若者自立等支援体制整備事業補助,"補助金の目的：区市町村における子供・若者に対する支援体制の整備及び支援活動の推進
補助対象者　：区市町村
補助対象経費：以下の事業を実施するために必要となる経費
①地域の実情に応じて、子供・若者やその家族等からの相談を継続的に受け付ける体制を新規に又は既存事業を拡充して整備する事業
②子供・若者のための居場所を新規に又は既存事業を拡充して整備する事業
③子供・若者を自立に繋げ支えるための支援事業を新規に又は既存事業を拡充して整備する事業
負担割合　　：都1/2、区市町村1/2（上記②のうち「19歳以上の若者を対象に含む居場所を新規に整備する事業」については都2/3、区市町村1/3）",1,区市町村,"70,666 ",都民安全総合対策本部総合推進部若年支援事業課,03-5388-3172,https://www.tomin-anzen.metro.tokyo.lg.jp/jakunenshien/jiritsu-shien/hojyokin
2026,08,都民安全総合対策本部,08,生活文化・スポーツ,若年支援の推進,東京都ヤングケアラー相談支援等補助事業（18歳以上の相談支援体制整備）,"補助金の目的：１８歳以上のヤングケアラーが抱える悩みを相談・共有するための相談支援体制を整備 
補助対象者：NPOや民間団体等
補助対象経費：事業の実施に必要な経費
負担割合：都10/10",5,民間団体,"30,870 ",都民安全総合対策本部総合推進部若年支援事業課,03-5388-3172,https://www.fukushi.metro.tokyo.lg.jp/kodomo/kosodate/young-carer
2026,08,都民安全総合対策本部,08,生活文化・スポーツ,若年支援の推進,地域における青少年健全育成応援事業補助,"補助金の目的：青少年の規範意識やコミュニケーション力、ダイバーシティ意識を育む
補助対象者　：区市町村
補助対象経費：地域交流、普及啓発、体験・経験の場提供事業に要する経費
負担割合　　：都1/2、区市町村1/2",1,区市町村,"30,000 ",都民安全総合対策本部総合推進部若年支援事業課,03-5388-3098,
2026,09,スポーツ推進本部,08,生活文化・スポーツ,スポーツの振興,東京都スポーツ文化事業団運営費補助,"補助金の目的：地域スポーツ振興に資する自主事業に係る運営費を補助
補助対象者　：公益財団法人 東京都スポーツ文化事業団
補助対象経費：管理運営業務に要する経費
負担割合　　：都10/10",3,政策連携団体,"78,291 ",スポーツ推進本部スポーツ企画部総務課,03-5388-3835,
2026,09,スポーツ推進本部,08,生活文化・スポーツ,スポーツの振興,公益財団法人東京都スポーツ協会に対する補助金（シニアスポーツ振興事業）,"補助金の目的：地域スポーツ振興に資する自主事業に係る運営費を補助
補助対象者　：公益財団法人 東京都スポーツ協会
補助対象経費：事業の実施に要する経費
負担割合　　：都10/10",5,民間団体,"5,985 ",スポーツ推進本部スポーツ総合推進部スポーツ課,03-5320-7714,
2026,09,スポーツ推進本部,08,生活文化・スポーツ,スポーツの振興,公益財団法人東京都スポーツ協会に対する補助金（総合型地域スポーツクラブ登録・認証制度）,"補助金の目的：総合型地域スポーツクラブ登録・認証制度の運用に対して、東京都が補助金を交付
補助対象者　：公益財団法人 東京都スポーツ協会
補助対象経費：総合型地域スポーツクラブ登録・認証制度の運用に係る事業費、管理費
負担割合　　：都10/10",5,民間団体,"6,791 ",スポーツ推進本部スポーツ総合推進部スポーツ課,03-5320-7714,
2026,09,スポーツ推進本部,08,生活文化・スポーツ,スポーツの振興,公益財団法人東京都スポーツ協会に対する補助金（地域スポーツクラブ中間支援組織事業補助）,"補助金の目的：地域スポーツクラブの中間支援組織としての事業実施に対して、東京都が補助金を交付
補助対象者　：公益財団法人 東京都スポーツ協会
補助対象経費：地域スポーツクラブ中間支援組織事業の実施に係る事業費、管理費
負担割合　　：都10/10",5,民間団体,"32,533 ",スポーツ推進本部スポーツ総合推進部スポーツ課,03-5320-7714,
2026,09,スポーツ推進本部,08,生活文化・スポーツ,スポーツの振興,公益財団法人東京都スポーツ協会に対する補助金（指導者資格等取得支援事業）,"補助金の目的：指導者資格等の取得を支援する事業の実施に対して、東京都が補助金を交付
補助対象者　：公益財団法人 東京都スポーツ協会
補助対象経費：事業の実施に要する経費
負担割合　　：都10/10",5,民間団体,"4,000 ",スポーツ推進本部スポーツ総合推進部スポーツ課,03-5320-7714,
2026,09,スポーツ推進本部,08,生活文化・スポーツ,スポーツの振興,公益財団法人東京都スポーツ協会に対する補助金（地域スポーツクラブ都民参加事業）,"補助金の目的：地域スポーツ振興に資する、広く都民が参加できる事業に係る運営費を補助
補助対象者　：公益財団法人 東京都スポーツ協会
補助対象経費：事業の実施に要する経費
負担割合　　：都10/10",5,民間団体,"13,200 ",スポーツ推進本部スポーツ総合推進部スポーツ課,03-5320-7714,
2026,09,スポーツ推進本部,08,生活文化・スポーツ,スポーツの振興,公益財団法人東京都スポーツ文化事業団自主事業に係る運営費補助金（参加型スポーツイベントの開催によるスポーツ振興事業）,"補助金の目的：スポーツの場を東京の至る所に拡げ「スポーツフィールド・東京」を創り上げていくため、誰でも気軽に参加できる参加型スポーツイベントの運営費を補助
補助対象者　：公益財団法人東京都スポーツ文化事業団
補助対象経費：管理運営経費及び事業運営経費
負担割合　　：都10/10",3,政策連携団体,"124,337 ",スポーツ推進本部スポーツ総合推進部スポーツ課,03-5320-7714,
2026,09,スポーツ推進本部,08,生活文化・スポーツ,スポーツの振興,公益財団法人東京都スポーツ文化事業団自主事業に係る運営費補助金（スポーツ東京案内）,"補助金の目的：スポーツの裾野拡大、スポーツ実施率の向上に向けた取組として、スポーツに関する情報をワンストップで提供するスポーツ情報の案内サイトの運営等の実施に係る経費を補助
補助対象者　：公益財団法人 東京都スポーツ文化事業団
補助対象経費：事業の実施に要する経費
負担割合　　：都10/10",3,政策連携団体,"109,446 ",スポーツ推進本部スポーツ総合推進部スポーツ課,03-5320-7714,
2026,09,スポーツ推進本部,08,生活文化・スポーツ,スポーツの振興,公益財団法人東京都スポーツ文化事業団自主事業に係る運営費補助金（スポーツ気運継承事業）,"補助金の目的：東京2020大会を契機としたスポーツを「する」ことのレガシーとして、都民のスポーツ実施を促進し、スポーツの裾野拡大、スポーツ実施率の向上に寄与するため、スポーツイベントの統一的・広域的なプロモーションを行うことに対し、その運営に要する経費を補助
補助対象者　：公益財団法人 東京都スポーツ文化事業団
補助対象経費：事業の実施に要する経費
負担割合　　：都10/10",3,政策連携団体,"24,321 ",スポーツ推進本部スポーツ総合推進部スポーツ課,03-5320-7714,
2026,09,スポーツ推進本部,08,生活文化・スポーツ,スポーツの振興,区市町村スポーツ推進事業費補助金（地域スポーツ推進事業）,"補助金の目的：区市町村が地域の実情に応じて主体的に実施する、スポーツ実施率向上につなげるために行う事業を支援
補助対象者　：区市町村
補助対象経費：区市町村が行うスポーツ振興に係る報償費、需用費、役務費、委託料等
負担割合　　：原則として都1/3（都の政策と方向性が合致する事業、ねんりんピックの気運醸成に資する事業は1/2）",1,区市町村,"186,000 ",スポーツ推進本部スポーツ総合推進部スポーツ課,03-5320-7714,
2026,09,スポーツ推進本部,08,生活文化・スポーツ,スポーツの振興,区市町村スポーツ推進事業費補助金（パラスポーツ推進事業）,"補助金の目的：区市町村が地域の実情に応じて主体的に実施する、パラスポーツの関心度や障害者のスポーツ実施率向上につなげるために行う事業を支援
補助対象者　：区市町村
補助対象経費：区市町村が行うパラスポーツ振興に係る報償費、需用費、役務費、委託料等
負担割合　　：原則として都1/2（ねんりんピックの気運醸成に資する事業を含む。）。医療・福祉等の連携体制を構築した取組は、利用初年度は都2/3",1,区市町村,"161,000 ",スポーツ推進本部スポーツ総合推進部パラスポーツ課,03-5000-7242,
2026,09,スポーツ推進本部,08,生活文化・スポーツ,スポーツの振興,スポーツ空間リノベーション補助金,"補助金の目的：スポーツ環境の整備・促進に向けて、区市町村が行う取組を支援
補助対象者　：区市町村
補助対象経費：区市町村立スポーツ施設に係る工事費等
負担割合　　：原則 都1/2、区市町村1/2（ねんりんピックの大会会場等のための整備は都4/5、区市町村1/5）",1,区市町村,"604,165 ",スポーツ推進本部スポーツ総合推進部スポーツ課,03-5320-7714,
2026,09,スポーツ推進本部,08,生活文化・スポーツ,スポーツの振興,公益財団法人東京都スポーツ協会に対する補助金（東京都スポーツ協会助成）,"補助金の目的：東京都におけるスポーツの普及とその健全な発展を図るため、公益財団法人東京都スポーツ協会が行う事業に対して、東京都が補助金を交付する
補助対象者　：公益財団法人 東京都スポーツ協会
補助対象経費：国スポ等派遣費用、スポーツ振興事業に係る事業費及び事務費等
負担割合　　：都10/10",5,民間団体,"225,190 ",スポーツ推進本部スポーツ総合推進部スポーツ課,03-5320-7715,
2026,09,スポーツ推進本部,08,生活文化・スポーツ,スポーツの振興,公益財団法人東京都スポーツ文化事業団自主事業（スポーツ国際交流事業）に係る運営費補助金,"補助金の目的：ジュニア世代の競技力向上と、国際交流促進、次世代育成のため、海外各都市からサッカー、バドミントン、卓球、バレーボール、ソフトボールのジュニア選手やその指導者を招き、交流試合や指導者交流等の運営費を補助
補助対象者　：公益財団法人東京都スポーツ文化事業団
補助対象経費：管理運営経費及び事業運営経費
負担割合　　：都10/10",3,政策連携団体,"361,734 ",スポーツ推進本部スポーツ総合推進部プロジェクト推進課,03-5320-7847,
2026,10,都市整備局,14,都市の整備,緑確保の仕組みづくり,「農の風景育成地区」調査費補助,"補助金の目的：「農の風景育成地区」の指定促進
補助対象者　：区市町
補助対象経費：
（１）「農の風景育成地区」の指定・運営に向けた調査
（２）指定運営要綱第５条に規定する農の風景育成計画の策定に関わる事業
負担割合　　：都1/2（1事業当たり250万円限度）  区市町村1/2",1,区市町村,"10,000 ",都市整備局都市づくり政策部緑地景観課,03-5388-3264,https://www.toshiseibi.metro.tokyo.lg.jp/seisaku/midori_kakuho/chikuseido.html
2026,10,都市整備局,14,都市の整備,緑確保の仕組みづくり,「農の風景育成地区」の取組促進事業,"補助金の目的：「農の風景育成地区」の指定と同地区内の取組促進
補助対象者　：区市町
補助対象経費：育成地区に関わる情報発信活動又は育成地区の農の風景育成促進活動
負担割合　　：都1/2（1会計年度当たり250万円限度）  区市町村1/2",1,区市町村,"2,500 ",都市整備局都市づくり政策部緑地景観課,03-5388-3264,https://www.toshiseibi.metro.tokyo.lg.jp/seisaku/midori_kakuho/chikuseido.html
2026,10,都市整備局,14,都市の整備,生産緑地公園補助制度,生産緑地公園補助制度,"補助金の目的：生産緑地の買取り等を支援することで、都内における緑地を保全すること
補助対象者　：自治体（区市）
補助対象経費：都市計画公園・緑地整備事業のうち、都市計画公園・緑地区域内の生産緑地の買取り等事業費
負担割合　：都1/3 国1/3  区市町村1/3 　（都1/2 区市1/2）等",1,区市町村,"2,000,000 ",都市整備局都市づくり政策部緑地景観課,03-5388-3264,https://www.toshiseibi.metro.tokyo.lg.jp/jouhou/hojyoshisyutsu_r1_01.html
2026,10,都市整備局,14,都市の整備,緑あふれる公園緑地等整備事業補助制度,緑あふれる公園緑地等整備事業補助制度,"補助金の目的：公園緑地等の整備設置を促進、緑あふれる良好な都市環境の形成に寄与
補助対象者　：東京都内の区市町村（島しょ部を除く）
補助対象経費：都市計画施設以外の公園緑地計画地の土地の買入れ、公園施設の整備等に関わる事業
負担割合　　：都1/4等（国費の有無・額問わず）　区市町村3/4等",1,区市町村,"328,000 ",都市整備局都市づくり政策部緑地景観課,03-5388-3264,https://www.toshiseibi.metro.tokyo.lg.jp/bunyabetsu/ryokuchi_keikan/pdf/r6_shien_06n.pdf
2026,10,都市整備局,14,都市の整備,集約型地域構造への再編の促進,集約型の地域構造への再編に向けた計画策定支援事業,"補助金の目的：集約型地域構造への再編の促進
補助対象者　：区市町村
補助対象経費：区市町村が行う立地適正化計画を策定する事業に対し要する経費
負担割合　　：国1/2、都1/4、区市町村1/4",1,区市町村,"34,424 ",都市整備局都市づくり政策部広域調整課,03-5388-3383,
2026,10,都市整備局,14,都市の整備,多摩の拠点づくりの取組の促進,新たな道路・交通ネットワークをいかしたまちづくり支援事業,"補助金の目的：新たに整備する広域的な道路・交通ネットワークの沿線周辺において、ハード・ソフトの先進的なまちづくりを支援する。
補助対象者：多摩地域の都市計画区域内の市町
補助対象経費：まちづくりの検討、まちづくり検討会議等の開催等に関する経費
負担割合　　：都1/2、市町1/2（1地区あたり10,000千円を年間限度額）",1,区市町村,"80,000 ",都市整備局多摩まちづくり政策部多摩まちづくり推進課,03-5388-3243,https://www.toshiseibi.metro.tokyo.lg.jp/machizukuri/kozo_seibi/kyoten_seibi/tama_shien
2026,10,都市整備局,14,都市の整備,多摩の拠点づくりの取組の促進,特徴を踏まえたエリアのまちづくり支援事業,"補助金の目的：行政界を超えた地域特性を有するエリアのまちづくり、または既存ストック等を活用したまちづくりを促進するため、地元自治体の取組をパッケージにして支援。
補助対象者：多摩地域の地元自治体
補助対象経費：取組実施に関する検討、実際の取組等に関する経費
負担割合　　：都1/2、地元自治体1/2（1プロジェクトあたり10,000千円を年間限度額）",1,区市町村,"30,000 ",都市整備局多摩まちづくり政策部多摩まちづくり推進課,03-5388-3243,https://www.toshiseibi.metro.tokyo.lg.jp/machizukuri/kozo_seibi/kyoten_seibi/tama_shien
2026,10,都市整備局,14,都市の整備,多摩の拠点づくりの取組の促進,TAMA拠点形成プロジェクト推進支援事業,"補助金の目的：集約型地域構造への再編を目指し、拠点形成のための計画を推進するため、地元自治体の取組を支援。
補助対象者：多摩地域の地元自治体
補助対象経費：取組実施に関する検討、実際の取組等に関する経費
負担割合　　：都1/2、地元自治体1/2（1地区あたり10,000千円を年間限度額）",1,区市町村,"50,000 ",都市整備局多摩まちづくり政策部多摩まちづくり推進課,03-5320-5473,https://www.toshiseibi.metro.tokyo.lg.jp/machizukuri/kozo_seibi/kyoten_seibi/tama_shien
2026,10,都市整備局,14,都市の整備,既存ビルのリノベーションによるまちづくり,リノベーションによる再生まちづくり先行事業費補助金,"補助金の目的：まちづくりの方向性を踏まえたリノベーションの促進
補助対象者　：区
補助対象経費：再生まちづくり計画に基づく事業に必要な経費
負担割合　　：都1/2、区1/2",1,区市町村,"15,250 ",都市整備局都市づくり政策部土地利用計画課,03-5388-3276,https://www.toshiseibi.metro.tokyo.lg.jp/renova
2026,10,都市整備局,14,都市の整備,既存ビルのリノベーションによるまちづくり,リノベーション・モデル事業補助金,"補助金の目的：既存ビルのリノベーションについてのノウハウを収集し、新たな支援制度の検討に活用するとともに、取り組み事例として発信し、リノベーションによるまちづくりを促進
補助対象者　：民間事業者等
補助対象経費：改修工事費、耐震改修工事費
負担割合　　：都1/2、事業者1/2（上限20,000千円/棟）",5,民間団体,"80,000 ",都市整備局都市づくり政策部土地利用計画課,03-5388-3276,https://www.toshiseibi.metro.tokyo.lg.jp/renova
2026,10,都市整備局,14,都市の整備,既存ビルのリノベーションによるまちづくり,リノベーションによる再生まちづくり促進事業費補助金,"補助金の目的：まちづくりの方向性を踏まえたリノベーションの促進
補助対象者　：区
補助対象経費：まちづくりの方針案を策定するために必要な調査費、再生まちづくり計画に基づく事業に必要な経費
負担割合　　：都1/2、区1/2",1,区市町村,"15,000 ",都市整備局都市づくり政策部土地利用計画課,03-5388-3276,
2026,10,都市整備局,14,都市の整備,土地取引の規制事務等,"2,000㎡以上届出経由事務","補助金の目的：国土利用計画法の適切な運用
補助対象者　：区市町村
補助対象経費：土地取引の届出の経由に関する事務
負担割合　　：都2/3、区市町村1/3",1,区市町村,"4,612 ",都市整備局都市づくり政策部都市計画課,03-5388-3216,
2026,10,都市整備局,14,都市の整備,土地取引の規制事務等,遊休土地に関する事務,"補助金の目的：国土利用計画法の適切な運用
補助対象者　：区市町村
補助対象経費：遊休土地の利用促進に関する事務
負担割合　　：都1/2、区市町村1/2",1,区市町村,13 ,都市整備局都市づくり政策部都市計画課,03-5388-3216,
2026,10,都市整備局,14,都市の整備,国土調査,地籍調査,"補助金の目的：国土の開発及び保全並びにその利用の高度化に資する
補助対象者　：区市町村
補助対象経費：地籍調査事業
負担割合　　：都1/4、区市町村1/4、国1/2",1,区市町村,"586,160 ",都市整備局都市づくり政策部土地利用計画課,03-5388-3229,https://www.toshiseibi.metro.tokyo.lg.jp/seisaku/kokudo/index.html
2026,10,都市整備局,14,都市の整備,総合治水対策事業,流域対策強化・推進補助事業(公共施設に係る抑制事業）,"補助金の目的　：総合的な治水対策
補助対象者　 　：全市区町村（島しょを除く）
補助対象経費　：公共施設に係る抑制事業
負担割合　　　　：予算の範囲内で次の各項目の通り
１　雨水流出抑制施設の設置に係る実施計画策定委託費及び工事
　・　計画策定：委託費の２分の１以内（上限：１件当たり200万円）
　・　設置事業：工事費の3分の１以内（上限：対策量１?当たり５万円）※公共施設の立替計画に基づかない事業
２　自然が有する機能を活用し、緑化等を伴う雨水貯留浸透施設
　・　設置事業：工事費の3分の１以内（上限：対策量１?当たり５万円）",1,区市町村,"133,062 ",都市整備局都市基盤部調整課,03-5388-3386,
2026,10,都市整備局,14,都市の整備,総合治水対策事業,流域対策強化・推進補助事業（民間施設に係る抑制事業）,"補助金の目的　：総合的な治水対策
補助対象者　　：全市区町村（島しょを除く）
補助対象経費　：民間施設（個人が所有する住宅等）に係る抑制事業
負担割合　　　　：予算の範囲内で次の各項目の通り
１　雨水流出抑制施設の設置
　・　区市町村が定める助成額の 9/20（１件当たり上限24万円）〔雨水タンクは 11/80（１個当たり上限7,700円）〕
２　自然が有する機能を活用し、緑化等を伴う雨水貯留浸透施設
　・　区市町村が定める助成額の 9/20（１件当たり上限24万円）",1,区市町村,"38,242 ",都市整備局都市基盤部調整課,03-5388-3386,
2026,10,都市整備局,14,都市の整備,総合治水対策事業,流域対策強化・推進補助事業（機運醸成に資する取組）,"補助金の目的　：総合的な治水対策
補助対象者　　：全市区町村（島しょを除く）
補助対象経費　：機運醸成に資する取組
負担割合　　　　：予算の範囲内で豪雨対策に資する広報活動、出前講座、防災学習等の機運醸成に資する費用等の２分の１（１区市町村当たり上限500万円）",1,区市町村,"7,746 ",都市整備局都市基盤部調整課,03-5388-3386,
2026,10,都市整備局,14,都市の整備,総合治水対策事業,流域対策強化・推進補助事業（区市町村が提案する先進的な取組）,"補助金の目的　：総合的な治水対策
補助対象者　　：全市区町村（島しょを除く）
補助対象経費　：区市町村が提案する先進的な取組
負担割合　　　　：予算の範囲内で、区市町村が提案する豪雨対策に資する先駆的な取組で都が認めた事業に係る経費の１０分の１０（１区市町村当たり上限1,000万円）",1,区市町村,"41,000 ",都市整備局都市基盤部調整課,03-5388-3386,
2026,10,都市整備局,14,都市の整備,施設計画に関する調査,東京都舟運活性化事業費補助金（運航補助）（環状航路事業）,"補助金の目的：舟運を活用した交通ネットワークの確保
補助対象者　：舟運事業者等
補助対象経費：運航の実施に要する経費
負担割合　　：都1/2 ",5,民間団体,"84,000 ",都市整備局都市基盤部交通企画課,03-5388-3396 ,https://www.toshiseibi.metro.tokyo.lg.jp/kotsu_butsuryu/kotsuseisaku/kotsu_suishin/syuun_kasseika
2026,10,都市整備局,14,都市の整備,施設計画に関する調査,東京都舟運活性化事業費補助金（船着場予約システム）,"補助金の目的：船着場管理をデジタル化するための初期費用を支援
補助対象者　：船着場管理者等
補助対象経費：システムの導入の実施に要する費用
負担割合　　：都1/2",5,民間団体,500 ,都市整備局都市基盤部交通企画課,03-5388-3396 ,https://www.toshiseibi.metro.tokyo.lg.jp/kotsu_butsuryu/kotsuseisaku/kotsu_suishin/syuun_kasseika
2026,10,都市整備局,14,都市の整備,施設計画に関する調査,自動運転サービスの実装（定常運行）に関する補助,"補助金の目的：自動運転サービス導入の促進
補助対象者　：区市町村及び交通事業者
補助対象経費：自動運転サービス導入に係る費用
負担割合　　：都１（上限月500万円）",7,その他団体,"276,000 ",都市整備局都市基盤部交通企画課,03-5388-3385 ,
2026,10,都市整備局,17,その他,施設計画に関する調査,空飛ぶクルマ実装プロジェクト（Ⅰ期）補助金（都市整備局）,"・補助金の目的：空飛ぶクルマ社会実装の推進
・補助対象者：民間事業者（その他要件有）
・補助対象経費：空飛ぶクルマ実装プロジェクト（Ⅰ期）公募要領に基づき、採択された事業に要する経費の内、空飛ぶクルマ実装プロジェクト（Ⅰ期）補助金交付要綱の条件に合致するもの
・負担割合：都10/10",5,民間団体,"370,000 ",都市整備局都市基盤部交通企画課,03-5388-3283,https://www.seisakukikaku.metro.tokyo.lg.jp/cross-efforts/sorajissou
2026,10,都市整備局,14,都市の整備,施設計画に関する調査,自動運転の実装に向けた社会受容性向上支援事業補助金,"補助金の目的：東京における自動運転レベル４等の先進モビリティサービスを実現・普及させ、都内産業の活性化及び東京のプレゼンス向上を図る
補助事業：自動運転、自動運転化技術などが都民等の理解を得て受け入れられることを目的とした事業（その他要件有）
補助対象経費：会場費、設営・撤去費、人件費、広報費、物品購入費、委託費、リース費等、国や地方自治体からの補助金・助成金若しくは交付金を充当していない経費（その他要件有）
補助限度額：10,000千円
負担割合：
・推進区域内　
　中小企業者であって大企業が実質的に経営に参画していない者10/10
　中小企業者でない場合 2/3
・推進区域外
　中小企業者であって大企業が実質的に経営に参画していない者2/3
　中小企業者でない場合 1/2",1,区市町村,"50,000 ",都市整備局都市基盤部交通企画課,03-5388-3385 ,
2026,10,都市整備局,14,都市の整備,施設計画に関する調査,本線料金所スマート化促進事業費補助金,"補助金の目的：高速道路の本線料金所撤廃の早期実現に向けた取組を推進し、交通の円滑化や事故の低減を図る。
補助金の対象者：首都高速道路株式会社、独立行政法人日本高速道路保有・債務返済機構
補助対象経費：現金車等への料金収受機能等の確保に必要な施設整備やシステム構築等に資する事業（以下「施設整備等事業」)
　　　　　　　都民に対してＥＴＣ利用を促進する取組、不正通行を抑止する取組及び安全で適正な高速道路利用を推進する取組に資する事業（以下「ＥＴＣ利用促進等事業」）
負担割合：施設整備等事業⇒都：10/10以下、ＥＴＣ利用促進事業⇒都：1/2以下
　　　　　※いずれも予算の範囲内",5,民間団体,"200,000 ",都市整備局都市基盤部街路計画課,03-5388-3294,
2026,10,都市整備局,14,都市の整備,施設計画に関する調査,道路空間再編事業補助金,"補助金の目的：ゆとりや賑わい等の新たな付加価値を生み出す道路空間の再編整備の推進
補助対象者　：区市
補助対象経費：リーディング路線において区市が行う調査・検討又は整備に係る費用
負担割合　　：都1/2",1,区市町村,"220,000 ",都市整備局都市基盤部街路計画課,03-5388-3379,
2026,10,都市整備局,14,都市の整備,施設計画に関する調査,"
都市計画道路用地の先行取得に関する建築物除却補助金
","補助金の目的：都市計画道路用地の先行取得の活用促進
補助対象者　：第五次事業化計画における優先整備路線（東京都施行）区域内の土地所有者
補助対象経費：都市計画道路用地の先行取得において買収候補地として選定された土地にある建築物の除却工事
負担割合　　：当該建築物の延べ床面積に、次に掲げる単価を乗じて得た額を限度とする
・木造建築物の場合 １㎡当たり33,000円
・非木造建築物の場合 １㎡当たり47,000円 ",6,一般都民,"23,500 ",都市整備局都市基盤部街路計画課,03-5388-3379,https://www.toshiseibi.metro.tokyo.lg.jp/kotsu_butsuryu/doromou/keikaku_doro/keikaku_torikumi/senkou_shutoku
2026,10,都市整備局,14,都市の整備,都市高速鉄道建設助成,地下高速鉄道建設助成（東京都交通局）,"補助金の目的：都における地下高速鉄道の建設促進を図るため、東京都交通局及び東京地下鉄㈱が施行する、地下高速鉄道の新線建設、耐震補強及び大規模改良、浸水対策に対して建設費の助成を行う。
補助対象者　：東京都交通局
補助対象事業：新線建設並びに営業開始後の耐震補強、浸水対策及び大規模改良を目的とした事業
負担割合　　：国63/250、都70/250、事業者117/250
補助対象建設費×（１－自己資金調達可能率（20％））×35％（都負担分）
※国はさらに１割減",4,公営企業,"1,733,283 ",都市整備局都市基盤部調整課,03-5388-3275,https://www.kaikeikanri.metro.tokyo.lg.jp/about/jyouhoukoukai/hojyokin
2026,10,都市整備局,14,都市の整備,都市高速鉄道建設助成,地下高速鉄道建設助成（東京地下鉄（株））,"補助金の目的：都における地下高速鉄道の建設促進を図るため、東京都交通局及び東京地下鉄㈱が施行する、地下高速鉄道の新線建設、耐震補強及び大規模改良、浸水対策に対して建設費の助成を行う。
補助対象者　：東京地下鉄株式会社
補助対象事業：新線建設並びに営業開始後の耐震補強、浸水対策及び大規模改良を目的とした事業
負担割合　　：国63/250、都70/250、事業者117/250
補助対象建設費×（１－自己資金調達可能率（20％））×35％（都負担分）
※国はさらに１割減",5,民間団体,"7,638,799 ",都市整備局都市基盤部調整課,03-5388-3275,https://www.kaikeikanri.metro.tokyo.lg.jp/about/jyouhoukoukai/hojyokin
2026,10,都市整備局,14,都市の整備,都市高速鉄道建設助成,都市鉄道利便増進事業費補助金,"補助金の目的：都における都市鉄道の利便増進を図るため、都市鉄道利便増進事業の施設整備に係る経費の助成を行う。
補助対象者　：羽田エアポートライン株式会社
補助対象事業：都市鉄道等利便増進法第５条第４項の規定による国土交通大臣の認定を受けた速達性向上計画に基づき実施される施設の整備で、同法に規定する速達性向上事業
負担割合　　：国1/3、都1/10、区、7/30、事業者1/3
（新空港線の整備について、地元区との合意に基づき、事業に要する費用の地方負担分の一部を助成）",5,民間団体,"16,000 ",都市整備局都市基盤部交通企画課,03-5388-3284,
2026,10,都市整備局,14,都市の整備,バス事業助成,地方バス路線維持助成,"補助金の目的：過疎現象等による輸送人員の減少のため、地域住民の生活の必要なバス路線の維持が困難となっている路線に対し、生活交通路線の確保対策の一環として、広域的・幹線的なバス路線の運航を維持するために助成するものであり、もって地域住民の福祉を確保することを目的とする。
補助対象者　：乗合バス事業者
補助対象事業：地域間幹線系統確保維持協議会において、地域住民の生活に必要な旅客自動車運送の確保のために、維持・確保が必要と認められ、 東京都知事が指定し、かつ、次に掲げる 全て の要件を満たすものについて、補助を行う。
〇複数市町村にまたがるもの
〇キロ程が１０キロメートル以上のもの
〇１日当たりの輸送量が１５人から１５０人のもの
〇１日当たりの運行回数が３回以上のもの
〇西多摩地域広域行政圏に位置する市町村で生活基盤が整備されていると協議会が認めたもの
〇経常収益が経常費用の２０分の１１以上の路線又は２０分の１１に満たない路線で市町村が補助することにより２０分の１１に達するもの（補助は経常費用の２０分の９を限度とする）
負担割合　　：補助対象経費の２分の１",5,民間団体,"56,844 ",都市整備局都市基盤部調整課,03-5388-3275,https://www.kaikeikanri.metro.tokyo.lg.jp/about/jyouhoukoukai/hojyokin
2026,10,都市整備局,14,都市の整備,運輸事業振興助成交付金,運輸事業振興助成交付金（東京都交通局）,"補助金の目的：東京の交通問題の解決に資し、都民の利便性及び安全性の向上を図るために、公共輸送機関としてのバス及びトラック事業の整備改善を実施することを目的とする。
補助対象者　：バス事業　（一社）東京バス協会、東京都交通局、八丈町、三宅村　、　トラック事業　（一社）東京都トラック協会
補助対象事業：１　軽油を燃料とする自動車を用いて行われる運輸事業（以下「特定運輸事業」という。）を営む者が行う旅客又は貨物の輸送の安全の確保に関する事業
　２　特定運輸事業に係るサービスの改善及び向上に関する事業
　３　特定運輸事業に係る公害の防止、地球温暖化の防止その他の環境の保全に関する事業
　４　特定運輸事業の適正化に関する事業
　５　特定運輸事業を営む者の共同利用に供する施設の設置又は運営に関する事業
　６　特定運輸事業を営む者が震災その他の災害に際し必要な物資を運送するための体制の整備に関する事業
　７　特定運輸事業を営む者の経営の安定化に寄与する事業（当該事業に要する費用に充てるための基金を設けて行われるものに限る。）
　８　全国を単位とする一般社団法人（一般社団法人及び一般財団法人に関する法律及び公益社団法人及び公益財団法人の認定等に関する法律の施行に伴う関係法律の整備等に関する法律（平成１８年法律第５０号）第３８条の規定による改正前の民法（明治２９年法律第８９号）第３４条の規定により設立された社団法人であったものに限る。）であって、１から７までに掲げる事業を行うものに対し、当該事業に要する資金の出えんを行う事業（当該一般社団法人が当該出えんを行う者を社員とする場合に限る。）
　９　１から８までに掲げるもののほか、特定運輸事業の振興に資する事業で国土交通大臣が総務大臣に協議して定めるもの
負担割合　　：交付金の額は、次の算式により算定した額を限度とする。
Ａ×Ｂ×Ｃ×Ｄ×（１－０．０７（徴税費率））
Ａ：当該年度の軽油引取税収入見込額
Ｂ：自動車に係る軽油使用量の課税対象総軽油引取量に対する割合
Ｃ：交付対象者に係る交付割合
  　  ｅ／（ａ＋ｂ＋ｃ＋ｄ）     　  
　　ａ：営業用バスの標準軽油使用量×営業用バスの登録台数
　　ｂ：営業用トラックの標準軽油使用量×営業用トラックの登録台数
　　ｃ：自家用バスの標準軽油使用量×自家用バスの登録台数
　　ｄ：自家用トラックの標準軽油使用量×自家用トラックの登録台数
　　ｅ：営業用バス又は営業用トラックの標準軽油使用量×交付対象者に係る営業用バス又は営業用トラックの登録台数
Ｄ：運輸事業の振興の助成に関する法律施行規則（平成２３年９月２６日総務省、国土交通省令第１号）第２条に基づき総務大臣が定めるもの",4,公営企業,"13,025 ",都市整備局都市基盤部調整課,03-5388-3275,https://www.kaikeikanri.metro.tokyo.lg.jp/about/jyouhoukoukai/hojyokin
2026,10,都市整備局,14,都市の整備,運輸事業振興助成交付金,運輸事業振興助成交付金（八丈町、三宅村）,"補助金の目的：東京の交通問題の解決に資し、都民の利便性及び安全性の向上を図るために、公共輸送機関としてのバス及びトラック事業の整備改善を実施することを目的とする。
補助対象者　：バス事業　（一社）東京バス協会、東京都交通局、八丈町、三宅村　、　トラック事業　（一社）東京都トラック協会
補助対象事業：１　軽油を燃料とする自動車を用いて行われる運輸事業（以下「特定運輸事業」という。）を営む者が行う旅客又は貨物の輸送の安全の確保に関する事業
　２　特定運輸事業に係るサービスの改善及び向上に関する事業
　３　特定運輸事業に係る公害の防止、地球温暖化の防止その他の環境の保全に関する事業
　４　特定運輸事業の適正化に関する事業
　５　特定運輸事業を営む者の共同利用に供する施設の設置又は運営に関する事業
　６　特定運輸事業を営む者が震災その他の災害に際し必要な物資を運送するための体制の整備に関する事業
　７　特定運輸事業を営む者の経営の安定化に寄与する事業（当該事業に要する費用に充てるための基金を設けて行われるものに限る。）
　８　全国を単位とする一般社団法人（一般社団法人及び一般財団法人に関する法律及び公益社団法人及び公益財団法人の認定等に関する法律の施行に伴う関係法律の整備等に関する法律（平成１８年法律第５０号）第３８条の規定による改正前の民法（明治２９年法律第８９号）第３４条の規定により設立された社団法人であったものに限る。）であって、１から７までに掲げる事業を行うものに対し、当該事業に要する資金の出えんを行う事業（当該一般社団法人が当該出えんを行う者を社員とする場合に限る。）
　９　１から８までに掲げるもののほか、特定運輸事業の振興に資する事業で国土交通大臣が総務大臣に協議して定めるもの
負担割合　　：交付金の額は、次の算式により算定した額を限度とする。
Ａ×Ｂ×Ｃ×Ｄ×（１－０．０７（徴税費率））
Ａ：当該年度の軽油引取税収入見込額
Ｂ：自動車に係る軽油使用量の課税対象総軽油引取量に対する割合
Ｃ：交付対象者に係る交付割合
  　  ｅ／（ａ＋ｂ＋ｃ＋ｄ）     　  
　　ａ：営業用バスの標準軽油使用量×営業用バスの登録台数
　　ｂ：営業用トラックの標準軽油使用量×営業用トラックの登録台数
　　ｃ：自家用バスの標準軽油使用量×自家用バスの登録台数
　　ｄ：自家用トラックの標準軽油使用量×自家用トラックの登録台数
　　ｅ：営業用バス又は営業用トラックの標準軽油使用量×交付対象者に係る営業用バス又は営業用トラックの登録台数
Ｄ：運輸事業の振興の助成に関する法律施行規則（平成２３年９月２６日総務省、国土交通省令第１号）第２条に基づき総務大臣が定めるもの",1,区市町村,189 ,都市整備局都市基盤部調整課,03-5388-3275,https://www.kaikeikanri.metro.tokyo.lg.jp/about/jyouhoukoukai/hojyokin
2026,10,都市整備局,14,都市の整備,運輸事業振興助成交付金,運輸事業振興助成交付金（（一社）東京バス協会、（一社）東京都トラック協会）,"補助金の目的：東京の交通問題の解決に資し、都民の利便性及び安全性の向上を図るために、公共輸送機関としてのバス及びトラック事業の整備改善を実施することを目的とする。
補助対象者　：バス事業　（一社）東京バス協会、東京都交通局、八丈町、三宅村　、　トラック事業　（一社）東京都トラック協会
補助対象事業：１　軽油を燃料とする自動車を用いて行われる運輸事業（以下「特定運輸事業」という。）を営む者が行う旅客又は貨物の輸送の安全の確保に関する事業
　２　特定運輸事業に係るサービスの改善及び向上に関する事業
　３　特定運輸事業に係る公害の防止、地球温暖化の防止その他の環境の保全に関する事業
　４　特定運輸事業の適正化に関する事業
　５　特定運輸事業を営む者の共同利用に供する施設の設置又は運営に関する事業
　６　特定運輸事業を営む者が震災その他の災害に際し必要な物資を運送するための体制の整備に関する事業
　７　特定運輸事業を営む者の経営の安定化に寄与する事業（当該事業に要する費用に充てるための基金を設けて行われるものに限る。）
　８　全国を単位とする一般社団法人（一般社団法人及び一般財団法人に関する法律及び公益社団法人及び公益財団法人の認定等に関する法律の施行に伴う関係法律の整備等に関する法律（平成１８年法律第５０号）第３８条の規定による改正前の民法（明治２９年法律第８９号）第３４条の規定により設立された社団法人であったものに限る。）であって、１から７までに掲げる事業を行うものに対し、当該事業に要する資金の出えんを行う事業（当該一般社団法人が当該出えんを行う者を社員とする場合に限る。）
　９　１から８までに掲げるもののほか、特定運輸事業の振興に資する事業で国土交通大臣が総務大臣に協議して定めるもの
負担割合　　：交付金の額は、次の算式により算定した額を限度とする。
Ａ×Ｂ×Ｃ×Ｄ×（１－０．０７（徴税費率））
Ａ：当該年度の軽油引取税収入見込額
Ｂ：自動車に係る軽油使用量の課税対象総軽油引取量に対する割合
Ｃ：交付対象者に係る交付割合
  　  ｅ／（ａ＋ｂ＋ｃ＋ｄ）     　  
　　ａ：営業用バスの標準軽油使用量×営業用バスの登録台数
　　ｂ：営業用トラックの標準軽油使用量×営業用トラックの登録台数
　　ｃ：自家用バスの標準軽油使用量×自家用バスの登録台数
　　ｄ：自家用トラックの標準軽油使用量×自家用トラックの登録台数
　　ｅ：営業用バス又は営業用トラックの標準軽油使用量×交付対象者に係る営業用バス又は営業用トラックの登録台数
Ｄ：運輸事業の振興の助成に関する法律施行規則（平成２３年９月２６日総務省、国土交通省令第１号）第２条に基づき総務大臣が定めるもの",5,民間団体,"970,840 ",都市整備局都市基盤部調整課,03-5388-3275,https://www.kaikeikanri.metro.tokyo.lg.jp/about/jyouhoukoukai/hojyokin
2026,10,都市整備局,14,都市の整備,鉄道施設安全対策事業,東京都鉄道施設安全対策事業費補助金（鉄道施設耐震対策事業）,"補助金の目的：鉄道施設の耐震化を促進し、鉄道利用者の安全確保等を図る
補助対象者　：鉄道事業者又は軌道経営者（JR東日本及び地下高速鉄道事業者を除く。）
補助対象経費：鉄道施設の耐震補強に要する経費のうち、本工事費及び附帯工事費（移転補償費を除く）
負担割合　　：国1/3以内、都1/3以内、事業者1/3以上",5,民間団体,"475,538 ",都市整備局都市基盤部交通企画課,03-5388-3321,https://www.toshiseibi.metro.tokyo.lg.jp/kenchiku/ansen.html
2026,10,都市整備局,14,都市の整備,都市再生交通拠点整備事業,東京都都市再生交通拠点整備事業費補助金,"補助金の目的：公共的空間などを総合的に整備し、都市交通の円滑化を図るとともに、都市施設整備や土地利用の再編による都市再生を推進する。
補助対象者　：東日本旅客鉄道株式会社
補助対象経費：詳細設計、支障移転工事、本体工事
負担割合　　：国1/3、都1/3、事業者1/3",5,民間団体,"2,100,000 ",都市整備局都市基盤部街路計画課,03-5388-3292,https://www.kaikeikanri.metro.tokyo.lg.jp/about/jyouhoukoukai/hojyokin
2026,10,都市整備局,14,都市の整備,区施行連続立体交差事業費補助,区施行連続立体交差事業費補助（墨田区）,"補助金の目的：連立事業に係る経費の一部を補助することにより、事業の推進を図り、交通渋滞の解消、鉄道により分断されている地域の一体化等を図る
補助対象者　：墨田区
補助対象経費：補助対象事業費
負担割合　　：国11/20以内、都27/200以内、事業者63/200以上",1,区市町村,"837,000 ",都市整備局都市基盤部交通企画課,03-5388-3284,https://www.kaikeikanri.metro.tokyo.lg.jp/about/jyouhoukoukai/hojyokin
2026,10,都市整備局,14,都市の整備,鉄道駅総合バリアフリー推進事業,バリアフリー基本構想等作成事業補助,"補助金の目的：区市町村の計画策定促進を通じた都内のバリアフリー化
補助対象者　：区市町村
補助対象経費：バリアフリー基本構想及び移動等円滑化促進方針の策定経費
負担割合　　：国1/2、都1/4、区市町村1/4（国1/3、都1/3、区市町村1/3 社資交付金の場合）",1,区市町村,"30,021 ",都市整備局都市基盤部交通企画課,03-5388-3214,https://www.toshiseibi.metro.tokyo.lg.jp/bunyabetsu/machizukuri/bfree/tetsudo.html
2026,10,都市整備局,14,都市の整備,鉄道駅総合バリアフリー推進事業,ホームドア等整備促進事業費補助,"補助金の目的：鉄道駅等のバリアフリー化を推進するため
補助対象者　：区市町村
補助対象経費：鉄軌道駅におけるホームドア及び内方線付き点状ブロックの整備に関する経費
負担割合　　：国1/3、都1/6、区市町村1/6、鉄軌道事業者1/3",1,区市町村,"60,645 ",都市整備局都市基盤部交通企画課,03-5388-3214,https://www.toshiseibi.metro.tokyo.lg.jp/bunyabetsu/machizukuri/bfree/tetsudo.html
2026,10,都市整備局,14,都市の整備,鉄道駅総合バリアフリー推進事業,鉄道駅エレベーター等整備事業費補助,"補助金の目的：鉄道駅等のバリアフリー化を推進するため
補助対象者　：区市町村
補助対象経費：鉄軌道駅における垂直移動装置、障害者用誘導ブロック、スロープ及び手すり
の整備に関する経費
負担割合　　：国1/3、都1/6、区市町村1/6、鉄軌道事業者1/3",1,区市町村,"20,000 ",都市整備局都市基盤部交通企画課,03-5388-3214,https://www.toshiseibi.metro.tokyo.lg.jp/bunyabetsu/machizukuri/bfree/tetsudo.html
2026,10,都市整備局,14,都市の整備,鉄道駅総合バリアフリー推進事業,鉄道駅バリアフリートイレ等整備促進事業費補助,"補助金の目的：鉄道駅等のバリアフリー化を推進するため
補助対象者　：区市町村
補助対象経費：鉄軌道駅におけるバリアフリートイレの整備及び一般便房への機能分散整備に関する経費
負担割合　　：国1/3、都1/6、区市町村1/6、鉄軌道事業者1/3",1,区市町村,"5,000 ",都市整備局都市基盤部交通企画課,03-5388-3214,
2026,10,都市整備局,14,都市の整備,鉄道駅総合バリアフリー推進事業,ホームドア整備加速緊急対策事業,"補助金の目的：都内におけるＪＲ及び私鉄駅のホームドア整備を加速するため
補助対象者　：鉄道事業者
補助対象経費：鉄道駅におけるホームドアの整備に関する経費
負担割合　　：国1/3、都1/3、鉄道事業者1/3",5,民間団体,"7,560,000 ",都市整備局都市基盤部交通企画課,03-5388-3214,https://www.toshiseibi.metro.tokyo.lg.jp/bunyabetsu/machizukuri/bfree/tetsudo.html
2026,10,都市整備局,14,都市の整備,品川駅東西自由通路整備事業,東京都国際競争拠点都市整備事業費補助金,"補助金の目的：特定都市再生緊急整備地域において実施される、都市の国際競争力強化につながる都市開発事業に関連して必要となる公共公益施設の整備
補助対象者　：地方公共団体以外の施行者
補助対象経費：国際競争拠点都市整備事業計画に位置付けされた事業
負担割合　　：国1/3、都1/3、事業者1/3",5,民間団体,"59,580 ",都市整備局都市基盤部街路計画課,03-5388-3292,https://www.kaikeikanri.metro.tokyo.lg.jp/about/jyouhoukoukai/hojyokin
2026,10,都市整備局,14,都市の整備,京急品川駅総合改善事業,東京都鉄道駅総合改善事業費補助金（京急品川駅）,"補助金の目的：京急品川駅利用者の利便性、円滑性及び安全性の向上等を図る
補助対象者　：京浜急行電鉄株式会社
補助対象経費：京急品川駅総合改善事業に要する経費のうち、本工事費、附帯工事費及び用地費
負担割合　　：国1/3以内、都7/30以内、区市町村1/10以内、事業者1/3以上",5,民間団体,"140,000 ",都市整備局都市基盤部交通企画課,03-5388-3214,https://www.kaikeikanri.metro.tokyo.lg.jp/about/jyouhoukoukai/hojyokin
2026,10,都市整備局,14,都市の整備,地域公共交通の充実・強化,"東京都持続可能な地域公共交通実現に向けた事業費補助金
(地域公共交通計画策定費)","補助金の目的：区市町村事業への支援による地域公共交通ネットワーク形成の促進
補助対象者　：区市町村
補助対象経費：地域公共交通計画策定に要する調査検討費
負担割合　　：都1/2、区市町村1/2",1,区市町村,"17,658 ",都市整備局都市基盤部交通企画課,03-5388-3307,https://www.toshiseibi.metro.tokyo.lg.jp/bunyabetsu/kotsu_butsuryu/chiiki_koutsu.html
2026,10,都市整備局,14,都市の整備,地域公共交通の充実・強化,"東京都持続可能な地域公共交通実現に向けた事業費補助金
(調査検討費)","補助金の目的：区市町村事業への支援による地域公共交通ネットワーク形成の促進
補助対象者　：区市町村
補助対象経費：現況交通実態調査、ニーズ把握調査、実施計画策定に要する調査検討費
負担割合　　：都1/2、区市町村1/2",1,区市町村,"50,338 ",都市整備局都市基盤部交通企画課,03-5388-3307,https://www.toshiseibi.metro.tokyo.lg.jp/bunyabetsu/kotsu_butsuryu/chiiki_koutsu.html
2026,10,都市整備局,14,都市の整備,地域公共交通の充実・強化,"東京都持続可能な地域公共交通実現に向けた事業費補助金
(車両購入費)","補助金の目的：区市町村事業への支援による地域公共交通ネットワーク形成の促進
補助対象者　：区市町村
補助対象経費：新規導入・再編に係る車両購入費
負担割合　　：都1/2、区市町村1/2",1,区市町村,"111,749 ",都市整備局都市基盤部交通企画課,03-5388-3307,https://www.toshiseibi.metro.tokyo.lg.jp/bunyabetsu/kotsu_butsuryu/chiiki_koutsu.html
2026,10,都市整備局,14,都市の整備,地域公共交通の充実・強化,"東京都持続可能な地域公共交通実現に向けた事業費補助金
（車両更新費)","補助金の目的：区市町村事業への支援による地域公共交通ネットワーク形成の促進
補助対象者　：区市町村
補助対象経費：ユニバーサルデザイン又は環境改善に資する車両等への更新費
負担割合　　：都1/2、区市町村1/2",1,区市町村,"170,911 ",都市整備局都市基盤部交通企画課,03-5388-3307,https://www.toshiseibi.metro.tokyo.lg.jp/bunyabetsu/kotsu_butsuryu/chiiki_koutsu.html
2026,10,都市整備局,14,都市の整備,地域公共交通の充実・強化,"東京都持続可能な地域公共交通実現に向けた事業費補助金
(実証運行経費)","補助金の目的：区市町村事業への支援による地域公共交通ネットワーク形成の促進
補助対象者　：区市町村
補助対象経費：実証運行実施に要する経費
負担割合　　：都1/2、区市町村1/2",1,区市町村,"166,562 ",都市整備局都市基盤部交通企画課,"03-5388-3398
03-5388-3307",https://www.toshiseibi.metro.tokyo.lg.jp/bunyabetsu/kotsu_butsuryu/chiiki_koutsu.html
2026,10,都市整備局,14,都市の整備,地域公共交通の充実・強化,"東京都持続可能な地域公共交通実現に向けた事業費補助金
(本格運行経費)","補助金の目的：区市町村事業への支援による地域公共交通ネットワーク形成の促進
補助対象者　：区市町村
補助対象経費：本格運行実施に要する経費
負担割合　　：都1/2、区市町村1/2",1,区市町村,"238,991 ",都市整備局都市基盤部交通企画課,"03-5388-3398
03-5388-3307",https://www.toshiseibi.metro.tokyo.lg.jp/bunyabetsu/kotsu_butsuryu/chiiki_koutsu.html
2026,10,都市整備局,14,都市の整備,飯田橋駅周辺基盤整備事業,東京都都市・地域交通戦略推進事業補助金,"補助金の目的：周辺開発の機運を活かし、飯田橋駅を中心とした周辺整備を行うことで「まちの顔づくり」を進め、まちとの繋がりや、高い利便性と賑わいある空間を創出していく
補助対象者　：事業者
補助対象経費：飯田橋駅周辺基盤整備に対する事業補助
負担割合　　：国1/3、都・区1/3、事業者1/3",5,民間団体,"286,000 ",都市整備局都市基盤部交通企画課,03-5388-3325,https://www.kaikeikanri.metro.tokyo.lg.jp/about/jyouhoukoukai/hojyokin
2026,10,都市整備局,14,都市の整備,地下街等安全対策事業,東京都地下街安全対策事業費補助金,"補助金の目的：大規模地震発生時や浸水時における安心な避難空間の確保を図り、地下街の防災対策の推進を行うことで災害に強い都市を形成
補助対象者　：事業者
補助対象経費：地下街防災推進計画の策定や各種調査や事業
負担割合　　：都1/3、国1/3、事業者1/3",5,民間団体,"117,300 ",都市整備局都市基盤部調整課,03-5388-3386,https://www.kaikeikanri.metro.tokyo.lg.jp/about/jyouhoukoukai/hojyokin
2026,10,都市整備局,14,都市の整備,京王線新宿駅総合改善事業,東京都鉄道駅総合改善事業費補助金（京王線新宿駅）,"補助金の目的：京王線新宿駅利用者の利便性、円滑性及び安全性の向上等を図る
補助対象者　：京王電鉄株式会社
補助対象経費：京王線新宿駅総合改善事業に要する経費のうち、本工事費、附帯工事費及び用地費
負担割合　　：国1/3以内、都7/30以内、区市町村1/10以内、事業者1/3以上",5,民間団体,"137,900 ",都市整備局都市基盤部交通企画課,03-5388-3321,https://www.kaikeikanri.metro.tokyo.lg.jp/about/jyouhoukoukai/hojyokin
2026,10,都市整備局,14,都市の整備,鉄道駅ユニバーサルコミュニケーションシステム整備事業,鉄道駅ユニバーサルコミュニケーションシステム整備事業,"補助金の目的：鉄道駅のユニバーサルコミュニケーションの取組を推進するため
補助対象者　：都内に駅を有する鉄軌道事業者
補助対象経費：都内駅のユニバーサルコミュニケーションの取組促進に要する経費
負担割合　　：都1/2、事業者1/2",5,民間団体,"5,609 ",都市整備局都市基盤部交通企画課,03-5388-3214,https://www.kaikeikanri.metro.tokyo.lg.jp/about/jyouhoukoukai/hojyokin
2026,10,都市整備局,14,都市の整備,都市高速鉄道建設助成,都市・地域交通戦略推進事業費補助金（多摩都市モノレール）,"補助金の目的：多摩地域の公共交通ネットワーク強化を図るため、多摩モノレール株式会社が施行する箱根ケ崎方面延伸にかかるインフラ外部整備の助成を行う。
補助対象者：多摩都市モノレール株式会社
補助対象事業：インフラ外部整備事業
負担割合：都1/2、国1/2",3,政策連携団体,"66,000 ",都市整備局都市基盤部交通企画課,03-5388-3284,
2026,10,都市整備局,14,都市の整備,東京都盛土対策補助事業,東京都盛土対策補助事業（恒久対策工事）【都単独事業・区市町村】,"補助金の目的：市街地の防災性の向上
補助対象者　：区市町村
補助対象経費：恒久対策工事
負担割合　　：都1/3、区市町村2/3",1,区市町村,"1,350 ",都市整備局市街地整備部区画整理課,03-5320-5132,https://www.toshiseibi.metro.tokyo.lg.jp/kenchiku_kaihatsu/jyutaku/takuzou
2026,10,都市整備局,14,都市の整備,東京都大規模盛土造成地対策補助金,東京都大規模盛土造成地対策補助金,"補助金の目的：市街地の防災性の向上
補助対象者　：区市町村、土地所有者等
補助対象経費：対策工事（設計・工事）
負担割合　　：国1/4、都1/4、区市町村又は土地所有者等1/2",1,区市町村,"13,085 ",都市整備局市街地整備部区画整理課,03－5320－5132,
2026,10,都市整備局,14,都市の整備,防災密集地域再生促進事業（都市防災不燃化促進事業）,防災密集地域再生促進事業（都市防災不燃化促進事業）【調査費等】,"補助金の目的：避難路の周辺等における不燃空間を形成するための調査等
補助対象者　：区市
補助対象経費：調査費、推進調整費、計画作成費、広報活動費
負担割合　　：国1/3、都1/3、区市1/3",1,区市町村,"4,291 ",都市整備局市街地整備部防災都市づくり課,03-5320-5142,https://www.funenka.metro.tokyo.lg.jp/initiatives/urban-disaster-prevention/index.html
2026,10,都市整備局,14,都市の整備,市街地整備事業に関する検討調査（宅地開発無電柱化推進事業）,宅地開発無電柱化推進事業,"補助金の目的：開発行為により新設される道路の無電柱化の推進
補助対象者　：都市計画法第29条開発許可を受けて無電柱化の工事を実施する者
補助対象経費：無電柱化にかかる調査設計費および工事費
負担割合　　：3000㎡未満の場合　国2/5、都2/5、組合、民間団体等1/5
　　　　　　　　　3000㎡以上の場合　国1/3、都1/3、組合、民間団体等1/3",5,民間団体,"1,456,000 ",都市整備局市街地整備部区画整理課,03-5320-5132,https://www.toshiseibi.metro.tokyo.lg.jp/kenchiku_kaihatsu/jyutaku/takutimudentyuu/101
2026,10,都市整備局,14,都市の整備,市街地整備に関する検討調査（浸水に対応したまちづくりの検討）,東京都都市安全確保拠点整備事業,"補助金の目的：溢水、湛水、津波、高潮等の災害時に都市の機能を維持するための拠点市街地の計画検討・整備の加速化。高台まちづくりの推進
補助対象者　：荒川又は江戸川に接する７区（墨田区、江東区、北区、板橋区、足立区、葛飾区及び江戸川区）
補助対象経費：計画策定費、コーディネート費、施設の整備等費用
負担割合　　：国1/2 、都1/4、区1/4",1,区市町村,"6,000 ",都市整備局市街地整備部企画課,03-5320-5121,https://www.toshiseibi.metro.tokyo.lg.jp/bosai/toshikaihatsu/takadai_suishin/takadai-hojyo
2026,10,都市整備局,14,都市の整備,市街地整備に関する検討調査（浸水に対応したまちづくりの検討）,東京都高台まちづくり推進事業,"補助金の目的：溢水、湛水、津波、高潮その他の自然現象による災害のおそれが著しく、かつ、当該災害が発生した場合に広域で長期間にわたる壊滅的な被害が想定され、居住者等の安全を確保する必要性が高いと認められる区域において、高台まちづくり方針等の策定を支援することで、計画的に高台まちづくりを推進する。
補助対象者　：荒川、江戸川又は多摩川に接する８区（墨田区、江東区、北区、板橋区、足立区、葛飾区、江戸川区及び大田区）
補助対象経費：高台まちづくりに関する計画等策定費、コーディネート費
負担割合　　：都1/2、区1/2",1,区市町村,"20,000 ",都市整備局市街地整備部企画課,03-5320-5121,
2026,10,都市整備局,14,都市の整備,市街地整備事業に関する検討調査（関東大震災100年を契機とした取組）,復興小公園再生事業,"補助金の目的：関東大震災100年を契機に、当時の思想などを踏まえ、関係区による復興小公園の再生を後押しし、あらゆる世代に対する防災意識の啓発につなげるとともに、都市の魅力の更なる向上を図り、人に優しくゆとりある空間を創出することを目的とする
補助対象者　：復興小公園を管理する７区（千代田区、中央区、港区、文京区、台東区、墨田区、江東区）
補助対象経費：(1) 公園に整備する都市公園法施行令第31条に規定されている施設
　　　　　　　(2) 地域生活基盤施設（公園内に設置する東京都が指定する内容の銘板も含む）
　　　　　　　(3) 高質空間形成施設の歩行支援施設、障害者誘導施設等
負担割合　　：国4/10、都3/10、区3/10　※ 都の補助金額は、国費相当額を上限とする",1,区市町村,"2,100 ",都市整備局市街地整備部企画課,03-5320-5121,
2026,10,都市整備局,14,都市の整備,防災密集地域再生促進事業（都市防災不燃化促進事業）,建築物助成・除却助成費（国庫補助対象）,"補助金の目的：広域的な観点から都市の防災上の骨格ネットワークの形成
補助対象者　：区市
補助対象経費：東京都防災密集地域総合整備事業制度要綱第８　２（１）に定めた各要件に該当する耐火建築物又は準耐火建築物の建築又は建築物の除却を行う際の費用
負担割合　　：国1/2 、都1/4、区市1/4",1,区市町村,"124,462 ",都市整備局市街地整備部防災都市づくり課,03-5320-5142,https://www.funenka.metro.tokyo.lg.jp/initiatives/urban-disaster-prevention/index.html
2026,10,都市整備局,14,都市の整備,防災密集地域再生促進事業（都市防災不燃化促進事業）,仮住居費・動産移転料・移転補償費・住宅型不燃建築物助成,"補助金の目的：広域的な観点から都市の防災上の骨格ネットワークの形成
補助対象者　：区市
補助対象経費：東京都防災密集地域総合整備事業制度要綱第８　２（１）に定めた各要件に該当する耐火建築物又は準耐火建築物の建築又は建築物の除却を行う際の費用
負担割合　　：国1/2 、都1/4、区市1/4",1,区市町村,"4,872 ",都市整備局市街地整備部防災都市づくり課,03-5320-5142,https://www.funenka.metro.tokyo.lg.jp/initiatives/urban-disaster-prevention/index.html
2026,10,都市整備局,14,都市の整備,防災密集地域再生促進事業（木造住宅密集地域整備促進事業）,木造住宅密集地域整備促進事業整備計画策定費等補助,"補助金の目的：木造住宅密集地域内の総合的な防災都市づくりの推進
補助対象者　：区市
補助対象経費：東京都防災密集地域総合整備事業制度要綱第14に該当する整備地区内で実施される事業計画の作成及び事業に係る費用
負担割合　　：国1/2、都1/4、区市1/4",1,区市町村,"106,918 ",都市整備局市街地整備部防災都市づくり課,03-5320-5142,https://www.funenka.metro.tokyo.lg.jp/initiatives/wooden-house/index.html
2026,10,都市整備局,14,都市の整備,防災密集地域再生促進事業（木造住宅密集地域整備促進事業）,木造住宅密集地域整備促進事業整備計画推進事業費等補助,"補助金の目的：木造住宅密集地域内の総合的な防災都市づくりの推進
補助対象者　：区市
補助対象経費：地元住民協議会等に対して、事業の推進に必要な活動等に要する費用に対する施行者の補助
負担割合　　：国1/3、都1/3、区市1/3",1,区市町村,"5,475 ",都市整備局市街地整備部防災都市づくり課,03-5320-5142,https://www.funenka.metro.tokyo.lg.jp/initiatives/wooden-house/index.html
2026,10,都市整備局,14,都市の整備,防災密集地域再生促進事業（木造住宅密集地域整備促進事業）,木造住宅密集地域整備促進事業基盤整備費,"補助金の目的：木造住宅密集地域内の総合的な防災都市づくりの推進
補助対象者　：区市
補助対象経費：老朽建築物等除却、用地取得促進、地区整備、仮設住宅など設置及びその他知事が必要と認めるものに係る費用
負担割合　　：国1/2、都1/4、区市1/4",1,区市町村,"1,219,910 ",都市整備局市街地整備部防災都市づくり課,03-5320-5142,https://www.funenka.metro.tokyo.lg.jp/initiatives/wooden-house/index.html
2026,10,都市整備局,14,都市の整備,防災密集地域再生促進事業（木造住宅密集地域整備促進事業）,木造住宅密集地域整備促進事業建替促進（共同）,"補助金の目的：木造住宅密集地域内の総合的な防災都市づくりの推進
補助対象者　：区市
補助対象経費：除却等、建築設計、共同施設整備及びコンサルタント派遣に係る費用
負担割合　　：国1/3、都1/6、区市1/6、事業者等1/3",1,区市町村,"4,536 ",都市整備局市街地整備部防災都市づくり課,03-5320-5142,https://www.funenka.metro.tokyo.lg.jp/initiatives/wooden-house/index.html
2026,10,都市整備局,14,都市の整備,防災密集地域再生促進事業（木造住宅密集地域整備促進事業）,木造住宅密集地域整備促進事業従前居住者関連等経費,"補助金の目的：木造住宅密集地域内の総合的な防災都市づくりの推進
補助対象者　：区市
補助対象経費：賃貸コミュニティ住宅、借上型コミュニティ住宅及び分譲コミュニティ住宅の整備並びにコンサルタント派遣並びに家賃対策補助に係る経費
負担割合　　：都1/2、区市1/2",1,区市町村,"3,873 ",都市整備局市街地整備部防災都市づくり課,03-5320-5142,https://www.funenka.metro.tokyo.lg.jp/initiatives/wooden-house/index.html
2026,10,都市整備局,14,都市の整備,防災密集地域再生促進事業（木造住宅密集地域整備促進事業）,木造住宅密集地域整備促進事業防災街区整備事業,"補助金の目的：木造住宅密集地域内の総合的な防災都市づくりの推進
補助対象者　：区市
補助対象経費：事業の施行に関する調査設計計画、土地整備及び共同施設整備に対する費用
負担割合　　：国1/3、都1/6、区市1/6、事業者等1/3",1,区市町村,"233,213 ",都市整備局市街地整備部防災都市づくり課,03-5320-5142,https://www.funenka.metro.tokyo.lg.jp/initiatives/wooden-house/index.html
2026,10,都市整備局,14,都市の整備,防災密集地域再生促進事業（木造住宅密集地域整備促進事業）,木造住宅密集地域整備促進事業防災街区整備事業公共施設管理者負担金,"補助金の目的：木造住宅密集地域内の総合的な防災都市づくりの推進
補助対象者　：防災街区整備事業組合等
補助対象経費：密集市街地における防災街区の整備の促進に関する法律第265条に係る経費
負担割合　　：国1/2、都1/2",5,民間団体,"246,761 ",都市整備局市街地整備部防災都市づくり課,03-5320-5142,https://www.funenka.metro.tokyo.lg.jp/initiatives/wooden-house/index.html
2026,10,都市整備局,14,都市の整備,防災密集地域再生促進事業（不燃化特区制度）,専門家派遣支援（まちづくりコンサルタント派遣支援）　　　　　　　　　　　　　　　　　　　　　　　　　　　　　　　　　　　　　　　　　　,"補助金の目的：重点整備地域における不燃化の促進
補助対象者　：区
補助対象経費：委託費
負担割合　　：都1/2、区1/2",1,区市町村,"115,835 ",都市整備局市街地整備部防災都市づくり課,03-5320-5142,https://www.funenka.metro.tokyo.lg.jp/initiatives/fireproof-special-zone-system/index.html
2026,10,都市整備局,14,都市の整備,防災密集地域再生促進事業（不燃化特区制度）,専門家派遣支援（無道敷地等対策コーディネーター派遣支援）,"補助金の目的：重点整備地域における不燃化の促進
補助対象者　：区
補助対象経費：委託費
負担割合　　：都1/2、区1/2",1,区市町村,"60,765 ",都市整備局市街地整備部防災都市づくり課,03-5320-5142,https://www.funenka.metro.tokyo.lg.jp/initiatives/fireproof-special-zone-system/index.html
2026,10,都市整備局,14,都市の整備,防災密集地域再生促進事業（不燃化特区制度）,専門家派遣支援（士業派遣支援）,"補助金の目的：重点整備地域における不燃化の促進
補助対象者　：区
補助対象経費：派遣費
負担割合　　：都1/2、区1/2",1,区市町村,"3,098 ",都市整備局市街地整備部防災都市づくり課,03-5320-5142,https://www.funenka.metro.tokyo.lg.jp/initiatives/fireproof-special-zone-system/index.html
2026,10,都市整備局,14,都市の整備,防災密集地域再生促進事業（不燃化特区制度）,専門家派遣支援（戸別訪問支援）,"補助金の目的：重点整備地域における不燃化の促進
補助対象者　：区
補助対象経費：委託費
負担割合　　：都1/2、区1/2",1,区市町村,"20,053 ",都市整備局市街地整備部防災都市づくり課,03-5320-5142,https://www.funenka.metro.tokyo.lg.jp/initiatives/fireproof-special-zone-system/index.html
2026,10,都市整備局,14,都市の整備,防災密集地域再生促進事業（不燃化特区制度）,専門家派遣支援（用地折衝派遣支援）,"補助金の目的：重点整備地域における不燃化の促進
補助対象者　：区
補助対象経費：委託費
負担割合　　：都1/2、区1/2",1,区市町村,"108,318 ",都市整備局市街地整備部防災都市づくり課,03-5320-5142,https://www.funenka.metro.tokyo.lg.jp/initiatives/fireproof-special-zone-system/index.html
2026,10,都市整備局,14,都市の整備,防災密集地域再生促進事業（不燃化特区制度）,建替え促進支援（共同建替え助成支援（建築設計費・共同施設整備費））,"補助金の目的：重点整備地域における不燃化の促進
補助対象者　：区
補助対象経費：建築設計費、共同施設整備費
負担割合　　：都1/2、区1/2",1,区市町村,"155,938 ",都市整備局市街地整備部防災都市づくり課,03-5320-5142,https://www.funenka.metro.tokyo.lg.jp/initiatives/fireproof-special-zone-system/index.html
2026,10,都市整備局,14,都市の整備,防災密集地域再生促進事業（不燃化特区制度）,建替え促進支援（戸建て建替え助成支援（建築設計費））,"補助金の目的：重点整備地域における不燃化の促進
補助対象者　：区
補助対象経費：建築設計費
負担割合　　：都1/2、区1/2",1,区市町村,"289,170 ",都市整備局市街地整備部防災都市づくり課,03-5320-5142,https://www.funenka.metro.tokyo.lg.jp/initiatives/fireproof-special-zone-system/index.html
2026,10,都市整備局,14,都市の整備,防災密集地域再生促進事業（不燃化特区制度）,建替え促進支援（共同建替え・戸建建替え（建築工事費））,"補助金の目的：重点整備地域における不燃化の促進
補助対象者　：区
補助対象経費：建築工事費
負担割合　　：都 定額、区 個別に設定",1,区市町村,"426,157 ",都市整備局市街地整備部防災都市づくり課,03-5320-5142,https://www.funenka.metro.tokyo.lg.jp/initiatives/fireproof-special-zone-system/index.html
2026,10,都市整備局,14,都市の整備,防災密集地域再生促進事業（不燃化特区制度）,老朽建築物除却等支援（不燃化特区）,"補助金の目的：重点整備地域における不燃化の促進
補助対象者　：区
補助対象経費：除却費、補償費
負担割合　　：都1/2、区1/2",1,区市町村,"1,325,915 ",都市整備局市街地整備部防災都市づくり課,03-5320-5142,https://www.funenka.metro.tokyo.lg.jp/initiatives/fireproof-special-zone-system/index.html
2026,10,都市整備局,14,都市の整備,防災密集地域再生促進事業（不燃化特区制度）,現地相談ステーション管理・運営支援,"補助金の目的：重点整備地域における不燃化の促進
補助対象者　：区
補助対象経費：施設賃料、人件費、維持管理経費、役務費
負担割合　　：都1/2、区1/2",1,区市町村,"4,436 ",都市整備局市街地整備部防災都市づくり課,03-5320-5142,https://www.funenka.metro.tokyo.lg.jp/initiatives/fireproof-special-zone-system/index.html
2026,10,都市整備局,14,都市の整備,防災密集地域再生促進事業（不燃化特区制度）,公園、緑地、広場等整備支援,"補助金の目的：重点整備地域における不燃化の促進
補助対象者　：区
補助対象経費：用地取得促進費、補償費、地区整備費、測量調査設計費
負担割合　　：都1/2、区1/2",1,区市町村,"65,643 ",都市整備局市街地整備部防災都市づくり課,03-5320-5142,https://www.funenka.metro.tokyo.lg.jp/initiatives/fireproof-special-zone-system/index.html
2026,10,都市整備局,14,都市の整備,防災密集地域再生促進事業（不燃化特区制度）,防災街区整備事業費支援,"補助金の目的：重点整備地域における不燃化の促進
補助対象者　：区
補助対象経費：防災街区整備事業費
負担割合　　：都1/2、区1/2",1,区市町村,"31,940 ",都市整備局市街地整備部防災都市づくり課,03-5320-5142,https://www.funenka.metro.tokyo.lg.jp/initiatives/fireproof-special-zone-system/index.html
2026,10,都市整備局,14,都市の整備,防災密集地域再生促進事業（不燃化特区制度）,効果促進助成支援（壁面後退奨励金支援、店舗等への建替え加算助成支援、老朽建築物除却後の土地管理用仮設費の助成等支援、高齢者世帯への建替え加算助成、無接道敷地等解消促進支援）,"補助金の目的：重点整備地域における不燃化の促進
補助対象者　：区
補助対象経費：壁面後退奨励金、店舗等への建替え加算助成、土地管理用仮設費、高齢者世帯への建替え加算助成、無接道敷地等解消促進支援）
負担割合　　：都1/2、区1/2",1,区市町村,"264,197 ",都市整備局市街地整備部防災都市づくり課,03-5320-5142,https://www.funenka.metro.tokyo.lg.jp/initiatives/fireproof-special-zone-system/index.html
2026,10,都市整備局,14,都市の整備,防災密集地域再生促進事業（不燃化特区制度）,効果促進助成支援（住替え助成支援）,"補助金の目的：重点整備地域における不燃化の促進
補助対象者　：区
補助対象経費：住替えに要する転居一時金、住居用家財移転費、家賃費
負担割合　　：都1/2、区1/2",1,区市町村,"13,811 ",都市整備局市街地整備部防災都市づくり課,03-5320-5142,https://www.funenka.metro.tokyo.lg.jp/initiatives/fireproof-special-zone-system/index.html
2026,10,都市整備局,14,都市の整備,防災密集地域再生促進事業（防災生活道路整備促進事業）,道路拡幅,"補助金の目的：大規模市街地火災に対する避難者の安全性確保及び延焼防止を図る
補助対象者　：区市
補助対象経費：調査費、測量費、設計費、工事費、用地費、補償費
負担割合　　：都1/2、区市1/2",1,区市町村,"77,967 ",都市整備局市街地整備部防災都市づくり課,03-5320-5142,https://www.funenka.metro.tokyo.lg.jp/initiatives/disaster-prevention-life/
2026,10,都市整備局,14,都市の整備,防災密集地域再生促進事業（防災生活道路整備促進事業）,沿道不燃化,"補助金の目的：大規模市街地火災に対する避難者の安全性確保及び延焼防止を図る
補助対象者　：区市
補助対象経費：一般建築助成費、住宅型不燃建築物助成費
負担割合　　：都1/2、区市1/2",1,区市町村,"50,905 ",都市整備局市街地整備部防災都市づくり課,03-5320-5142,https://www.funenka.metro.tokyo.lg.jp/initiatives/disaster-prevention-life/
2026,10,都市整備局,14,都市の整備,防災密集地域再生促進事業（木密地域私道等無電柱化推進事業）,木密地域私道等無電柱化推進助成,"補助金の目的：重点整備地域内等の私道等の無電柱化を推進
補助対象者　：区市、土地所有者
補助対象経費：調査費、測量費、設計費、工事費、用地費、補償費、コーディネート費等　　　　　　　　　
負担割合　　：都1",1,区市町村,"126,000 ",都市整備局市街地整備部防災都市づくり課,03-5320-5142,https://www.funenka.metro.tokyo.lg.jp/initiatives/no-utility-poles/
2026,10,都市整備局,14,都市の整備,防災密集地域再生促進事業（地区計画策定支援）,防災まちづくり検討関連経費助成,"補助金の目的：防災性の向上を目的としたまちづくりを検討しようとする区市に対し、区市における防災まちづくりに関する計画策定、都が策定する整備プログラムの内容検討に必要な調査、まちづくり協議会等の活動の支援
補助対象者　：区市
補助対象経費：調査費、まちづくりコンサルタント等派遣費、まちづくりの啓発活動費、協議会の活動助成費、方針作成費
負担割合　　：都1/2、区市1/2",1,区市町村,"23,363 ",都市整備局市街地整備部防災都市づくり課,03-5320-5142,https://www.funenka.metro.tokyo.lg.jp/initiatives/district-planning/index.html
2026,10,都市整備局,14,都市の整備,防災密集地域再生促進事業（地区計画策定支援）,地区計画策定関連経費助成,"補助金の目的：木密地域の拡大・再生産防止、防災性の向上及び良好な市街地環境の形成
補助対象者　：区市
補助対象経費：調査費、まちづくりの啓発活動費、協議会の活動助成費、方針作成費
負担割合　　：都1/2、区市1/2",1,区市町村,"9,866 ",都市整備局市街地整備部防災都市づくり課,03-5320-5142,https://www.toshiseibi.metro.tokyo.lg.jp/bosai/sokushin/sakuteijigyo.html
2026,10,都市整備局,14,都市の整備,災害時業務継続施設整備事業,東京都災害時業務継続施設整備事業補助金,"補助金の目的：「都市づくりのグランドデザイン」が掲げる都市像の実現に向け、都市の防災性向上及び東京の国際競争力強化を促進するため、災害時の業務継続の確保に資するエネルギーの自立化・多重化を図る
補助対象者　：都市再生特別措置法第１９条に規定する都市再生緊急整備協議会 
補助対象経費：都市再生特別措置法第１９条の１５に規定する都市再生安全確保計画に位置付けられた事業のうち、国が定める都市再生推進事業制度要綱第３０条第４項に規定する認定を受けたエネルギー導管等整備事業計画に位置付けられたエネルギー導管（未利用熱を取得する導管を含む 。）、エネルギー貯留施設及びそれらの付帯施設の整備に要する費用
負担割合　　：国2/5、都2/5、事業者1/5",5,民間団体,"194,446 ",都市整備局市街地整備部企画課,03-5320-5121,
2026,10,都市整備局,14,都市の整備,防災密集地域再生促進事業（整備地域等不燃化集中促進事業）,老朽建築物除却等支援,"補助金の目的：整備地域等において、局所的に改善が進んでいない区域のにおける不燃化等
補助対象者　：区市
補助対象経費：除却費、補償費
負担割合：都1/2、区市1/2",1,区市町村,"303,309 ",都市整備局市街地整備部防災都市づくり課,03-5320-5142,
2026,10,都市整備局,14,都市の整備,防災密集地域再生促進事業（整備地域等不燃化集中促進事業）,"建替え促進支援
共同建替え助成支援
建築設計費、共同施設整備費","補助金の目的：整備地域等において、局所的に改善が進んでいない区域のにおける不燃化等
補助対象者　：区市
補助対象経費：建築設計費、共同施設整備費
負担割合：都1/2、区市1/2",1,区市町村,"30,901 ",都市整備局市街地整備部防災都市づくり課,03-5320-5142,
2026,10,都市整備局,14,都市の整備,防災密集地域再生促進事業（整備地域等不燃化集中促進事業）,"建替え促進支援
戸建て建替え助成支援
建築設計費","補助金の目的：整備地域等において、局所的に改善が進んでいない区域のにおける不燃化等
補助対象者　：区市
補助対象経費：建築設計費
負担割合：都1/2、区市1/2",1,区市町村,"75,363 ",都市整備局市街地整備部防災都市づくり課,03-5320-5142,
2026,10,都市整備局,14,都市の整備,防災密集地域再生促進事業（整備地域等不燃化集中促進事業）,専門家派遣支援　　　　　　　　　　　　　　　　　　　　　　　　　　　　　　　　　　　　　　　　　　　　　　　　　　　　　　　　　　　　　　　　　　　　　　　　　　　　　　　　　　　　　　　　　　　　　　　　　　　　　　　　　　　　　　　　　　　　　　まちづくりコンサルタント派遣支援,"補助金の目的：整備地域等において、局所的に改善が進んでいない区域のにおける不燃化等
補助対象者　：区市
補助対象経費：委託費
負担割合：都1/2、区市1/2",1,区市町村,"49,087 ",都市整備局市街地整備部防災都市づくり課,03-5320-5142,
2026,10,都市整備局,14,都市の整備,防災密集地域再生促進事業（整備地域等不燃化集中促進事業）,"専門家派遣支援　　　　　　　　　　　　　　　　　　　　　　　　　　　　　　　　　　　　　　　　　　　　　　　　　　　　　　　　　　　　　　　　　　　　　　　　　　　　　　　　　　　　　　　　　　　　　　　　　　　　　　　　　　　　　　　　　　　　　　
無接道敷地等対策コーディネーター派遣支援","補助金の目的：整備地域等において、局所的に改善が進んでいない区域のにおける不燃化等
補助対象者　：区市
補助対象経費：委託費
負担割合：都1/2、区市1/2",1,区市町村,"5,683 ",都市整備局市街地整備部防災都市づくり課,03-5320-5142,
2026,10,都市整備局,14,都市の整備,防災密集地域再生促進事業（整備地域等不燃化集中促進事業）,専門家派遣支援　　　　　　　　　　　　　　　　　　　　　　　　　　　　　　　　　　　　　　　　　　　　　　　　　　　　　　　　　　　　　　　　　　　　　　　　　　　　　　　　　　　　　　　　　　　　　　　　　　　　　　　　　　　　　　　　　　　　　士業派遣支援,"補助金の目的：整備地域等において、局所的に改善が進んでいない区域のにおける不燃化等
補助対象者　：区市
補助対象経費：派遣費
負担割合：都1/2、区市1/2",1,区市町村,650 ,都市整備局市街地整備部防災都市づくり課,03-5320-5142,
2026,10,都市整備局,14,都市の整備,防災密集地域再生促進事業（整備地域等不燃化集中促進事業）,専門家派遣支援　　　　　　　　　　　　　　　　　　　　　　　　　　　　　　　　　　　　　　　　　　　　　　　　　　　　　　　　　　　　　　　　　　　　　　　　　　　　　　　　　　　　　　　　　　　　　　　　　　　　　　　　　　　　　　　　　　　　　　戸別訪問支援,"補助金の目的：整備地域等において、局所的に改善が進んでいない区域のにおける不燃化等
補助対象者　：区市
補助対象経費：委託費
負担割合：都1/2、区市1/2",1,区市町村,"1,197 ",都市整備局市街地整備部防災都市づくり課,03-5320-5142,
2026,10,都市整備局,14,都市の整備,土地区画整理事業,国庫補助対象、組合施行、都市計画施設：都、区の管理,"補助金の目的：健全な市街地の整備
補助対象者　：民間団体
補助対象経費：物件移転補償費、工事費、用地費、無電柱化工事費
負担割合　　：国1/2、都1/2",5,民間団体,"800,000 ",都市整備局市街地整備部区画整理課,"03-5320-5132
03-5320-5441",https://www.toshiseibi.metro.tokyo.lg.jp/jouhou/pdf/hojyoshisyutsu_03_04.pdf
2026,10,都市整備局,14,都市の整備,土地区画整理事業,国庫補助対象、組合施行、都市計画施設：市町村の管理,"補助金の目的：健全な市街地の整備
補助対象者　：民間団体
補助対象経費：物件移転補償費、工事費、用地費、無電柱化工事費
負担割合　　：国1/2、都1/2",5,民間団体,"199,844 ",都市整備局市街地整備部区画整理課,"03-5320-5132
03-5320-5441",https://www.toshiseibi.metro.tokyo.lg.jp/jouhou/pdf/hojyoshisyutsu_03_04.pdf
2026,10,都市整備局,14,都市の整備,土地区画整理事業,国庫補助対象、組合施行、都市再生,"補助金の目的：健全な市街地の整備
補助対象者　：区市町村
補助対象経費：物件移転補償費、工事費、用地費、無電柱化工事費
負担割合　　：国1/3、都1/3、区市町村1/3",1,区市町村,"536,804 ",都市整備局市街地整備部区画整理課,"03-5320-5132
03-5320-5441",https://www.toshiseibi.metro.tokyo.lg.jp/jouhou/pdf/hojyoshisyutsu_03_04.pdf
2026,10,都市整備局,14,都市の整備,土地区画整理事業,都単独事業（組合施行）、都市計画施設：都、区の管理,"補助金の目的：健全な市街地の整備
補助対象者　：民間団体
補助対象経費：物件移転補償費、工事費、用地費、無電柱化工事費
負担割合　　：都1",5,民間団体,"29,000 ",都市整備局市街地整備部区画整理課,"03-5320-5132
03-5320-5441",https://www.toshiseibi.metro.tokyo.lg.jp/jouhou/pdf/hojyoshisyutsu_03_04.pdf
2026,10,都市整備局,14,都市の整備,土地区画整理事業,都単独事業（組合施行）、都市計画施設：市町村の管理,"補助金の目的：健全な市街地の整備
補助対象者　：民間団体
補助対象経費：物件移転補償費、工事費、用地費、無電柱化工事費
負担割合　　：都1/2、市町村1/2",5,民間団体,"1,055,082 ",都市整備局市街地整備部区画整理課,"03-5320-5132
03-5320-5441",https://www.toshiseibi.metro.tokyo.lg.jp/jouhou/pdf/hojyoshisyutsu_03_04.pdf
2026,10,都市整備局,14,都市の整備,土地区画整理事業,国庫補助対象、公共団体施行、都市計画施設：市町村の管理,"補助金の目的：健全な市街地の整備
補助対象者　：市町村
補助対象経費：物件移転補償費、工事費、用地費、無電柱化工事費
負担割合　　：国1/2、都1/4、市町村1/4",1,区市町村,"119,620 ",都市整備局市街地整備部区画整理課,03-5320-5441,https://www.toshiseibi.metro.tokyo.lg.jp/jouhou/pdf/hojyoshisyutsu_03_04.pdf
2026,10,都市整備局,14,都市の整備,土地区画整理事業,国庫補助対象、公共団体施行、都市再生、都市計画施設：都、区の管理,"補助金の目的：健全な市街地の整備
補助対象者　：区
補助対象経費：物件移転補償費、工事費、用地費、無電柱化工事費
負担割合　　：国1/3、都1/3、区市町村1/3",1,区市町村,"24,227 ",都市整備局市街地整備部区画整理課,03-5320-5441,https://www.toshiseibi.metro.tokyo.lg.jp/jouhou/pdf/hojyoshisyutsu_03_04.pdf
2026,10,都市整備局,14,都市の整備,土地区画整理事業,国庫補助対象、公共団体施行、都市再生、都市計画施設：市町村の管理,"補助金の目的：健全な市街地の整備
補助対象者　：市町村
補助対象経費：物件移転補償費、工事費、用地費、無電柱化工事費
負担割合　　：国1/3、都1/3、区市町村1/3",1,区市町村,"393,282 ",都市整備局市街地整備部区画整理課,03-5320-5441,https://www.toshiseibi.metro.tokyo.lg.jp/jouhou/pdf/hojyoshisyutsu_03_04.pdf
2026,10,都市整備局,14,都市の整備,土地区画整理事業,都単独事業（公共団体施行）、都市計画施設：区の管理,"補助金の目的：健全な市街地の整備
補助対象者　：区
補助対象経費：物件移転補償費、工事費、用地費、無電柱化工事費
負担割合　　：都1/2、市町村1/2",1,区市町村,"12,259 ",都市整備局市街地整備部区画整理課,03-5320-5441,https://www.toshiseibi.metro.tokyo.lg.jp/jouhou/pdf/hojyoshisyutsu_03_04.pdf
2026,10,都市整備局,14,都市の整備,土地区画整理事業,都単独事業（公共団体施行）、都市計画施設：市町村の管理,"補助金の目的：健全な市街地の整備
補助対象者　：市町村
補助対象経費：物件移転補償費、工事費、用地費、無電柱化工事費
負担割合　　：都1/2、市町村1/2",1,区市町村,"39,950 ",都市整備局市街地整備部区画整理課,03-5320-5441,https://www.toshiseibi.metro.tokyo.lg.jp/jouhou/pdf/hojyoshisyutsu_03_04.pdf
2026,10,都市整備局,14,都市の整備,都市づくり公社助成,都市計画施設：都の管理,"補助金の目的：健全な市街地の整備
補助対象者　：（公財）東京都都市づくり公社
補助対象経費：物件移転補償費、工事費、用地費、無電柱化工事費
負担割合　　：都1",3,政策連携団体,"500,000 ","都市整備局市街地整備部管理課
",03-5320-5105,https://www.toshiseibi.metro.tokyo.lg.jp/jouhou/hojyoshisyutsu.html
2026,10,都市整備局,14,都市の整備,都市づくり公社助成,都市計画施設：市町村の管理,"補助金の目的：健全な市街地の整備
補助対象者　：（公財）東京都都市づくり公社
補助対象経費：物件移転補償費、工事費、用地費、無電柱化工事費
負担割合　　：都1/2、市町村1/2",3,政策連携団体,"19,750 ","都市整備局市街地整備部管理課
",03-5320-5105,https://www.toshiseibi.metro.tokyo.lg.jp/jouhou/hojyoshisyutsu.html
2026,10,都市整備局,14,都市の整備,市街地再開発事業助成,市街地整備補助、一般会計、組合等施行,"補助金の目的：土地の合理的かつ健全な高度利用を図る
補助対象者　：市街地再開発組合等
補助対象経費：調査設計計画費、土地整備費、共同施設整備費等
負担割合　　：国1/3、都1/6、市町1/6、組合等1/3",5,民間団体,"35,556 ",都市整備局市街地整備部再開発課,03-5320-5131,https://www.toshiseibi.metro.tokyo.lg.jp/about/jouhou/hojyoshisyutsu
2026,10,都市整備局,14,都市の整備,市街地再開発事業助成,市街地整備補助、道路特会、組合等施行,"補助金の目的：土地の合理的かつ健全な高度利用を図る
補助対象者　：市街地再開発組合等
補助対象経費：用地費、補償費、工事費、付帯工事費、測量費、試験費等
負担割合　　：国1/2、都1/8、市町1/8",5,民間団体,"18,000 ",都市整備局市街地整備部再開発課,03-5320-5131,https://www.toshiseibi.metro.tokyo.lg.jp/about/jouhou/hojyoshisyutsu
2026,10,都市整備局,14,都市の整備,市街地再開発事業助成,公共施設管理者負担金、道路特会（臨交Ａ）、組合等施行,"補助金の目的：土地の合理的かつ健全な高度利用を図る
補助対象者　：市街地再開発組合等
補助対象経費：用地費、補償費、工事費、付帯工事費、測量費、試験費等
負担割合　　：国1/2、都1/2",5,民間団体,"1,198,474 ",都市整備局市街地整備部再開発課,03-5320-5131,https://www.toshiseibi.metro.tokyo.lg.jp/about/jouhou/hojyoshisyutsu
2026,10,都市整備局,14,都市の整備,宅地販売事業,施設改修支援事業補助,"補助金の目的：多摩ニュータウン地域の団地の活用促進に資する施設改修支援
補助対象者　：独立行政法人都市再生機構、東京都住宅供給公社、民間事業者等
補助対象経費：空き店舗、共用施設等及び空き住戸等の改修等に要する経費
負担割合　　：都1/2、事業者等1/2",7,その他団体,"5,000 ",都市整備局多摩まちづくり政策部多摩ニュータウン課,03-5320-5472,https://www.toshiseibi.metro.tokyo.lg.jp/bosai/tama/saisei.html
2026,10,都市整備局,14,都市の整備,住宅建設対策,住宅建設対策,"補助金の目的：多摩ニュータウン開発時の学校等整備に伴う財政補助
補助対象者　：２市（八王子市、稲城市）
補助対象経費：義務教育施設その他公益施設
負担割合　　：都1/2、市町村1/2（都施行用地については都1)",1,区市町村,"205,025 ",都市整備局多摩まちづくり政策部多摩ニュータウン課,03-5320-5472,https://www.toshiseibi.metro.tokyo.lg.jp/jouhou/pdf/hojyoshisyutsu_03_02.pdf
2026,10,都市整備局,14,都市の整備,建築指導事務,ブロック塀等撤去助成,"補助金の目的：ブロック塀等の安全対策の促進
補助対象者　：区市町村
補助対象経費：ブロック塀等の耐震診断、除却、建替え、耐震改修等に要する費用
負担割合　　：国1/3　都１/6　区市町村1/6　所有者　１/3　",1,区市町村,"30,313 ",都市整備局市街地建築部建築企画課,03-5388-3344,https://www.taishin.metro.tokyo.lg.jp/support/index.php
2026,10,都市整備局,14,都市の整備,建築指導事務,ブロック塀等対策普及啓発助成,"補助金の目的：ブロック塀等の安全対策の促進
補助対象者　：区市町村
補助対象経費：ブロック塀等所有者への普及啓発活動に要する費用
負担割合　　：国1/2　都１/4　区市町村1/4",1,区市町村,"4,687 ",都市整備局市街地建築部建築企画課,03-5388-3344,https://www.taishin.metro.tokyo.lg.jp/support/index.php
2026,10,都市整備局,14,都市の整備,建築指導事務,民間建築物吹付けアスベスト等飛散防止対策,"補助金の目的：民間建築物のアスベスト飛散防止対策の促進
補助対象者　：区市町村
補助対象経費：吹付けアスベスト等の除去、封じ込め・囲い込みに要する費用（延べ面積が1,000㎡以上の建築物）
負担割合　　：国１/3　都1/6　区市町村1/3　所有者1/6　",1,区市町村,"3,250 ",都市整備局市街地建築部建築企画課,03-5388-3344,https://www.toshiseibi.metro.tokyo.lg.jp/kenchiku/asbestos/taisaku.html
2026,10,都市整備局,14,都市の整備,建築指導事務,土砂災害対策改修事業,"補助金の目的：土砂災害特別警戒区域内の建築物の安全性確保
補助対象者：区市町村
補助対象経費：既存不適格建築物の外壁補強、擁壁設置に要する費用
負担割合：国11.5%　都5.75%　区市町村5.75%　所有者77%　",1,区市町村,561 ,都市整備局市街地建築部建築企画課,03-5388-3344,
2026,10,都市整備局,14,都市の整備,建築指導事務,"がけ地近接等危険住宅移転事業
","補助金の目的：土砂災害特別警戒区域におけるがけ崩れ等の危険から住民の生命の安全を確保
補助対象者：区市町村
補助対象経費：土砂災害特別警戒区域内の既存不適格住宅等からの移転に要する費用（除却等費、建物助成費　等）
公費負担割合：国1/2　都１/4　区市町村１/４　　（補助限度額：建設助成費4,210千円　等）",1,区市町村,"1,646 ",都市整備局市街地建築部建築企画課,03-5388-3344,
2026,10,都市整備局,14,都市の整備,建築指導事務,構造木質化に係る大臣認定取得費用補助金,"補助金の目的：建築物分野における炭素貯蔵効果の高い木材利用の促進と低炭素社会の実現
補助対象者　：民間事業者（大臣認定取得費用負担者）
補助対象経費：木材利用に資する防耐火構造にかかる国土交通大臣評価・認定申請手数料
負担割合　　：都１/2　民間事業者１/2　",5,民間団体,"6,299 ",都市整備局市街地建築部建築企画課,03-5320-5031,https://www.datsutansoka.metro.tokyo.lg.jp/timber/subsidy/index.html
2026,10,都市整備局,14,都市の整備,建築指導事務,構造木質化の推進に係るスプリンクラー設備等設置補助金,"補助金の目的：建築物分野における炭素貯蔵効果の高い木材利用の促進と低炭素社会の実現
補助対象者　：民間事業者（建築主）
補助対象経費：木材利用に資するスプリンクラー設備等設置に要する費用
負担割合　　：都１/2　民間事業者１/2　",5,民間団体,"26,250 ",都市整備局市街地建築部建築企画課,03-5320-5031,https://www.datsutansoka.metro.tokyo.lg.jp/timber/subsidy/index.html
2026,10,都市整備局,14,都市の整備,建築指導事務,東京都既存非住宅省エネ改修促進事業補助金（区市町村）,"補助金の目的：既存非住宅の省エネ化を促進
補助対象者　：区市町村
補助対象経費：中小企業者等による既存非住宅の省エネ診断、設計、改修に要する費用
負担割合　　：（省エネ診断、設計）国1/3、都１/6+1/6(都加算)、区１/6、民間事業者1/6
　　　　　　　（省エネ設計）国11.5%、都5.75%+5.75%(都加算)、区5.75%、民間事業者71.25%　",1,区市町村,"8,576 ",都市整備局市街地建築部建築企画課,03-5320-5031,https://www.datsutansoka.metro.tokyo.lg.jp/saving/subsidy/index.html
2026,10,都市整備局,14,都市の整備,建築指導事務,東京都既存非住宅省エネ改修促進事業補助金（中小企業者等）,"補助金の目的：既存非住宅の省エネ化を促進
補助対象者　：中小企業者等
補助対象経費：中小企業者等による既存非住宅の省エネ診断、設計、改修に要する費用
負担割合　　：（省エネ診断、設計）国1/3、都１/3、民間事業者1/3
　　　　　　　（省エネ設計）国11.5%、都11.5%、民間事業者77%　",5,民間団体,"21,564 ",都市整備局市街地建築部建築企画課,03-5320-5031,https://www.datsutansoka.metro.tokyo.lg.jp/saving/subsidy/index.html
2026,10,都市整備局,14,都市の整備,建築指導事務,液状化の判定に係る調査費用助成 （区市町村向け）,"補助金の目的：建築物における液状化対策の推進
補助対象者　：区市町村
補助対象経費：液状化の判定に係る調査に要する費用
負担割合　　：都1/3　区市町村1/3　所有者1/3",1,区市町村,"1,862 ",都市整備局市街地建築部建築企画課,03-5388-3362,https://kenchiku-ekijoka.metro.tokyo.lg.jp/index.html
2026,10,都市整備局,14,都市の整備,建築指導事務,液状化の判定に係る調査費用助成（都民向け),"補助金の目的：建築物における液状化対策の推進
補助対象者　：土地の所有者等
補助対象経費：液状化の判定に係る調査に要する費用
負担割合　　：都1/2　所有者1/2",6,一般都民,700 ,都市整備局市街地建築部建築企画課,03-5388-3362,https://kenchiku-ekijoka.metro.tokyo.lg.jp/index.html
2026,10,都市整備局,14,都市の整備,建築指導事務,液状化対策工事に係る費用助成,"補助金の目的：建築物における液状化対策の推進
補助対象者　：区市町村
補助対象経費：液状化対策工事に要する費用
負担割合　　：都１/4　区市町村1/4　所有者1/2",1,区市町村,"1,600 ",都市整備局市街地建築部建築企画課,03-5388-3362,https://kenchiku-ekijoka.metro.tokyo.lg.jp/index.html
2026,10,都市整備局,14,都市の整備,建築指導事務,既存建築物液状化対策工法審査証明書取得費用補助金,"補助金の目的：建築物における液状化対策の推進
補助対象者　：民間事業者
補助対象経費：①工法の証明等に要する費用、②証明書の取得手数料
負担割合　　：都１/２　民間事業者１/２",5,民間団体,"13,000 ",都市整備局市街地建築部建築企画課,03-5388-3362,https://kenchiku-ekijoka.metro.tokyo.lg.jp/index.html
2026,10,都市整備局,14,都市の整備,建築指導事務,区市町村における再エネ促進計画策定支援事業,"補助金の目的：都内での再エネ促進区域制度の適用と再エネ設備設置を促進
補助対象者　：区市町村
補助対象経費：再エネ促進計画策定のために要する費用
負担割合　　：都1/2 区市町村1/2",1,区市町村,"4,130 ",都市整備局市街地建築部建築企画課,03-5320-5031,https://www.datsutansoka.metro.tokyo.lg.jp/renewable/subsidy/index.html
2026,10,都市整備局,14,都市の整備,耐震改修促進事業,住宅の耐震診断費助成,"補助金の目的：都内全域において、戸建て住宅等の耐震性の向上を図る
補助対象者　：区市町村
補助対象経費：耐震診断に要する経費
負担割合（都費最大の場合）:
　　戸建住宅及び住宅（戸建住宅及びマンションを除く）※
　　　（直接補助）：国1/2　都1/4　区市町村1/4　
　　　（間接補助）：国1/3　都1/6　区市町村1/6　事業者等1/3
　　　　
※東京都戸建住宅等耐震化促進事業制度要綱における用語の定義",1,区市町村,"86,085 ",都市整備局市街地建築部建築企画課,03-5388-3348,https://www.taishin.metro.tokyo.lg.jp/support/index.php
2026,10,都市整備局,14,都市の整備,耐震改修促進事業,住宅の耐震改修等事業費助成,"補助金の目的：都内全域において、戸建て住宅等の耐震性の向上を図る
補助対象者　：区市町村
補助対象経費：耐震改修等に要する経費
負担割合（都費最大の場合） :
　　通常（整備地域内） ：国23/140　都1/5　区市町村1/5　事業者等61/140
　　通常（整備地域外） ：国23/120　都1/5　区市町村1/5　事業者等49/120 等",1,区市町村,"414,430 ",都市整備局市街地建築部建築企画課,03-5388-3348,https://www.taishin.metro.tokyo.lg.jp/support/index.php
2026,10,都市整備局,14,都市の整備,耐震改修促進事業,住宅の耐震改修等事業費助成(太陽光発電システム付属耐震改修),"補助金の目的：都内全域において、耐震改修について太陽光パネルを設置する戸建て住宅等の耐震性の向上を図る
補助対象者　：区市町村
補助対象経費：地域毎に定める要件基準事業費を超えた耐震改修費用
負担割合（都費最大の場合） :都3/5、所有者2/5",1,区市町村,"2,273 ",都市整備局市街地建築部建築企画課,03-5388-3348,https://www.taishin.metro.tokyo.lg.jp/support/index.php
2026,10,都市整備局,14,都市の整備,耐震改修促進事業,住宅の耐震改修等事業費助成(障害者等居住住宅),"補助金の目的：都内全域において、障害者等が居住する戸建て住宅等の耐震性の向上を図る
補助対象者　：区市町村
補助対象経費：耐震改修、建替えに要する経費
負担割合（都費最大の場合） :都1/2、区市町村1/2",1,区市町村,"80,112 ",都市整備局市街地建築部建築企画課,03-5388-3348,https://www.taishin.metro.tokyo.lg.jp/support/index.php
2026,10,都市整備局,14,都市の整備,耐震改修促進事業,住宅の耐震改修等事業費助成(耐震シェルター等設置),"補助金の目的：都内全域において、戸建住宅等の居住者の命を守る取組である戸建住宅等への耐震シェルター等の設置への補助
補助対象者　：区市町村
補助対象経費：耐震シェルター等の設置に要する費用
負担割合（都費最大の場合） :国：1/2、都1/4、区市町村1/4",1,区市町村,"6,000 ",都市整備局市街地建築部建築企画課,03-5388-3348,https://www.taishin.metro.tokyo.lg.jp/support/index.php
2026,10,都市整備局,14,都市の整備,耐震改修促進事業,木造住宅耐震診断士育成等事業,"補助金の目的：都民が安心して木造住宅の耐震診断及び耐震改修に取り組むことができる環境を整備し、木造住宅の耐震化促進に寄与する
補助対象者　：指定登録機関
補助対象経費：報償費、一般需用費、通信運搬費、委託費、使用料及賃借料、人件費、旅費交通費
負担割合　　：国1/2　都1/2",5,民間団体,"3,000 ",都市整備局市街地建築部建築企画課,03-5388-3348,https://www.taishin.metro.tokyo.lg.jp/support/index.php
2026,10,都市整備局,14,都市の整備,耐震改修促進事業,緊急輸送道路沿道の耐震化（耐震診断）,"補助金の目的：地震発生時において緊急輸送道路に係る沿道建築物の倒壊による道路の閉塞を防ぎ、広域的な避難路及び輸送路を確保する
補助対象者　：区市町村
補助対象経費：耐震診断に要する費用
負担割合　　：国1/3　都17/60　区市町村17/60　事業者等1/10",1,区市町村,"216,314 ",都市整備局市街地建築部建築企画課,03-5388-3348,https://www.taishin.metro.tokyo.lg.jp/support/index.php
2026,10,都市整備局,14,都市の整備,耐震改修促進事業,緊急輸送道路沿道の耐震化（耐震改修）,"補助金の目的：地震発生時において緊急輸送道路に係る沿道建築物の倒壊による道路の閉塞を防ぎ、広域的な避難路及び輸送路を確保する
補助対象者　：区市町村
補助対象経費：耐震改修、建替え及び除却に要する費用
負担割合　　：【補強設計（一般沿道）】国1/3　都1/4　区市町村1/4　事業者等1/6
　　　　　　　　　【補強設計（特定沿道）】国1/2　都1/3　区市町村1/6
　　　　　　　　　【耐震改修等（一般沿道：延床面積5,000㎡以下の部分・分譲マンション】
　　　　　　　　　　　　　　　　　　　　　　　　国1/3　都1/4　区市町村1/4　事業者等1/6
　　　　　　　　　【耐震改修等（一般沿道：延床面積5,000㎡超の部分】
　　　　　　　　　　　　　　　　　　　　　　　　国1/4　都1/8　区市町村1/8　事業者等1/2
　　　　　　　　　【耐震改修等（一般沿道：延床面積10,000㎡超の部分（分譲マンション）】
　　　　　　　　　　　　　　　　　　　　　　　　国1/3　都1/4　区市町村1/4　事業者等1/6
　　　　　　　　　【耐震改修等（特定沿道：延床面積5,000㎡以下の部分・分譲マンション】
　　　　　　　　　　　　　　　　　　　　　　　　国2/5　都1/3　区市町村1/6　事業者等1/10
　　　　　　　　　【耐震改修等（特定沿道：延床面積5,000㎡超の部分】
　　　　　　　　　　　　　　　　　　　　　　　　国3/10　都1/6　区市町村1/12　事業者等9/20
　　　　　　　　　【耐震改修等（特定沿道：延床面積10,000㎡超の部分（分譲マンション）】
　　　　　　　　　　　　　　　　　　　　　　　　国2/5　都1/3　区市町村1/6　事業者等1/10",1,区市町村,"2,644,982 ",都市整備局市街地建築部建築企画課,03-5388-3348,https://www.taishin.metro.tokyo.lg.jp/support/index.php
2026,10,都市整備局,14,都市の整備,耐震改修促進事業,緊急輸送道路沿道の耐震化（占有者加算）,"補助金の目的：地震発生時において緊急輸送道路に係る沿道建築物の倒壊による道路の閉塞を防ぎ、広域的な避難路及び輸送路を確保する
補助対象者　：区市町村
補助対象経費：耐震改修、建替え及び除却に要する費用
負担割合　　：【特定沿道】都6/10　区市町村3/10　事業者等1/10
　　　　　　　　　【一般沿道】都1/3　区市町村1/3　事業者等1/3",1,区市町村,"92,663 ",都市整備局市街地建築部建築企画課,03-5388-3348,https://www.taishin.metro.tokyo.lg.jp/support/index.php
2026,10,都市整備局,14,都市の整備,耐震改修促進事業,緊急輸送道路沿道の耐震化（耐震化準備事業）,"補助金の目的：地震発生時において緊急輸送道路に係る沿道建築物の倒壊による道路の閉塞を防ぎ、広域的な避難路及び輸送路を確保する
補助対象者　：区市町村
補助対象経費：耐震改修、建替え及び除却に要する費用
負担割合　　：都5/9　区市町村5/18　事業者等1/6",1,区市町村,"70,543 ",都市整備局市街地建築部建築企画課,03-5388-3348,https://www.taishin.metro.tokyo.lg.jp/support/index.php
2026,10,都市整備局,14,都市の整備,耐震改修促進事業,耐震アドバイザー（都市整備局）,"補助金の目的：地震発生時において緊急輸送道路に係る沿道建築物の倒壊による道路の閉塞を防ぎ、広域的な避難路及び輸送路を確保する
補助対象者　：区市町村
補助対象経費：耐震アドバイザー派遣に要する費用
負担割合　　：国1/3　都1/6　区市町村1/6　事業者等1/3",1,区市町村,475 ,都市整備局市街地建築部建築企画課,03-5388-3348,https://www.taishin.metro.tokyo.lg.jp/support/index.php
2026,10,都市整備局,14,都市の整備,耐震改修促進事業,区市町村耐震化普及啓発活動支援事業,"補助金の目的：建物所有者等に対し、建物の耐震化に関する意識の啓発及び知識の普及を図る
補助対象者　：区市町村
補助対象経費：区市町村が建築物の耐震化の促進を目的として実施する普及啓発活動に要する経費
負担割合（都費最大の場合） ：国1/2　都1/4　区市町村1/4",1,区市町村,"59,200 ",都市整備局市街地建築部建築企画課,03-5388-3348,https://www.taishin.metro.tokyo.lg.jp/support/index.php
2026,11,住宅政策本部,14,都市の整備,住宅政策に関する企画及び連絡調整,住宅被害対策区市町村支援事業,"補助金の目的：都内に大きな住宅被害をもたらす自然災害等が発生した際に、被害を受けた住宅の補修工事を行う者に対し、区市町村を通じて、都がその費用の一部を補助することで、被災者の住宅の安全と生活の安定の確保を図る
補助対象者　：区市町村
補助対象経費：応急修理と同等を基本とし、この事業の実施の際に、当該災害の規模等に応じて別に定める
負担割合　　：区市町村が補助する金額の２分の１、又はこの事業の実施の際に当該災害の規模等に応じて別に定める額のいずれか低い額",1,区市町村,"1,000 ",住宅政策本部民間住宅部計画課,03-5320-5005,
2026,11,住宅政策本部,14,都市の整備,公社都民住宅供給助成事業,入居後地代補助,"補助金の目的：公社に関する都民住宅用地に関する補助
補助対象者　：政策連携団体
補助対象経費：土地の賃借料
負担割合：一般会計用地における地代と公社負担額の差額相当分",3,政策連携団体,"177,486 ",住宅政策本部住宅企画部企画経理課,03-5320-4946,
2026,11,住宅政策本部,14,都市の整備,区市町村住宅供給助成事業,区市町村公営住宅供給助成　建設・買取（現年度）,"補助金の目的：公営住宅の整備の促進
補助対象者　：区市町村
補助対象経費：【建設型】建設費、設計・除却費、【買取型】買取代金（工事費相当分）
負担割合　　：　国1/2、都1/4、区市町村1/4",1,区市町村,"256,782 ",住宅政策本部住宅企画部企画経理課,03-5320-4940,
2026,11,住宅政策本部,14,都市の整備,区市町村住宅供給助成事業,区市町村公営住宅供給助成　建設（過年度）,"補助金の目的：公営住宅の整備の促進
補助対象者　：区市町村
補助対象経費：建設費、設計・除却費
負担割合　　：　国1/2、都1/4、区市町村1/4",1,区市町村,"534,231 ",住宅政策本部住宅企画部企画経理課,03-5320-4940,
2026,11,住宅政策本部,14,都市の整備,区市町村住宅供給助成事業,区市町村公営住宅供給助成　家賃対策　新法（建設・買取）,"補助金の目的：事業主体の財政負担の軽減と公営住宅整備の効果的な推進
補助対象者　：区市町村
補助対象経費：公営住宅における近傍同種の家賃と入居者負担基準額の差額
負担割合　　：国1/2、都1/4、区市町村1/4",1,区市町村,"206,809 ",住宅政策本部住宅企画部企画経理課,03-5320-4940,
2026,11,住宅政策本部,14,都市の整備,空き家施策推進事業,空き家利活用等区市町村支援事業（空き家実態調査費用補助）,"補助金の目的：区市町村による計画的な空き家対策の実施を促進
補助対象者　：区市町村
補助対象経費：空き家実態調査に係る費用
負担割合　　：(国1/2、都1/3、区市町村1/6)(都2/3、区市町村1/3)",1,区市町村,"44,550 ",住宅政策本部民間住宅部計画課,03-5320-5056,https://www.juutakuseisaku.metro.tokyo.lg.jp/akiya/hojo_kushichoson.html
2026,11,住宅政策本部,14,都市の整備,空き家施策推進事業,空き家利活用等区市町村支援事業（空家計画策定費用補助）,"補助金の目的：区市町村による計画的な空き家対策の実施を促進
補助対象者　：区市町村
補助対象経費：空家等対策計画策定費用
負担割合　　：都2/3、区市町村1/3",1,区市町村,"22,770 ",住宅政策本部民間住宅部計画課,03-5320-5056,https://www.juutakuseisaku.metro.tokyo.lg.jp/akiya/hojo_kushichoson.html
2026,11,住宅政策本部,14,都市の整備,空き家施策推進事業,空き家利活用等区市町村支援事業（空き家改修工事費用補助）,"補助金の目的：区市町村による計画的な空き家対策の実施を促進
補助対象者　：区市町村
補助対象経費：空き家改修費用
負担割合　　：(国1/2、都1/4、区市町村1/4)(都1/2、区市町村1/2)（都10/10）",1,区市町村,"7,080 ",住宅政策本部民間住宅部計画課,03-5320-5056,https://www.juutakuseisaku.metro.tokyo.lg.jp/akiya/hojo_kushichoson.html
2026,11,住宅政策本部,14,都市の整備,空き家施策推進事業,空き家利活用等区市町村支援事業（空き家除却費補助）,"補助金の目的：区市町村による計画的な空き家対策の実施を促進
補助対象者　：区市町村
補助対象経費：空き家除却費用
負担割合　　：(国1/2、都1/3、区市町村1/6)(都2/3、区市町村1/3)（都10/10）",1,区市町村,"39,960 ",住宅政策本部民間住宅部計画課,03-5320-5056,https://www.juutakuseisaku.metro.tokyo.lg.jp/akiya/hojo_kushichoson.html
2026,11,住宅政策本部,14,都市の整備,空き家施策推進事業,空き家利活用等区市町村支援事業(管理不全空家等除却費補助),"補助金の目的：区市町村による計画的な空き家対策の実施を促進
補助対象者　：区市町村
補助対象経費：管理不全空家等、特定空家等の除却費用
負担割合　　：都10/10",1,区市町村,"99,000 ",住宅政策本部民間住宅部計画課,03-5320-5056,https://www.juutakuseisaku.metro.tokyo.lg.jp/akiya/hojo_kushichoson.html
2026,11,住宅政策本部,14,都市の整備,空き家施策推進事業,空き家利活用等区市町村支援事業（特定空家の判定に係る協議会の運営費用補助）,"補助金の目的：区市町村による計画的な空き家対策の実施を促進
補助対象者　：区市町村
補助対象経費：協議会運営費用
負担割合　　：都1/2、区市町村1/2",1,区市町村,"4,500 ",住宅政策本部民間住宅部計画課,03-5320-5056,https://www.juutakuseisaku.metro.tokyo.lg.jp/akiya/hojo_kushichoson.html
2026,11,住宅政策本部,14,都市の整備,空き家施策推進事業,空き家利活用等区市町村支援事業（所有者特定費用補助）,"補助金の目的：区市町村による計画的な空き家対策の実施を促進
補助対象者　：区市町村
補助対象経費：所有者特定費用
負担割合　　：(国1/2、都1/4、区市町村1/4)（都1/2、区市町村1/2）",1,区市町村,"3,600 ",住宅政策本部民間住宅部計画課,03-5320-5056,https://www.juutakuseisaku.metro.tokyo.lg.jp/akiya/hojo_kushichoson.html
2026,11,住宅政策本部,14,都市の整備,空き家施策推進事業,空き家利活用等区市町村支援事業（専門家による業務支援費用補助）,"補助金の目的：区市町村による計画的な空き家対策の実施を促進
補助対象者　：区市町村
補助対象経費：専門家による業務支援費用
負担割合　　：都1/2、区市町村1/2",1,区市町村,"1,200 ",住宅政策本部民間住宅部計画課,03-5320-5056,https://www.juutakuseisaku.metro.tokyo.lg.jp/akiya/hojo_kushichoson.html
2026,11,住宅政策本部,14,都市の整備,空き家施策推進事業,空き家利活用等区市町村支援事業（行政代執行による除却等費用補助）,"補助金の目的：区市町村による計画的な空き家対策の実施を促進
補助対象者　：区市町村
補助対象経費：代執行による除却等費用
負担割合　　：（国1/2、都1/4、区市町村1/4）（都1/2、区市町村1/2）",1,区市町村,"2,400 ",住宅政策本部民間住宅部計画課,03-5320-5056,https://www.juutakuseisaku.metro.tokyo.lg.jp/akiya/hojo_kushichoson.html
2026,11,住宅政策本部,14,都市の整備,空き家施策推進事業,空き家利活用等区市町村支援事業（空き家相談体制整備補助）,"補助金の目的：区市町村による計画的な空き家対策の実施を促進
補助対象者　：区市町村
補助対象経費：空き家相談体制整備費用
負担割合　　：都1/2、区市町村1/2",1,区市町村,"16,200 ",住宅政策本部民間住宅部計画課,03-5320-5056,https://www.juutakuseisaku.metro.tokyo.lg.jp/akiya/hojo_kushichoson.html
2026,11,住宅政策本部,14,都市の整備,空き家施策推進事業,空き家利活用等区市町村支援事業（緊急対策措置費用補助）,"補助金の目的：区市町村による計画的な空き家対策の実施を促進
補助対象者　：区市町村
補助対象経費：緊急対策措置費用
負担割合　　：都1/2、区市町村1/2",1,区市町村,"1,000 ",住宅政策本部民間住宅部計画課,03-5320-5056,https://www.juutakuseisaku.metro.tokyo.lg.jp/akiya/hojo_kushichoson.html
2026,11,住宅政策本部,14,都市の整備,空き家施策推進事業,空き家利活用等区市町村支援事業（建物調査に係る費用補助）,"補助金の目的：区市町村による計画的な空き家対策の実施を促進
補助対象者　：区市町村
補助対象経費：建物調査に係る費用
負担割合　　：都2/3、区市町村1/3",1,区市町村,"8,640 ",住宅政策本部民間住宅部計画課,03-5320-5056,https://www.juutakuseisaku.metro.tokyo.lg.jp/akiya/hojo_kushichoson.html
2026,11,住宅政策本部,14,都市の整備,空き家施策推進事業,空き家利活用等区市町村支援事業（空き家管理委託に係る費用補助）,"補助金の目的：区市町村による計画的な空き家対策の実施を促進
補助対象者　：区市町村
補助対象経費：空き家管理委託に係る費用
負担割合　　：都1/2、区市町村1/2",1,区市町村,100 ,住宅政策本部民間住宅部計画課,03-5320-5056,https://www.juutakuseisaku.metro.tokyo.lg.jp/akiya/hojo_kushichoson.html
2026,11,住宅政策本部,14,都市の整備,空き家施策推進事業,空き家利活用等区市町村支援事業(財産管理人選任申立てに係る費用補助),"補助金の目的：区市町村による計画的な空き家対策の実施を促進
補助対象者　：区市町村
補助対象経費：財産管理人選任申立てに係る費用
負担割合　　：都1/2、区市町村1/2",1,区市町村,"15,400 ",住宅政策本部民間住宅部計画課,03-5320-5056,https://www.juutakuseisaku.metro.tokyo.lg.jp/akiya/hojo_kushichoson.html
2026,11,住宅政策本部,14,都市の整備,空き家施策推進事業,空き家利活用等区市町村支援事業（移住・定住に係る空き家対策費用補助）,"補助金の目的：区市町村による計画的な空き家対策の実施を促進
補助対象者　：市町村
補助対象経費：移住・定住に係る空き家対策費用
負担割合　　：都2/3、市町村1/3",1,区市町村,"12,130 ",住宅政策本部民間住宅部計画課,03-5320-5056,https://www.juutakuseisaku.metro.tokyo.lg.jp/akiya/hojo_kushichoson.html
2026,11,住宅政策本部,14,都市の整備,空き家施策推進事業,空き家利活用等区市町村支援事業（山村・島しょ地域における移住・定住に係る空き家改修工事費用補助）,"補助金の目的：区市町村による計画的な空き家対策の実施を促進
補助対象者　：町村
補助対象経費：山村・島しょ地域における移住・定住に係る空き家改修工事費用
負担割合　　：都10/10",1,区市町村,"114,000 ",住宅政策本部民間住宅部計画課,03-5320-5056,https://www.juutakuseisaku.metro.tokyo.lg.jp/akiya/hojo_kushichoson.html
2026,11,住宅政策本部,14,都市の整備,空き家施策推進事業,空き家利活用等区市町村支援事業（発生抑制・普及啓発に係る費用補助）,"補助金の目的：区市町村による計画的な空き家対策の実施を促進
補助対象者　：区市町村
補助対象経費：発生抑制・普及啓発に係る費用
負担割合　　：都1/2、区市町村1/2",1,区市町村,"2,600 ",住宅政策本部民間住宅部計画課,03-5320-5056,https://www.juutakuseisaku.metro.tokyo.lg.jp/akiya/hojo_kushichoson.html
2026,11,住宅政策本部,14,都市の整備,空き家施策推進事業,空き家利活用等区市町村支援事業（企画提案型）,"補助金の目的：区市町村による計画的な空き家対策の実施を促進
補助対象者　：区市町村
補助対象経費：企画提案型事業の費用
負担割合　　：（国1/2、都1/4、区市町村1/4）（都1/2、区市町村1/2）",1,区市町村,"11,880 ",住宅政策本部民間住宅部計画課,03-5320-5056,https://www.juutakuseisaku.metro.tokyo.lg.jp/akiya/hojo_kushichoson.html
2026,11,住宅政策本部,14,都市の整備,空き家施策推進事業,先駆的空き家対策東京モデル支援事業,"補助金の目的：区市町村の空き家対策のノウハウの普及
補助対象者　：区市町村
補助対象経費：空き家対策事業の経費
負担割合　　：都10/10",1,区市町村,"19,000 ",住宅政策本部民間住宅部計画課,03-5320-5056,https://www.juutakuseisaku.metro.tokyo.lg.jp/akiya/hojo_kushichoson.html
2026,11,住宅政策本部,14,都市の整備,空き家施策推進事業,東京都空き家ポテンシャル発掘支援事業（単年度型）,"〔単年度型〕
補助金の目的：空き家を地域資源として活用し、地域の課題解決に取り組む民間事業者等を支援
補助対象者　：民間事業者等
補助対象経費：空き家の改修費等
負担割合　　：都2/3、事業者1/3　　　　　　",5,民間団体,"9,000 ",住宅政策本部民間住宅部計画課,03-5320-7489,https://www.juutakuseisaku.metro.tokyo.lg.jp/akiya/hojo_minkan/akiyapotential
2026,11,住宅政策本部,14,都市の整備,空き家施策推進事業,東京都空き家ポテンシャル発掘支援事業(複数年度型）,"〔複数年度型〕（最大５か年度）
補助金の目的：空き家を地域資源として活用し、地域の課題解決に取り組む民間事業者等を支援
補助対象者　：民間事業者等
補助対象経費：ソフトの経費（人件費、使用料、需用費、役務費、委託費等）、ハードの経費（空き家の改修費等）
負担割合　　：【ソフトの経費】初年度　都3/4、事業者1/4、2～3年度目　都2/3、事業者1/3、4～5年度目　都1/2、事業者1/2　【ハードの経費】都2/3、事業者1/3",5,民間団体,"58,942 ",住宅政策本部民間住宅部計画課,03-5320-7489,https://www.juutakuseisaku.metro.tokyo.lg.jp/akiya/hojo_minkan/akiyapotential
2026,11,住宅政策本部,14,都市の整備,空き家施策推進事業,東京都空き家ポテンシャル発掘支援事業（シェアハウス型）,"〔シェアハウス〕
補助金の目的：空き家を地域資源として活用し、地域の課題解決に取り組む民間事業者等を支援
補助対象者　：民間事業者等
補助対象経費：ハードの経費（空き家の改修費等）、ソフトの経費（サービス提供等）
負担割合　　：【ハードの経費】都2/3、事業者1/3　【ソフトの経費】初年度　都2/3、事業者1/3、2年度目　都1/2、事業者1/2",5,民間団体,"12,136 ",住宅政策本部民間住宅部計画課,03-5320-7489,https://www.juutakuseisaku.metro.tokyo.lg.jp/akiya/hojo_minkan/akiyapotential
2026,11,住宅政策本部,14,都市の整備,空き家施策推進事業,東京都空き家ポテンシャル発掘支援事業（リノベーションコンテスト受賞提案の実現支援型）,"〔空き家リノベーションコンテストの受賞アイデアの実現〕
補助金の目的：空き家を地域資源として活用し、地域の課題解決に取り組む民間事業者等を支援
補助対象者　：民間事業者等
補助対象経費：空き家の改修費等
負担割合　　：都5/6、事業者1/6",5,民間団体,"6,000 ",住宅政策本部民間住宅部計画課,03-5320-7489,https://www.juutakuseisaku.metro.tokyo.lg.jp/akiya/event/renovationcontest
2026,11,住宅政策本部,14,都市の整備,空き家施策推進事業,若者応援空き家活用支援事業,"補助金の目的：空き家を改修して、若者のチャレンジなどを応援する目的の住まいや施設を供給する事業者等を支援
補助対象者　：民間事業者等
補助対象経費：空き家の改修費等
負担割合　　：都2/3、事業者1/3",5,民間団体,"18,000 ",住宅政策本部民間住宅部計画課,03-5320-7489,
2026,11,住宅政策本部,14,都市の整備,空き家施策推進事業,東京都空き家家財整理・解体促進事業,"補助金の目的：空き家状態の早期解決及び空き家の利活用等を推進
補助対象者　：個人
補助対象経費：空き家の解体又は家財整理に係る費用
負担割合　　　：1/2",6,一般都民,"5,500 ",住宅政策本部民間住宅部計画課,03-5320-5148,https://www.juutakuseisaku.metro.tokyo.lg.jp/akiya/kaitai_seiri.html
2026,11,住宅政策本部,14,都市の整備,安心居住推進事業,サービス付き高齢者向け住宅等計画策定・共同施設整備,"補助金の目的：サービス付き高齢者向け住宅の供給促進
補助対象者　：区市町村
補助対象経費：供給計画策定及び建設に係る費用
負担割合　　：2/7",1,区市町村,"7,874 ",住宅政策本部民間住宅部安心居住推進課,03-5320-4947,https://www.juutakuseisaku.metro.tokyo.lg.jp/juutaku_seisaku/116kouyutin.htm
2026,11,住宅政策本部,14,都市の整備,安心居住推進事業,サービス付き高齢者向け住宅等共同施設整備（国事業活用型）,"補助金の目的：サービス付き高齢者向け住宅の供給促進
補助対象者　：建築主（個人又は法人）
補助対象経費：建設に係る費用
負担割合　　：1/10",5,民間団体,"695,955 ",住宅政策本部民間住宅部安心居住推進課,03-5320-4947,https://www.juutakuseisaku.metro.tokyo.lg.jp/juutaku_seisaku/116kouyutin.htm
2026,11,住宅政策本部,14,都市の整備,安心居住推進事業,サービス付き高齢者向け住宅家賃対策補助,"補助金の目的：サービス付き高齢者向け住宅の供給促進
補助対象者　：区市町村
補助対象経費：家賃の減額に係る費用
負担割合　　：2/7",1,区市町村,"12,550 ",住宅政策本部民間住宅部安心居住推進課,03-5320-4947,https://www.juutakuseisaku.metro.tokyo.lg.jp/juutaku_seisaku/116kouyutin.htm
2026,11,住宅政策本部,14,都市の整備,安心居住推進事業,高齢者向け優良賃貸住宅家賃対策補助（平成11年度認定・都管理）,"補助金の目的：高齢者の安全で安定した居住の確保
補助対象者　：個人又は法人
補助対象経費：家賃の減額に係る補助
負担割合　　：1/2",6,一般都民,"12,879 ",住宅政策本部民間住宅部安心居住推進課,03-5320-4947,https://www.juutakuseisaku.metro.tokyo.lg.jp/juutaku_seisaku/116kouyutin.htm
2026,11,住宅政策本部,14,都市の整備,安心居住推進事業,高齢者向け優良賃貸住宅家賃対策補助,"補助金の目的：高齢者の安全で安定した居住の確保
補助対象者　：区市町村
補助対象経費：家賃の減額に係る補助
負担割合　　：2/7",1,区市町村,"70,599 ",住宅政策本部民間住宅部安心居住推進課,03-5320-4947,https://www.juutakuseisaku.metro.tokyo.lg.jp/juutaku_seisaku/116kouyutin.htm
2026,11,住宅政策本部,14,都市の整備,安心居住推進事業,高齢者向け優良賃貸住宅管理費補助（平成11年度認定・都管理）,"補助金の目的：高齢者の安全で安定した居住の確保
補助対象者　：個人又は法人
補助対象経費：管理事務の減額に係る補助
負担割合　　：10/10",6,一般都民,923 ,住宅政策本部民間住宅部安心居住推進課,03-5320-4947,https://www.juutakuseisaku.metro.tokyo.lg.jp/juutaku_seisaku/116kouyutin.htm
2026,11,住宅政策本部,14,都市の整備,安心居住推進事業,高齢者向け優良賃貸住宅管理費補助（平成11年度認定・区管理）,"補助金の目的：高齢者の安全で安定した居住の確保
補助対象者　：区
補助対象経費：管理事務の減額に係る補助
負担割合　　：1/2",1,区市町村,71 ,住宅政策本部民間住宅部安心居住推進課,03-5320-4947,https://www.juutakuseisaku.metro.tokyo.lg.jp/juutaku_seisaku/116kouyutin.htm
2026,11,住宅政策本部,14,都市の整備,安心居住推進事業,住宅確保要配慮者に対する賃貸住宅の供給促進（改修費補助）,"補助金の目的：住宅確保要配慮者の民間賃貸住宅への入居促進
補助対象者　：区市町村
補助対象経費：専用住宅への改修に係る費用
負担割合　　：国1/3、都1/6、区市町村1/6、事業者1/3　※高齢者・障害者・子育て世帯の専用住宅の場合は国1/3、都1/3、区市町村1/6、事業者1/6",1,区市町村,"40,850 ",住宅政策本部民間住宅部安心居住推進課,03-5388-3320,
2026,11,住宅政策本部,14,都市の整備,安心居住推進事業,住宅確保要配慮者に対する賃貸住宅の供給促進（家賃低廉化補助）,"補助金の目的：住宅確保要配慮者の民間賃貸住宅への入居促進
補助対象者　：区市町村
補助対象経費：専用住宅の家賃低廉化に係る費用
負担割合　　：　国1/2、都1/4、区市町村1/4",1,区市町村,"78,290 ",住宅政策本部民間住宅部安心居住推進課,03-5388-3320,
2026,11,住宅政策本部,14,都市の整備,安心居住推進事業,住宅確保要配慮者に対する賃貸住宅の供給促進（家賃債務保証料等補助）,"補助金の目的：住宅確保要配慮者の民間賃貸住宅への入居促進
補助対象者　：区市町村
補助対象経費：家賃債務保証料及び孤独死・残置物に係る保険料
負担割合　　：　国1/2、都1/4、区市町村1/4",1,区市町村,495 ,住宅政策本部民間住宅部安心居住推進課,03-5388-3320,
2026,11,住宅政策本部,14,都市の整備,安心居住推進事業,住宅確保要配慮者に対する賃貸住宅の供給促進（入居者死亡事故保険補助）,"補助金の目的：住宅確保要配慮者の民間賃貸住宅への入居促進
補助対象者　：区市町村
補助対象経費：残存家財の整理及び居室内修繕等に係る保険料
負担割合　　：　都1/2、区市町村1/2",1,区市町村,90 ,住宅政策本部民間住宅部安心居住推進課,03-5388-3320,
2026,11,住宅政策本部,14,都市の整備,安心居住推進事業,住宅確保要配慮者に対する賃貸住宅の供給促進（賃貸住宅登録協力補助）,"補助金の目的：住宅確保要配慮者専用住宅の登録促進
補助対象者　：貸主、不動産事業者
補助対象経費：専用住宅へ登録した場合に報奨金を交付",5,民間団体,"20,000 ",住宅政策本部民間住宅部安心居住推進課,03-5388-3320,https://www.juutakuseisaku.metro.tokyo.lg.jp/safety_net/hojo
2026,11,住宅政策本部,14,都市の整備,安心居住推進事業,住宅確保要配慮者に対する賃貸住宅の供給促進（東京ささエール住宅貸主応援事業（見守り機器設置費補助））,"補助金の目的：住宅確保要配慮者の居住の安定を確保
補助対象者　：①貸主②借主
補助対象経費：①見守り機器の購入費、設置費、見守りサービスの初期費用②見守りサービスの初期費用
負担割合　　：①都2/3、事業者1/3②都2/3、借主1/3",5,民間団体,"4,000 ",住宅政策本部民間住宅部安心居住推進課,03-5388-3320,https://www.juutakuseisaku.metro.tokyo.lg.jp/safety_net/lender_hojo
2026,11,住宅政策本部,14,都市の整備,安心居住推進事業,住宅確保要配慮者に対する賃貸住宅の供給促進（東京ささエール住宅貸主応援事業（住宅設備改善費補助））,"補助金の目的：住宅確保要配慮者の居住の安全性等の向上、専用住宅の登録促進
補助対象者　：貸主
補助対象経費：バリアフリー改修工事及び附帯設備設置工事に係る費用
負担割合　　：都1/2、事業者1/2",5,民間団体,"90,000 ",住宅政策本部民間住宅部安心居住推進課,03-5388-3320,https://www.juutakuseisaku.metro.tokyo.lg.jp/safety_net/lender_hojo
2026,11,住宅政策本部,14,都市の整備,安心居住推進事業,住宅確保要配慮者に対する賃貸住宅の供給促進（東京ささエール住宅貸主応援事業（耐震改修費補助））,"補助金の目的：住宅確保要配慮者の居住の安全性等の向上、専用住宅の登録促進
補助対象者　：貸主
補助対象経費：耐震改修工事及び除却工事に係る費用
負担割合　　：都5/6、事業者1/6",5,民間団体,"60,000 ",住宅政策本部民間住宅部安心居住推進課,03-5388-3320,https://www.juutakuseisaku.metro.tokyo.lg.jp/safety_net/lender_hojo
2026,11,住宅政策本部,14,都市の整備,安心居住推進事業,住宅確保要配慮者に対する賃貸住宅の供給促進（東京ささエール住宅貸主応援事業（入居者死亡事故保険補助））,"補助金の目的：住宅確保要配慮者の民間賃貸住宅への入居促進
補助対象者　：貸主
補助対象経費：残存家財の整理及び居室内修繕等に係る保険料
負担割合　　：　都2/3、事業者、借主1/3",5,民間団体,200 ,住宅政策本部民間住宅部安心居住推進課,03-5388-3320,https://www.juutakuseisaku.metro.tokyo.lg.jp/safety_net/lender_hojo
2026,11,住宅政策本部,14,都市の整備,安心居住推進事業,住宅確保要配慮者に対する賃貸住宅の供給促進（東京ささエール住宅居住支援法人等応援事業）,"補助金の目的：住宅確保要配慮者の居住の安定を確保、居住支援の充実
補助対象者　：東京都居住支援法人等
補助対象経費：サブリース物件の確保や管理運営、入居者への居住支援に係る費用
負担割合　　：①1年目：都2/3、事業者1/3、②2年目：都1/2、事業者1/2",5,民間団体,"43,500 ",住宅政策本部民間住宅部安心居住推進課,03-5388-3320,https://www.juutakuseisaku.metro.tokyo.lg.jp/safety_net/shien/kyojushien_hojo
2026,11,住宅政策本部,14,都市の整備,安心居住推進事業,区市町村居住支援協議会の設立促進・活動支援補助,"補助金の目的：区市町村居住支援協議会の設立促進、活動支援
補助対象者　：①区市町村、居住支援法人等②区市町村居住支援協議会
補助対象経費：①区市町村居住支援協議会の設立に向けた活動等に要する経費②区市町村居住支援協議会の活動の活性化に資する活動等に要する経費
負担割合　　：①都10/10②都1/2、区市町村居住支援協議会1/2",1,区市町村,"2,000 ",住宅政策本部民間住宅部安心居住推進課,03-5320-4919,https://www.juutakuseisaku.metro.tokyo.lg.jp/safety_net/ha_council/kyougikai_shien
2026,11,住宅政策本部,14,都市の整備,安心居住推進事業,東京こどもすくすく住宅供給促進事業（建築主）,"補助金の目的：東京こどもすくすく住宅認定制度による認定住宅の供給促進
補助対象者：建築主（法人、個人）
補助対象経費：認定制度による認定住宅の整備・改修費
負担割合：1/20～2/3",5,民間団体,"4,602,055 ",住宅政策本部民間住宅部安心居住推進課,03-5320-5011,https://www.juutakuseisaku.metro.tokyo.lg.jp/kosodate/child-care/child-care-jigyo
2026,11,住宅政策本部,14,都市の整備,安心居住推進事業,東京こどもすくすく住宅供給促進事業（区市町村）,"補助金の目的：東京こどもすくすく住宅認定制度による認定住宅の供給促進
補助対象者　：区市町村
補助対象経費：認定制度による認定住宅の整備・改修費に対して区市町村が交付する補助額
負担割合　　：都１/40＋1/80、区市町村1/40、事業者15/16
　　　　　　　　　～都1/3＋1/6、区市町村1/3、事業者1/6",1,区市町村,"229,585 ",住宅政策本部民間住宅部安心居住推進課,03-5320-5011,https://www.juutakuseisaku.metro.tokyo.lg.jp/kosodate/child-care/child-care-jigyo
2026,11,住宅政策本部,14,都市の整備,安心居住推進事業,「子供を守る」住宅確保促進事業,"補助金の目的：既存集合住宅ストックにおける子供の安全性の向上
補助対象者：区分所有者や賃借人など
補助対象経費：子供の安全性の向上に資する改修や設備設置費
負担割合：2/3",6,一般都民,"21,000 ",住宅政策本部民間住宅部安心居住推進課,03-5320-5011,
2026,11,住宅政策本部,14,都市の整備,安心居住推進事業,高齢者いきいき住宅整備事業,"補助金の目的：自立した高齢者が地域社会でいきいきと暮らせる住宅の認定制度構築に向けた検証を行うため、民間の創意工夫を凝らした先導的な取組が行われている住宅に対する補助を行う。
補助対象者　：採択事業者
補助対象経費：都が採択した民間の先導的な取組が行われている住宅の整備費
負担割合　　：都1/5、事業者4/5～都1/2、事業者1/2",5,民間団体,"125,100 ",住宅政策本部民間住宅部安心居住推進課,03-5320-4967,
2026,11,住宅政策本部,14,都市の整備,安心居住推進事業,高齢者いきいき住宅供給促進事業,"補助金の目的：高齢者いきいき住宅認定制度による認定住宅の普及促進
補助対象者　：建築主（法人、個人）
補助対象経費：認定住宅の整備費
負担割合　　：1/5～2/3",5,民間団体,"200,000 ",住宅政策本部民間住宅部安心居住推進課,03-5320-4967,
2026,11,住宅政策本部,14,都市の整備,民間住宅支援事業,東京都地域住宅生産事業協議会に対する講習会開催費補助,"補助金の目的：東京都地域住宅生産者協議会では、中小工務店をはじめとした住宅生産事業者の経営力及び技術力の向上を目的に、時事に応じた内容の技術講習会を実施しており、都はその費用の一部に補助を行う
補助対象者　：東京都地域住宅生産者協議会
補助対象経費：技術者の育成支援に関する事業で要項に定める事業（講習会の実施等）
負担割合　　：補助対象経費の３分の２以内かつ500千円以内の額",5,民間団体,834 ,住宅政策本部民間住宅部計画課,03-5320-4936,
2026,11,住宅政策本部,14,都市の整備,民間住宅支援事業,良質な既存住宅流通の仕組構築支援事業,"補助金の目的：住宅ストックの質の向上と流通促進
補助対象者：民間事業者等
補助対象経費：既存住宅を良質な住宅に改修して建物価値や性能を適正に評価・販売する仕組みの構築に係る経費
負担割合：都2/3、事業者1/3",5,民間団体,"29,700 ",住宅政策本部民間住宅部計画課,03-5320-5006,https://www.juutakuseisaku.metro.tokyo.lg.jp/bunyabetsu/jutaku_fudosan/shienjigyo.html
2026,11,住宅政策本部,14,都市の整備,民間住宅支援事業,木造密集地域の自己用住宅建替等に対する利子補給,"補助金の目的：木造住宅密集地域内で自己居住用住宅の建替に対する助成
補助対象者　：契約金融機関
補助対象経費：融資金
負担割合　　：住宅ローン金利のうち1%の利子補給（1%未満は当該金利分）",5,民間団体,123 ,住宅政策本部民間住宅部計画課,03-5320-4952,https://www.juutakuseisaku.metro.tokyo.lg.jp/juutaku_seisaku/280jyosei_01.htm
2026,11,住宅政策本部,14,都市の整備,民間住宅支援事業,自己用住宅取得等に対する利子補給（債務負担）,"補助金の目的：良質な個人住宅・賃貸住宅の建設を助成（募集終了）
補助対象者　：契約金融機関
補助対象経費：融資金
負担割合　　：住宅ローン金利の一部を利子補給",5,民間団体,"3,525 ",住宅政策本部民間住宅部計画課,03-5320-4952,
2026,11,住宅政策本部,14,都市の整備,民間住宅支援事業,優良民間賃貸住宅等民間賃貸住宅等建設に対する利子補給（債務負担）,"補助金の目的：優良な賃貸住宅の供給促進（募集終了）
補助対象者　：契約金融機関
補助対象経費：融資金
負担割合　　：住宅ローン金利の一部を利子補給",5,民間団体,"261,071 ",住宅政策本部民間住宅部計画課,03-5320-4952,https://www.juutakuseisaku.metro.tokyo.lg.jp/juutaku_seisaku/280jyosei_01.htm
2026,11,住宅政策本部,14,都市の整備,民間住宅支援事業,省エネ・再エネ住宅普及促進事業,"補助金の目的：省エネ・再エネ住宅の普及促進に関する事業に対し支援する
補助対象者　：「東京都 省エネ・再エネ住宅推進プラットフォーム」参加団体
補助対象経費：都民に対する普及啓発、消費者向け相談体制、事業者の技術力向上
負担割合　　：都民に対する普及啓発　都2/3、事業者1/3
　　　　　　　　　消費者向け相談体制　　都2/3、事業者1/3
　　　　　　　    事業者の技術力向上　　都2/3、事業者1/3",5,民間団体,"14,000 ",住宅政策本部民間住宅部計画課,03-5320-5459,https://www.syoenesaiene-pf.metro.tokyo.lg.jp/kaiin/hojokin.php
2026,11,住宅政策本部,14,都市の整備,民間住宅支援事業,既存住宅省エネ診断・設計等支援事業（住宅の所有者やマンション管理組合等）,"補助金の目的：省エネ診断や省エネ設計に補助を行うことで、既存住宅の省エネ性能向上を促進する
補助対象者　：住宅の所有者やマンション管理組合等
補助対象経費：住宅の省エネ診断や省エネ設計に要する経費
負担割合　　：省エネ診断　国 1/3、都 1/3、個人負担1/3
　　　　　　　　　省エネ設計（省エネ基準適合レベル）
　　　　　　　　　　国 1/5、都 1/5、個人負担3/5
　　　　　　　　　省エネ設計（ZEH水準適合レベル）　　
　　　　　　　　　　国 2/5、都 2/5、個人負担1/5
",6,一般都民,"54,907 ",住宅政策本部民間住宅部計画課,03-5320-5459,https://www.juutakuseisaku.metro.tokyo.lg.jp/juutaku_seisaku/shouene.html
2026,11,住宅政策本部,14,都市の整備,マンション適正管理・再生促進事業,マンション管理計画認定促進補助　　,"補助金の目的：管理計画認定制度に対する管理会社の理解を深めるとともに、認定申請に伴う管理会社の事務負担を軽減するための取組を行う区市を支援し、認定マンションの増加を通じた早期に都内マンションの管理水準の底上げを図る。
補助対象者：区市
補助対象経費：講座開催費、事務支援費等
負担割合：都1/2、区市1/2",1,区市町村,"4,626 ",住宅政策本部民間住宅部マンション課,03-5320-5004,
2026,11,住宅政策本部,14,都市の整備,マンション適正管理・再生促進事業,マンション再生まちづくり制度（計画検討策定）,"補助金の目的：旧耐震マンションを含むまちづくりの課題を抱える地域において、まちづくりと連携してマンション再生に取り組む区市町村に対して支援し、安心・安全な都市の実現等を図る。
補助対象者　：区市町村
補助対象経費：計画検討策定費
負担割合　　：都1/2、区市町村1/2",1,区市町村,"4,400 ",住宅政策本部民間住宅部マンション課,03-5320-4941,https://www.mansion-tokyo.metro.tokyo.lg.jp/tatekae/33saisei-machidukuri.html
2026,11,住宅政策本部,14,都市の整備,マンション適正管理・再生促進事業,マンション再生まちづくり制度（合意形成支援）,"補助金の目的：旧耐震マンションを含むまちづくりの課題を抱える地域において、まちづくりと連携してマンション再生に取り組む区市町村に対して支援し、安心・安全な都市の実現等を図る。
補助対象者　：区市町村
補助対象経費：合意形成支援費
負担割合　　：管理組合等1/2、都1/4、区市町村1/4",1,区市町村,"3,300 ",住宅政策本部民間住宅部マンション課,03-5320-4941,https://www.mansion-tokyo.metro.tokyo.lg.jp/tatekae/33saisei-machidukuri.html
2026,11,住宅政策本部,14,都市の整備,マンション適正管理・再生促進事業,都市居住再生促進事業,"補助金の目的：重点供給地域において、一定の要件を満たすマンションの建替事業を対象に、区市町村と連携して事業に要する経費の一部について補助
補助対象者　：区市町村
補助対象経費：共同施設整備費、調査設計計画費、土地整備費
負担割合　　：国1/3、都1/6、区市町村1/6、事業者等1/3",1,区市町村,"96,910 ",住宅政策本部民間住宅部マンション課,03-5320-4941,https://www.mansion-tokyo.metro.tokyo.lg.jp/tatekae/33joseiseido.html
2026,11,住宅政策本部,14,都市の整備,マンション適正管理・再生促進事業,マンション改良工事助成,"補助金の目的：分譲マンションの維持・管理及び修繕の適正かつ円滑な実施
補助対象者　：マンションの管理組合
補助対象経費：（独）住宅金融支援機構の「マンション共用部分リフォーム融資」の利子補給
負担割合　　：金利が1%（1%未満の場合は当該金利）低利になるよう利子補給",5,民間団体,"65,135 ",住宅政策本部民間住宅部マンション課,03-5320-7532,https://www.mansion-tokyo.metro.tokyo.lg.jp/kanri/02syuzen-josei.html
2026,11,住宅政策本部,14,都市の整備,マンション適正管理・再生促進事業,東京とどまるマンション普及促進事業(通常分),"補助金の目的：防災備蓄資器材の購入への補助による「東京とどまるマンション」の普及促進
補助対象者　：「東京とどまるマンション」の住宅所有者
補助対象経費：防災備蓄資器材の購入に係る経費
負担割合　　：都2/3",5,民間団体,"137,282 ",住宅政策本部民間住宅部マンション課,03-5320-5007,https://www.mansion-tokyo.metro.tokyo.lg.jp/kanri/02lcp-touroku/02fukyusokushin.html
2026,11,住宅政策本部,14,都市の整備,マンション適正管理・再生促進事業,東京とどまるマンション普及促進事業(地域連携分),"補助金の目的：防災備蓄資器材の購入への補助による「東京とどまるマンション」の普及促進
補助対象者　：「東京とどまるマンション」の住宅所有者
補助対象経費：防災備蓄資器材の購入に係る経費
負担割合　　：【地域連携分】（町会等と合同防災訓練を実施する「東京とどまるマンション」）都10/10",5,民間団体,"105,000 ",住宅政策本部民間住宅部マンション課,03-5320-5007,https://www.mansion-tokyo.metro.tokyo.lg.jp/kanri/02lcp-touroku/02fukyusokushin.html
2026,11,住宅政策本部,14,都市の整備,マンション適正管理・再生促進事業,東京とどまるマンション浸水対策設備導入促進事業,"補助金の目的：「東京とどまるマンション」において、大規模地震発生時に複合的に発生する風水害による停電等を防ぎ、在宅避難の実効性を向上
補助対象者　：浸水想定区域等にある、エレベーターと給水ポンプを稼働できる非常用電源を設置する「東京とどまるマンション」の住宅所有者
補助対象経費：浸水対策に必要な調査・設計・改修を行う経費
負担割合　　：都2/3",5,民間団体,"83,300 ",住宅政策本部民間住宅部マンション課,03-5320-5007,https://www.mansion-tokyo.metro.tokyo.lg.jp/kanri/02dounyuu-sokushin.html
2026,11,住宅政策本部,14,都市の整備,マンション適正管理・再生促進事業,東京とどまるマンション非常用電源、太陽光発電設備及びV2X設備導入促進事業（蓄電池）,"補助金の目的：「東京とどまるマンション」において、災害等による停電時でもエレベーター・給水ポンプを動かせる非常用電源設置を促進し、在宅避難の実効性を向上
補助対象者　：「東京とどまるマンション」の住宅所有者
補助対象経費：非常用電源設置に係る経費
負担割合　　：都（蓄電池3/4）",5,民間団体,"92,120 ",住宅政策本部民間住宅部マンション課,03-5320-5007,https://www.mansion-tokyo.metro.tokyo.lg.jp/kanri/02dounyuu-sokushin.html
2026,11,住宅政策本部,14,都市の整備,マンション適正管理・再生促進事業,東京とどまるマンション非常用電源、太陽光発電設備及びV2X設備導入促進事業（非常用発電機）,"補助金の目的：「東京とどまるマンション」において、災害等による停電時でもエレベーター・給水ポンプを動かせる非常用電源設置を促進し、在宅避難の実効性を向上
補助対象者　：「東京とどまるマンション」の住宅所有者
補助対象経費：非常用電源設置に係る経費
負担割合　　：都（非常用発電機2/3）",5,民間団体,"60,000 ",住宅政策本部民間住宅部マンション課,03-5320-5007,https://www.mansion-tokyo.metro.tokyo.lg.jp/kanri/02dounyuu-sokushin.html
2026,11,住宅政策本部,14,都市の整備,マンション適正管理・再生促進事業,東京とどまるマンションエレベーター閉じ込め防止対策促進事業,"補助金の目的：「東京とどまるマンション」において、地震時のエレベーターの閉じ込め防止や復旧までの時間を短縮できるリスタート運転機能、自動診断・仮復旧運転機能の改修を促進し、在宅避難の実効性を向上
補助対象者　：「東京とどまるマンション」の住宅所有者
補助対象経費：既存エレベーターの改修に係る経費
負担割合　　：都2/3",5,民間団体,"53,200 ",住宅政策本部民間住宅部マンション課,03-5320-5007,https://www.mansion-tokyo.metro.tokyo.lg.jp/kanri/02lcp-touroku/02elevator.html
2026,11,住宅政策本部,14,都市の整備,マンション適正管理・再生促進事業,東京とどまるマンションマンホールトイレ整備促進事業,"補助金の目的：「東京とどまるマンション」において、断水や給排水設備の損傷等により水洗トイレの利用ができなくなった場合に備え、マンホールトイレ整備を促進し、在宅避難の実効性を向上
補助対象者　：「東京とどまるマンション」の住宅所有者
補助対象経費：マンホールトイレ整備に係る経費
負担割合　　：都2/3",5,民間団体,"20,000 ",住宅政策本部民間住宅部マンション課,03-5320-5007,https://www.mansion-tokyo.metro.tokyo.lg.jp/kanri/02lcp-touroku/02manhole.html
2026,11,住宅政策本部,14,都市の整備,マンション適正管理・再生促進事業,東京とどまるマンション非常用電源、太陽光発電設備及びV2X設備導入促進事業（太陽光発電・V2X）,"補助金の目的：「東京とどまるマンション」において、太陽光発電設備やＥＶ車等から蓄電池に充電を行えるＶ２Ｘ設置を促進し、在宅避難の実効性を向上
補助対象者　：「東京とどまるマンション」の住宅所有者
補助対象経費：太陽光発電設備・Ｖ２Ｘ設置に係る経費
負担割合　　：都3/4",5,民間団体,"210,000 ",住宅政策本部民間住宅部マンション課,03-5320-5007,https://www.mansion-tokyo.metro.tokyo.lg.jp/kanri/02dounyuu-sokushin.html
2026,11,住宅政策本部,14,都市の整備,マンション適正管理・再生促進事業,東京とどまるマンション備蓄倉庫導入促進事業,"補助金の目的：「東京とどまるマンション」において、飲料水・食料・簡易トイレの各階等における備蓄を促進し、在宅避難の実効性を向上
補助対象者　：「東京とどまるマンション」の住宅所有者
補助対象経費：備蓄倉庫の拡充・設置に必要な設計・改修を行う経費
負担割合　　：都2/3",5,民間団体,"66,500 ",住宅政策本部民間住宅部マンション課,03-5320-5007,https://www.mansion-tokyo.metro.tokyo.lg.jp/kanri/02lcp-touroku/02bousaisouko.html
2026,11,住宅政策本部,14,都市の整備,マンション耐震改修促進事業,命を守るためのピロティ階等緊急対策事業,"補助金の目的：大規模な地震への対策を促進し、倒壊などの危険性から都民の命を守る
補助対象者：マンション管理組合
補助対象経費：①設計費用②工事費用③工事監理費用
負担割合：都1/2事業主1/2",5,民間団体,"23,149 ",住宅政策本部民間住宅部マンション課,03-5320-4944,https://www.mansion-tokyo.metro.tokyo.lg.jp/taishinka/05pilotis.html
2026,11,住宅政策本部,14,都市の整備,マンション耐震改修促進事業,マンション耐震化促進事業（耐震診断助成事業）,"補助金の目的：マンションの耐震化を促進し、災害に強い東京を実現
補助対象者　：区市町村
補助対象経費：耐震診断に要する費用
負担割合（都費最大の場合　2027年度まで）：国1/3  都1/3  区市町村1/6  事業主1/6",1,区市町村,"120,000 ",住宅政策本部民間住宅部マンション課,03-5320-4944,https://www.mansion-tokyo.metro.tokyo.lg.jp/taishinka/03sokusin.html
2026,11,住宅政策本部,14,都市の整備,マンション耐震改修促進事業,マンション耐震化促進事業（耐震改修促進事業）,"補助金の目的：マンションの耐震化を促進し、災害に強い東京を実現
補助対象者　：区市町村
補助対象経費：①耐震改修計画作成費・設計費②耐震改修工事費及び、建替え費用、除却工事費
負担割合（都費最大の場合）：①国1/3 都1/6 区市町村1/6 事業主1/3②千㎡以上:国1/6 都1/6 区市町村1/6 事業主1/2､千㎡未満:国1.15/10 都1.15/10 区市町村1.15/10 事業主6.55/10",1,区市町村,"360,000 ",住宅政策本部民間住宅部マンション課,03-5320-4944,https://www.mansion-tokyo.metro.tokyo.lg.jp/taishinka/03sokusin.html
2026,11,住宅政策本部,14,都市の整備,マンション耐震改修促進事業,マンション耐震化促進事業（耐震アドバイザー派遣事業）,"補助金の目的：マンションの耐震化を促進し、災害に強い東京を実現
補助対象者　：区市町村
補助対象経費：耐震アドバイザーの派遣に要する費用
負担割合　　：（助成）国1/3  都1/6  区市町村1/6  事業主1/3、（派遣）国1/2  都1/4  区市町村1/4",1,区市町村,"1,400 ",住宅政策本部民間住宅部マンション課,03-5320-4944,https://www.mansion-tokyo.metro.tokyo.lg.jp/taishinka/03sokusin.html
2026,11,住宅政策本部,14,都市の整備,マンション耐震改修促進事業,建替アドバイザー,"補助金の目的：建替え・改修等のマンション再生に対する管理組合等の合意形成支援
補助対象者　：区市町村
補助対象経費：建替え・改修の検討に係る費用
負担割合　　：（国45/100）、都27.5/100、区市町村27.5/100　※国費は任意",1,区市町村,256 ,住宅政策本部民間住宅部マンション課,03-5320-4941,https://www.mansion-tokyo.metro.tokyo.lg.jp/tatekae/33advisor.html
2026,12,環境局,13,環境,区市町村との連携による環境政策加速化事業に係る事務費補助,区市町村との連携による環境政策加速化事業に係る事務費補助,"補助金の目的：区市町村との連携による環境政策加速化事業を実施するために必要な業務に係る経費の補助
補助対象者　：公益財団法人東京都環境公社
補助対象経費：区市町村との連携による環境政策加速化事業を実施するために必要な業務に係る経費
負担割合　　：10/10",3,政策連携団体,"22,043 ",環境局総務部環境政策課,03-5388-3426,
2026,12,環境局,13,環境,区市町村との連携による環境政策高度化事業に係る事務費補助,区市町村との連携による環境政策高度化事業に係る事務費補助,"補助金の目的：区市町村との連携による環境政策高度化事業を実施するために必要な業務に係る経費の補助
補助対象者　：公益財団法人東京都環境公社
補助対象経費：区市町村との連携による環境政策高度化事業を実施するために必要な業務に係る経費
負担割合　　：10/10",3,政策連携団体,"35,965 ",環境局総務部環境政策課,03-5388-3426,
2026,12,環境局,13,環境,ゼロエミッション地区創出プロジェクトに係る事務費補助,ゼロエミッション地区創出プロジェクトに係る事務費補助,"補助金の目的：ゼロエミッション地区創出プロジェクトを実施するために必要な業務に係る経費の補助
補助対象者　：公益財団法人東京都環境公社
補助対象経費：ゼロエミッション地区創出プロジェクトを実施するために必要な業務に係る経費
負担割合　　：10/10",3,政策連携団体,"30,000 ",環境局総務部環境政策課,03-5388-3426,
2026,12,環境局,13,環境,スタートアップとの連携による環境科学研究所の研究力強化事業,スタートアップとの連携による環境科学研究所の研究力強化事業,"補助金の目的：スタートアップとの連携による環境科学研究所の研究力強化事業の円滑な運用
補助対象者　：公益財団法人東京都環境公社
補助対象経費：スタートアップとの連携による環境科学研究所の研究力強化事業に要する経費
負担割合　　：10/10",3,政策連携団体,"127,501 ",環境局総務部環境政策課,03-5388-3426,
2026,12,環境局,13,環境,BIMを活用した省エネ建築設計・実装支援事業,BIMを活用した省エネ建築設計・実装支援事業に係る事務費補助,"補助金の目的：BIMを活用した省エネ建築設計・実装支援事業の円滑な運用
補助対象者　：公益財団法人東京都環境公社
補助対象経費：BIMを活用した省エネ建築設計・実装支援事業に係る事務に要する経費
負担割合　　：10/10",3,政策連携団体,"109,123 ",環境局気候変動対策部環境都市づくり課,03-5320-3662,
2026,12,環境局,13,環境,東京都暑さ対策グッズコンテスト,東京都暑さ対策グッズコンテスト,"補助金の目的：熱中症・ヒートアイランド対策推進事業の円滑な運用
補助対象者　：公益財団法人東京都環境公社
補助対象経費：東京都暑さ対策グッズコンテスト開催運営に係る経費
負担割合　　：10/10",3,政策連携団体,"68,600 ",環境局気候変動対策部環境都市づくり課,03-5388-3440,
2026,12,環境局,13,環境,中小新築建築物制度の普及啓発補助,中小新築建築物制度の普及啓発補助,"補助金の目的：制度に関する理解促進と建築物の脱炭素化に向けた意識醸成
補助対象者：公益財団法人東京都環境公社
補助対象経費：様々 なチャネルを活用 した多面的で効果的な広報活動等に係る経費
負担割合：10/10",3,政策連携団体,"250,368 ",環境局気候変動対策部環境都市づくり課,03-5388-3515,
2026,12,環境局,13,環境,統合的設計等による既存事業所の更なる省エネ化の推進,省エネポテンシャル調査費補助,"補助金の目的：統合的設計等による既存事業所の更なる省エネ化の推進
補助対象者　：民間事業者等
補助対象経費：省エネポテンシャル調査費用
負担割合　　：都1/2、事業者1/2（上限500万円）",5,民間団体,"100,000 ",環境局気候変動対策部総量削減課,03-5388-3487,
2026,12,環境局,13,環境,電源立地地域対策交付金,電源立地地域対策交付金,"補助金の目的：発電用施設の周辺地域における公共用施設の整備促進及び地域住民の福祉向上を図り、発電用施設の設置及び運転の円滑化に資する。
補助対象者　：運転開始から15年以上を経過した水力発電施設が所在する市町村（当該市町村内の水力発電施設の合計が1,000ｋＷ以上で、かつ合計発電電力量が500万ｋＷｈ以上のものに限る。）
補助対象経費：電源立地地域対策交付金交付規則第３条各号に規定する経費
負担割合　　：基準発電電力量（過去10年間の平均年間発電量（キロワット時）を関係自治体数で割ったもの）に0.075円（自流式の場合）又は0.035円（揚水式の場合）を乗じた額",1,区市町村,"11,849 ",環境局気候変動対策部計画課,03-5388-3565,
2026,12,環境局,13,環境,災害にも強く健康にも資する断熱・太陽光住宅普及拡大事業,災害にも強く健康にも資する断熱・太陽光住宅普及拡大事業に係る事務費補助,"補助金の目的：災害にも強く健康にも資する断熱・太陽光住宅普及拡大事業の円滑な運用
補助対象者　：公益財団法人東京都環境公社
補助対象経費：災害にも強く健康にも資する断熱・太陽光住宅普及拡大事業に係る事務（書類審査等）に要する経費
負担割合　　：10/10",3,政策連携団体,"5,823,135 ",環境局気候変動対策部家庭エネルギー対策課,03-5388-3533,
2026,12,環境局,13,環境,東京ゼロエミ住宅普及促進事業,東京ゼロエミ住宅普及促進事業に係る事務費補助,"補助金の目的：東京ゼロエミ住宅普及促進事業の円滑な運用
補助対象者　：公益財団法人東京都環境公社
補助対象経費：東京ゼロエミ住宅普及促進事業に係る事務（書類審査等）に要する経費
負担割合　　：10/10",3,政策連携団体,"1,331,227 ",環境局気候変動対策部環境都市づくり課,03-5388-3662,
2026,12,環境局,13,環境,建築物環境報告書制度推進事業,建築物環境報告書制度推進事業に係る事務費補助,"補助金の目的：建築物環境報告書制度推進事業の円滑な運用
補助対象者　：公益財団法人東京都環境公社
補助対象経費：建築物環境報告書制度推進事業に係る事務（書類審査等）に要する経費
負担割合　　：10/10",3,政策連携団体,"155,599 ",環境局気候変動対策部環境都市づくり課,03-5388-3440,
2026,12,環境局,13,環境,家庭のゼロエミッション行動推進事業,家庭のゼロエミッション行動推進事業に係る事務費補助,"補助金の目的：家庭のゼロエミッション行動推進事業の円滑な運用
補助対象者　：公益財団法人東京都環境公社
補助対象経費：家庭のゼロエミッション行動推進事業に係る事務（書類審査等）に要する経費
負担割合　　：10/10",3,政策連携団体,"29,310 ",環境局気候変動対策部家庭エネルギー対策課,03-5388-3533,
2026,12,環境局,13,環境,デマンドレスポンス活用を見据えた家庭用燃料電池普及促進事業,デマンドレスポンス活用を見据えた家庭用燃料電池普及促進事業に係る事務費補助,"補助金の目的：デマンドレスポンス活用を見据えた家庭用燃料電池普及促進事業の円滑な運用
補助対象者　：公益財団法人東京都環境公社
補助対象経費：デマンドレスポンス活用を見据えた家庭用燃料電池普及促進事業に係る事務（書類審査等）に要する経費
負担割合　　：10/10",3,政策連携団体,"47,003 ",環境局気候変動対策部地域エネルギー課,03-5388-3670,
2026,12,環境局,13,環境,地域熱供給事業における脱炭素対策先導事業,地域熱供給事業における脱炭素対策先導事業に係る事務費補助,"補助金の目的：地域熱供給事業における脱炭素対策先導事業の円滑な運用
補助対象者　：公益財団法人東京都環境公社
補助対象経費：地域熱供給事業における脱炭素対策先導事業に係る事務（書類審査等）に要する経費
負担割合　　：10/10",3,政策連携団体,"12,558 ",環境局気候変動対策部地域エネルギー課,03-5388-3670,
2026,12,環境局,13,環境,家庭へのHTTアクション促進事業,家庭へのHTTアクション促進事業に係る事務費補助,"補助金の目的：家庭へのHTTアクション促進事業の円滑な運用
補助対象者　：公益財団法人東京都環境公社
補助対象経費：家庭向けのHTTアクションの普及啓発について、都が策定した実施要綱に基づき政策連携団体が実施した取組の経費
負担割合　　：10/10",3,政策連携団体,"522,811 ",環境局気候変動対策部地域エネルギー課,03-5388-3670,
2026,12,環境局,13,環境,アグリゲーションビジネス実装事業,アグリゲーションビジネス実装事業に係る事務費補助,"補助金の目的：アグリゲーションビジネス実装事業の円滑な運用
補助対象者　：公益財団法人東京都環境公社
補助対象経費：アグリゲーションビジネス実装事業に係る事務（書類審査等）に要する経費
負担割合　　：10/10",3,政策連携団体,"39,820 ",環境局気候変動対策部地域エネルギー課,03-5388-3670,
2026,12,環境局,13,環境,家庭の環境アクション推進事業,家庭の環境アクション推進事業に係る事務費補助,"補助金の目的：家庭の環境アクション推進事業の円滑な運用
補助対象者　：公益財団法人東京都環境公社
補助対象経費：家庭の環境アクション推進事業に係る事務（書類審査等）に要する経費
負担割合　　：10/10",3,政策連携団体,"15,607 ",環境局気候変動対策部地域エネルギー課,03-5388-3670,
2026,12,環境局,13,環境,ZEV普及促進事業,ZEV普及促進事業（個人・区市町村分）に係る事務費補助,"補助金の目的：ZEV普及促進事業（個人・区市町村分）（※）の円滑な運用
補助対象者　：公益財団法人東京都環境公社
補助対象経費：ZEV普及促進事業（個人・区市町村分）に係る事務（書類審査等）に要する経費
（※）以下４事業の総称
・電気自動車等の普及促進事業（個人向け）
・燃料電池自動車等の普及促進事業（個人・区市町村向け）
・電動バイクの普及促進事業（個人向け）
・電動バイク充電環境促進事業（個人向け）
負担割合　　：10/10",3,政策連携団体,"627,917 ",環境局気候変動対策部地域エネルギー課,03-5388-3670,
2026,12,環境局,13,環境,次世代タクシー導入促進事業,次世代タクシー導入促進事業に係る事務費補助,"補助金の目的：次世代タクシー導入促進のため
補助対象者　：公益財団法人東京都環境公社
補助対象経費：次世代タクシー導入促進事業に係る事務
（補助金の交付手続、広報、出えん金管理等）に係る経費
負担割合　　：10/10",3,政策連携団体,"25,750 ",環境局環境改善部自動車環境課,03-5388-3535,
2026,12,環境局,13,環境,充電設備普及促進事業,充電設備普及促進事業に係る事務費補助,"補助金の目的：充電設備普及促進事業の円滑な運用
補助対象者　：公益財団法人東京都環境公社
補助対象経費：充電設備普及促進事業に係る事務（書類審査等）に要する経費
負担割合　　：10/10",3,政策連携団体,"206,744 ",環境局気候変動対策部家庭エネルギー対策課,03-5388-3709,
2026,12,環境局,13,環境,マンション充電設備普及促進事業,マンション充電設備普及促進事業に係る事務費補助,"補助金の目的：マンション充電設備普及促進事業の円滑な運用
補助対象者　：公益財団法人東京都環境公社
補助対象経費：マンション充電設備普及促進事業に係る事務（書類審査等）に要する経費
負担割合　　：10/10",3,政策連携団体,"8,271 ",環境局気候変動対策部家庭エネルギー対策課,03-5388-3709,
2026,12,環境局,13,環境,小売電気事業者による再エネ電源先行拡大事業,小売電気事業者による再エネ電源先行拡大事業に係る事務費補助,"補助金の目的：小売電気事業者による再エネ電源先行拡大事業の円滑な運用
補助対象者　：公益財団法人東京都環境公社
補助対象経費：小売電気事業者による再エネ電源先行拡大事業に係る事務（書類審査等）に要する経費
負担割合　　：10/10",3,政策連携団体,"32,848 ",環境局気候変動対策部計画課,03-5388-3524,
2026,12,環境局,13,環境,都有施設の再エネ100%化につながる島しょ地域における太陽光発電設備等導入事業,島しょ地域における太陽光発電設備等助成事業に係る事務費補助,"補助金の目的：都有施設の再エネ100%化につながる島しょ地域における太陽光発電設備等導入事業の円滑な運用
補助対象者　：公益財団法人東京都環境公社
補助対象経費：都有施設の再エネ100%化につながる島しょ地域における太陽光発電設備等導入事業に係る事務（書類審査等）に要する経費
負担割合　　：10/10",3,政策連携団体,"13,428 ",環境局気候変動対策部地域エネルギー課,03-5388-3670,
2026,12,環境局,13,環境,自家消費プラン,自家消費プランに係る事務費補助,"補助金の目的：自家消費プランの円滑な運用
補助対象者　：公益財団法人東京都環境公社
補助対象経費：自家消費プランに係る事務（書類審査等）に要する経費
負担割合　　：10/10",3,政策連携団体,"10,010 ",環境局気候変動対策部家庭エネルギー対策課,03-5388-3533,
2026,12,環境局,13,環境,太陽エネルギー情報発信・相談窓口運営事業,東京都太陽エネルギー普及促進事業に係る事務費補助,"補助金の目的：都内における太陽エネルギー利用機器の普及促進
補助対象者　：公益財団法人東京都環境公社
補助対象経費：太陽エネルギー普及促進に係る事務（都民向け相談窓口の運営・セミナー実施等）に係る経費
負担割合　　：10/10",3,政策連携団体,"14,599 ",環境局気候変動対策部家庭エネルギー対策課,03-5388-3709,
2026,12,環境局,13,環境,集合住宅における再エネ電気導入促進事業,集合住宅における再エネ電気導入促進事業に係る事務費補助,"補助金の目的：集合住宅における再エネ電気導入促進事業の円滑な運用
補助対象者　：公益財団法人東京都環境公社
補助対象経費：集合住宅における再エネ電気導入促進事業に係る事務（書類審査等）に要する経費
負担割合　　：10/10",3,政策連携団体,"12,278 ",環境局気候変動対策部家庭エネルギー対策課,03-5388-3709,
2026,12,環境局,13,環境,賃貸住宅の断熱・再エネ集中促進事業,賃貸住宅の断熱・再エネ集中促進事業に係る事務費補助,"補助金の目的：賃貸住宅の断熱・再エネ集中促進事業の円滑な運用
補助対象者　：公益財団法人東京都環境公社
補助対象経費：賃貸住宅の断熱・再エネ集中促進事業に係る事務（書類審査等）に要する経費
負担割合　　：10/10",3,政策連携団体,"1,238,970 ",環境局気候変動対策部家庭エネルギー対策課,03-5388-3709,
2026,12,環境局,13,環境,住宅用太陽光発電初期費用ゼロ促進の増強事業,住宅用太陽光発電初期費用ゼロ促進の増強事業に係る事務費補助,"補助金の目的：住宅用太陽光発電初期費用ゼロ促進の増強事業の円滑な運用
補助対象者　：公益財団法人東京都環境公社
補助対象経費：住宅用太陽光発電初期費用ゼロ促進の増強事業に係る事務（書類審査等）に要する経費
負担割合　　：10/10",3,政策連携団体,"158,543 ",環境局気候変動対策部地域エネルギー課,03-5388-3670,
2026,12,環境局,13,環境,区市町村公共施設等への再生可能エネルギー導入促進事業,区市町村公共施設等への再生可能エネルギー導入促進事業に係る事務費補助,"補助金の目的：区市町村公共施設等への再生可能エネルギー導入促進事業の円滑な運用
補助対象者　：公益財団法人東京都環境公社
補助対象経費：区市町村公共施設等への再生可能エネルギー導入促進事業に係る事務（書類審査等）に要する経費
負担割合　　：10/10",3,政策連携団体,"15,744 ",環境局気候変動対策部地域エネルギー課,03-5388-3670,
2026,12,環境局,13,環境,Ａｉｒソーラーの社会実装推進事業及び設置事業者支援事業に係る事務費補助,Ａｉｒソーラーの社会実装推進事業及び設置事業者支援事業に係る事務費補助に係る事務費補助,"補助金の目的：Ａｉｒソーラーの社会実装推進事業及び設置事業者支援事業に係る事務費補助の円滑な運用
補助対象者　：公益財団法人東京都環境公社
補助対象経費：Ａｉｒソーラーの社会実装推進事業及び設置事業者支援事業に係る事務費補助に係る事務（書類審査等）に要する経費
負担割合　　：10/10",3,政策連携団体,"61,000 ",環境局気候変動対策部計画課,03-5388-3744,
2026,12,環境局,13,環境,Ａｉｒソーラーの普及啓発事業,Ａｉｒソーラーの普及啓発事業,"補助金の目的：Ａｉｒソーラーの普及啓発
補助対象者　：公益財団法人東京都環境公社
補助対象経費：Ａｉｒソーラーの普及啓発に係る経費
負担割合　　：10/10",3,政策連携団体,"30,000 ",環境局気候変動対策部計画課,03-5388-3744,
2026,12,環境局,13,環境,次世代再生可能エネルギー技術社会実装推進事業,次世代再生可能エネルギー技術社会実装推進事業に係る事務費補助,"補助金の目的：次世代再生可能エネルギー技術社会実装推進事業の円滑な運用
補助対象者　：公益財団法人東京都環境公社
補助対象経費：次世代再生可能エネルギー技術社会実装推進事業に係る事務（書類審査等）に要する経費
負担割合　　：10/10",3,政策連携団体,"115,000 ",環境局気候変動対策部計画課,03-5388-3744,
2026,12,環境局,13,環境,野生鳥獣生息管理,指定管理鳥獣対策事業交付金,"補助金の目的：クマ類による被害の防止
補助対象者　：市町村
補助対象経費：①危険鳥獣出没時の体制構築事業、②捕獲等事業※緊急銃猟の実施に係る経費
負担割合　　：①国1/2・都1/4・市町村1/4、②国2/3・都1/6・市町村1/6",1,区市町村,"1,584 ",環境局自然環境部計画課,03-5388-3505,
2026,12,環境局,13,環境,私立学校への芝生化,私立学校への芝生化（整備工事）,"補助金の目的：都内の私立小学校、中学校、高等学校等の屋外運動場の芝生化推進
補助対象者　：都内の私立の小学校、中学校、高等学校等
補助対象経費：屋外運動場の芝生化等に必要となる整備工事等に係る経費
負担割合　　：都10/10",5,民間団体,"32,773 ",環境局自然環境部計画課,"03-5388-3083
(生活文化局私学部私学振興課 企画振興担当)",
2026,12,環境局,13,環境,私立幼稚園への芝生化,私立幼稚園への芝生化（整備工事）,"補助金の目的：都内の私立幼稚園の屋外運動場の芝生化推進
補助対象者　：都内の私立の幼稚園
補助対象経費：屋外運動場の芝生化等に必要となる整備工事等に係る経費
負担割合　　：都10/10",5,民間団体,"22,029 ",環境局自然環境部計画課,"03-5388-3083
(生活文化局私学部私学振興課 企画振興担当)",
2026,12,環境局,13,環境,私立幼稚園への芝生化,私立幼稚園への芝生化（維持管理）,"補助金の目的：都内の私立幼稚園の屋外運動場の芝生化実施後に必要な維持管理推進
補助対象者　：都内の私立の幼稚園
補助対象経費：屋外運動場の芝生化実施後に必要な維持管理に係る経費
負担割合　　：都1/2、私立幼稚園1/2",5,民間団体,"2,124 ",環境局自然環境部計画課,"03-5388-3083
(生活文化局私学部私学振興課 企画振興担当)",
2026,12,環境局,13,環境,認可保育所への芝生化,認可保育所への芝生化（整備工事）,"補助金の目的：都内の認可保育所の屋外遊戯場の芝生化推進
補助対象者　：都内の認可保育所
補助対象経費：屋外遊戯場の芝生化等に必要になる整備工事等に係る費用
負担割合　　：都10/10",5,民間団体,"36,598 ",環境局自然環境部計画課,"03-5320-4129
(福祉局子供・子育て支援部保育支援課 保育助成担当)",
2026,12,環境局,13,環境,認可保育所への芝生化,認可保育所への芝生化（維持管理）,"補助金の目的：都内の認可保育所の屋外遊戯場の芝生化実施後に必要な維持管理推進
補助対象者　：都内の認可保育所
補助対象経費：屋外遊戯場の芝生化実施後に必要な維持管理に係る経費
負担割合　　：都1/2、認可保育園1/2",5,民間団体,"3,047 ",環境局自然環境部計画課,"03-5320-4129
(福祉局子供・子育て支援部保育支援課 保育助成担当)",
2026,12,環境局,13,環境,松枯れ予防重点地域対策,松枯れ予防重点地域対策（予防事業補助）,"補助金の目的：松枯れ予防
補助対象者　：市町村、森林組合等
補助対象経費：薬剤費、樹幹注入費、伐倒処理費等
負担割合　　：1/2",1,区市町村,"5,802 ",環境局自然環境部緑環境課,03-5388-3555,
2026,12,環境局,13,環境,島しょ地区松林保護緊急整備,島しょ地区松林保護緊急整備(防除事業補助）,"補助金の目的：松枯れ予防
補助対象者　：市町村、森林組合等
補助対象経費：薬剤費、薬剤注入費、薬剤散布費、伐倒処理費等
負担割合　　：1/2",1,区市町村,"12,376 ",環境局自然環境部緑環境課,03-5388-3555,
2026,12,環境局,13,環境,エダシャク類防除等,エダシャク類防除等（防除事業補助）,"補助金の目的：エダシャク防除
補助対象者　：市町村、森林組合等
補助対象経費：薬剤費、薬剤散布費等
負担割合　　：1/2",1,区市町村,"6,414 ",環境局自然環境部緑環境課,03-5388-3555,
2026,12,環境局,13,環境,カシノナガキクイムシ防除,カシノナガキクイムシ防除（樹幹注入等）,"補助金の目的：ナラ枯れの予防
補助対象者　：市町村、森林組合等
補助対象経費：薬剤費、薬剤注入費等
負担割合　　：1/2",1,区市町村,"1,831 ",環境局自然環境部緑環境課,03-5388-3555,
2026,12,環境局,13,環境,ＣｌｅａｒＳｋｙ実現に向けた大気環境改善促進事業,ＣｌｅａｒＳｋｙ実現に向けた大気環境改善促進事業に係る事務費補助,"補助金の目的：大気環境改善促進のため
補助対象者　：公益財団法人東京都環境公社
補助対象経費：ＣｌｅａｒＳｋｙ実現に向けた大気環境改善促進事業に係る事務に係る経費
負担割合　　：10/10",3,政策連携団体,"33,437 ",環境局環境改善部計画課,03-5388-3481,https://www.kankyo.metro.tokyo.lg.jp/air/air_pollution/torikumi/clearsky
2026,12,環境局,13,環境,環境配慮型VOC対策機器導入促進事業,環境配慮型ＶＯＣ対策機器導入促進事業補助,"補助金の目的：給油所への燃料蒸発ガス回収機能付計量機の導入促進
補助対象者　：中小規模事業者（給油所）
補助対象経費：設備及び機器の購入並び購入物の運搬、調整、据付け等に要する費用
負担割合　　：都2/3（上限350万円）、事業者1/3",5,民間団体,"101,500 ",環境局環境改善部化学物質対策課,03-5388-3457,
2026,12,環境局,13,環境,省エネ型ＶＯＣ排出削減設備導入促進事業,省エネ型ＶＯＣ排出削減設備導入促進事業に係る事務費補助,"補助金の目的：省エネ型ＶＯＣ排出削減設備導入促進のため
補助対象者　：公益財団法人東京都環境公社
補助対象経費：省エネ型ＶＯＣ排出削減設備導入促進事業に係る事務（補助金の交付手続、広報、出えん金管理等）に係る経費

負担割合　　：10/10",3,政策連携団体,"44,388 ",環境局環境改善部化学物質対策課,03-5388-3457,
2026,12,環境局,13,環境,工場跡地等における持続可能な土壌汚染対策支援事業,工場跡地等における持続可能な土壌汚染対策経費補助,"補助金の目的：中小事業者の円滑な事業転換と持続可能な土壌汚染対策を促進するため
補助対象者　：中小事業者の工場跡地で新たに事業等を行う者
補助対象経費：基準不適合土壌を残して施工する被覆経費、地下水汚染の拡大防止技術実証に要する経費
負担割合　　：10/10",5,民間団体,"273,000 ",環境局環境改善部化学物質対策課,03-5388-3467,https://www.kankyo.metro.tokyo.lg.jp/chemical/soil/support/project
2026,12,環境局,13,環境,ＰＦＯＳ等含有泡消火薬剤の転換促進事業,PFOS等含有泡消火薬剤の転換促進事業事務費補助,"補助金の目的：PFOS等含有泡消火薬剤の転換促進のため
補助対象者　：公益財団法人東京都環境公社
補助対象経費：PFOS等含有泡消火薬剤の転換促進事業に係る事務に係る経費
負担割合　　：10/10",3,政策連携団体,"31,600 ",環境局環境改善部化学物質対策課,03-5388-3467,
2026,12,環境局,13,環境,区市町村と連携したPFOS等地下水調査促進事業,区市町村と連携したPFOS等地下水調査促進事業事務費補助,"補助金の目的：地域の状況を機動的かつ丁寧に把握するため
補助対象者　：区市町村
補助対象経費：都が認める調査経費や技術支援経費
負担割合　　：2/3",1,区市町村,"22,357 ",環境局環境改善部化学物質対策課,03-5388-3467,
2026,12,環境局,13,環境,ＬＰガスボンベに係る普及啓発事業,ＬＰガスボンベに係る普及啓発事業実施事務費補助,"補助金の目的：LPガスの保安技術の向上のため
補助対象者　：公益財団法人東京都環境公社
補助対象経費：保安高度化講習会の開催・運営に係る経費
負担割合　　：10/10",3,政策連携団体,"19,292 ",環境局環境改善部環境保安課,03-5388-3545,
2026,12,環境局,13,環境,フロン使用時漏えいゼロプラン,フロン使用時漏えいゼロプラン事業実施に係る事務費補助,"補助金の目的：使用時漏えい対策の普及促進のため
補助対象者　：公益財団法人東京都環境公社
補助対象経費：フロン使用時漏えいゼロプランに係る事務に係る経費
負担割合　　：10/10",3,政策連携団体,"25,220 ",環境局環境改善部環境保安課,03-5388-3469,　
2026,12,環境局,13,環境,省エネ型ノンフロン機器普及促進事業,省エネ型ノンフロン機器普及促進事業に係る事務費補助,"補助金の目的：省エネ型ノンフロン機器普及促進のため
補助対象者　：公益財団法人東京都環境公社
補助対象経費：省エネ型ノンフロン機器普及促進事業に係る事務（都民向け相談窓口の運営・セミナー実施等）に係る経費
負担割合　　：10/10",3,政策連携団体,"104,796 ",環境局環境改善部環境保安課,03-5388-3471,https://www.kankyo.metro.tokyo.lg.jp/safety/cfc/nonfron-go
2026,12,環境局,13,環境,フロン漏えい防止のための遠隔監視技術活用促進事業,フロン漏えい防止のための遠隔監視技術活用促進事業に係る事務費補助,"補助金の目的：フロンの漏えいを早期に検知することができる遠隔監視技術の普及促進
補助対象者　：公益財団法人東京都環境公社
補助対象経費：フロン漏えい防止のための遠隔監視技術活用促進事業に要する経費
負担割合　　：10/10",3,政策連携団体,"18,683 ",環境局環境改善部計画課,03-5388-3481,https://www.tokyokankyo.jp/apply/furon-enkaku/
2026,12,環境局,13,環境,家庭用エアコンからのフロン排出抑制総合対策,家庭用エアコンからのフロン排出抑制総合対策に係る事務費補助,"補助金の目的：家庭用エアコンからのフロン排出抑制対策の総合的な促進
補助対象者　：公益財団法人東京都環境公社
補助対象経費：家庭用エアコンからのフロン排出抑制総合対策に係る事務に要する経費
負担割合　　：10/10",3,政策連携団体,"77,417 ",環境局環境改善部計画課,03-5388-3481,　
2026,12,環境局,13,環境,低公害・低燃費車の普及促進,低公害・低燃費車の普及促進に係る事務費補助,"補助金の目的：低公害・低燃費車の普及促進のため
補助対象者　：公益財団法人東京都環境公社
補助対象経費：低公害・低燃費車の普及促進に係る事務
（補助金の交付手続、広報、出えん金管理等）に係る経費
負担割合　　：10/10",3,政策連携団体,"7,660 ",環境局環境改善部自動車環境課,03-5388-3535,
2026,12,環境局,13,環境,環境保全資金融資あっせん,環境保全資金融資あっせん（利子補助（現年度分）指定低公害・低燃費車）,"補助金の目的：中小事業者への低燃費・低公害車導入の促進
補助対象者　：中小事業者(信用保証機関の保証によること）
補助対象経費：低公害・低燃費車導入に係る借入金の利息
負担割合　　：融資利率の1/2（年利3％を上限とし年度ごとに融資利率の1/2と3%のうち低い金利により計算）",5,民間団体,"1,535 ",環境局環境改善部自動車環境課,03-5388-3535,https://www.kankyo.metro.tokyo.lg.jp/vehicle/air_pollution/diesel/loan/loan.html
2026,12,環境局,13,環境,環境保全資金融資あっせん,環境保全資金融資あっせん（信用保証料補助（現年度分）指定低公害・低燃費車）,"補助金の目的：中小事業者への低燃費・低公害車導入の促進
補助対象者　：中小事業者(信用保証機関の保証によること）
補助対象経費：低公害・低燃費車導入の借入金に係る信用保証料
負担割合　　：保証機関の定める信用保証料分割支払回数割合により年度ごとに分割した信用保証料の2/3",5,民間団体,"4,985 ",環境局環境改善部自動車環境課,03-5388-3535,https://www.kankyo.metro.tokyo.lg.jp/vehicle/air_pollution/diesel/loan/loan.html
2026,12,環境局,13,環境,環境保全資金融資あっせん,環境保全資金融資あっせん（利子補助（過年度分））,"補助金の目的：中小事業者への低燃費・低公害車導入の促進
補助対象者　：中小事業者(信用保証機関の保証によること）
補助対象経費：低公害・低燃費車導入に係る借入金の利息
負担割合　　：融資利率の1/2（年利3％を上限とし年度ごとに融資利率の1/2と3%のうち低い金利により計算）",5,民間団体,"2,047 ",環境局環境改善部自動車環境課,03-5388-3535,https://www.kankyo.metro.tokyo.lg.jp/vehicle/air_pollution/diesel/loan/loan.html
2026,12,環境局,13,環境,環境保全資金融資あっせん,環境保全資金融資あっせん（信用保証料補助（過年度分））,"補助金の目的：中小事業者への低燃費・低公害車導入の促進
補助対象者　：中小事業者(信用保証機関の保証によること）
補助対象経費：低公害・低燃費車導入の借入金に係る信用保証料
負担割合　　：保証機関の定める信用保証料分割支払回数割合により年度ごとに分割した信用保証料の2/3",5,民間団体,"1,430 ",環境局環境改善部自動車環境課,03-5388-3535,https://www.kankyo.metro.tokyo.lg.jp/vehicle/air_pollution/diesel/loan/loan.html
2026,12,環境局,13,環境,保証債務履行補助,保証債務履行補助（損失補償）,"補助金の目的：低燃費・低公害車を導入する都内中小事業者に対する信用保証機関の保証債務履行に伴う損失補助
補助対象者　：信用保証機関
補助対象経費：信用保証機関が債務の保証をしたのちその保証債務の履行をして取得した求償権であって信用保証機関の定めるところにより償却する分
負担割合　　：（保証債務の履行額－保険金補てん額－回収額）×9/10",5,民間団体,"2,798 ",環境局環境改善部自動車環境課,03-5388-3535,
2026,12,環境局,13,環境,ごみ減量化促進対策事業費の補助,廃棄物減量等推進費都補助金,"補助金の目的：島しょ町村が実施する事業に対して財政的支援を行い、もって廃棄物の減量及び適正処理等を推進する
補助対象者　：島しょ町村・東京都島嶼町村一部事務組合
補助対象経費：島しょ町村が新たに実施する、廃棄物減量推進事業又は廃棄物適正処理推進事業
負担割合　　：補助対象額×１／２",1,区市町村,"2,000 ",環境局資源循環推進部一般廃棄物対策課,03-5388-3581,
2026,12,環境局,13,環境,廃棄物処理施設整備費の補助,廃棄物処理施設整備費都補助金,"補助金の目的：廃棄物処理施設等を整備し、廃棄物の円滑かつ適正な処理を行うことにより生活環境の保全及び公衆衛生の向上を図る
補助対象者　：市町村
補助対象経費：廃棄物処理施設等の新設（更新を含む）、増設及び改良に係る事業
負担割合　　：（補助対象額－国庫補助金－地方債）×１／２",1,区市町村,"931,989 ",環境局資源循環推進部一般廃棄物対策課,03-5388-3582,
2026,12,環境局,13,環境,合併処理浄化槽設置補助,合併処理浄化槽設置補助　都単独（個人設置型）,"補助金の目的：生活排水による公共用水域の水質汚濁を防止し、水環境及び衛生的な生活環境の保全に寄与する
補助対象者　：市町村
補助対象経費 ：合併浄化槽の設置費用　
負担割合　　：補助対象額×1/2",1,区市町村,799 ,環境局資源循環推進部一般廃棄物対策課,03-5388-3583,
2026,12,環境局,13,環境,合併処理浄化槽設置補助,合併処理浄化槽設置補助　国庫補助対象地域（個人設置型）,"補助金の目的：生活排水による公共用水域の水質汚濁を防止し、水環境及び衛生的な生活環境の保全に寄与する
補助対象者　：市町村
補助対象経費 ：合併浄化槽の設置費用　
負担割合　　：補助対象額×1/2",1,区市町村,"3,903 ",環境局資源循環推進部一般廃棄物対策課,03-5388-3583,
2026,12,環境局,13,環境,合併処理浄化槽設置補助,合併処理浄化槽設置補助　国庫補助対象地域（市町村設置型）,"補助金の目的：生活排水による公共用水域の水質汚濁を防止し、水環境及び衛生的な生活環境の保全に寄与する
補助対象者　：市町村
補助対象経費 ：合併浄化槽の設置費用　
負担割合　　：補助対象額×1/2",1,区市町村,"10,111 ",環境局資源循環推進部一般廃棄物対策課,03-5388-3583,
2026,12,環境局,13,環境,単独処理浄化槽撤去補助,単独処理浄化槽撤去補助　国庫補助対象地域（市町村設置型・個人設置型）,"補助金の目的：生活排水による公共用水域の水質汚濁を防止し、水環境及び衛生的な生活環境の保全に寄与する
補助対象者　：市町村
補助対象経費 ：単独浄化槽の撤去費　
負担割合　　：（補助対象額－国庫補助金）×1/2",1,区市町村,780 ,環境局資源循環推進部一般廃棄物対策課,03-5388-3583,
2026,12,環境局,13,環境,合併槽撤去撤去補助,合併槽撤去撤去補助（個人設置型）,"補助金の目的 ： 生活排水による公共用水域の水質汚濁を防止し、水環境及び衛生的な生活環境の保全に寄与する
補助対象者 ： 市町村
補助対象経費 ：合併槽の撤去費
負担割合　　： （補助対象額－国庫補助金）×１/２",1,区市町村,298 ,環境局資源循環推進部一般廃棄物対策課,03-5388-3583,
2026,12,環境局,13,環境,既設くみ取り槽撤去撤去補助,既設くみ取り槽撤去撤去補助（市町村設置型）,"補助金の目的 ： 生活排水による公共用水域の水質汚濁を防止し、水環境及び衛生的な生活環境の保全に寄与する
補助対象者 ： 市町村
補助対象経費 ：くみ取り槽の撤去費
負担割合　　： （補助対象額－国庫補助金）×１/２",1,区市町村,312 ,環境局資源循環推進部一般廃棄物対策課,03-5388-3583,
2026,12,環境局,13,環境,宅内配管費補助事業,宅内配管費補助事業　都単独（個人設置型）,"補助金の目的：生活排水による公共用水域の水質汚濁を防止し、水環境及び衛生的な生活環境の保全に寄与する
補助対象者　：市町村
補助対象経費 ：単独転換に伴う宅内配管敷設費用　
負担割合　　：補助対象額×1/2",1,区市町村,317 ,環境局資源循環推進部一般廃棄物対策課,03-5388-3583,
2026,12,環境局,13,環境,宅内配管費補助事業,宅内配管費補助事業　国庫補助対象地域（市町村設置型・個人設置型）,"補助金の目的：生活排水による公共用水域の水質汚濁を防止し、水環境及び衛生的な生活環境の保全に寄与する
補助対象者　：市町村
補助対象経費 ：単独転換に伴う宅内配管敷設費用　
負担割合　　： （補助対象額－国庫補助金）×1/2",1,区市町村,"1,612 ",環境局資源循環推進部一般廃棄物対策課,03-5388-3583,
2026,12,環境局,13,環境,宅内配管工事費補助,宅内配管工事費補助（市町村設置型）,"補助金の目的 ： 生活排水による公共用水域の水質汚濁を防止し、水環境及び衛生的な生活環境の保全に寄与する
補助対象者 ： 市町村
補助対象経費 ：宅内配管工事費
負担割合　　： （補助対象額－国庫補助金）×１/２",1,区市町村,819 ,環境局資源循環推進部一般廃棄物対策課,03-5388-3583,
2026,12,環境局,13,環境,適正処理・資源利用における働き方改革事業,適正処理・資源利用における働き方改革事業補助金,"補助金の目的：一般廃棄物収集運搬等の委託業務に係る労務費等の適切な転嫁や働き方改革に取り組む区市町村に対して、見直しに必要な経費等を支援する。
補助対象者：働き方改革（暑さ対策を含む）に資する具体的なメニューを実施する区市町村等
補助対象経費：要項に定める対象経費
負担割合：1年目1/2、2年目1/3、3年目1/4　（上限3,000万円/1自治体）",1,区市町村,"386,775 ",環境局資源循環推進部一般廃棄物対策課,03-5388-3581,
2026,12,環境局,13,環境,ＴＯＫＹＯ海ごみゼロアクション,東京都海岸漂着物等地域対策推進事業補助金,"補助金の目的：法において回収責務がないものの、町村が止むを得ず回収処理を行った海岸漂着物等について、その島しょ町村へ財政的な支援を行う。
補助対象者：島しょ町村
補助対象経費：海岸漂着物等の処理費用
負担割合：9/10",1,区市町村,"9,271 ",環境局資源循環推進部一般廃棄物対策課,03-5388-3581,
2026,12,環境局,13,環境,微量PCB廃棄物処理支援事業,微量PCB廃棄物処理支援事業に係る事務費補助,"補助金の目的：ポリ塩化ビフェニル廃棄物の適正処理の推進のため
補助対象者　：公益財団法人東京都環境公社
補助対象経費：微量PCB廃棄物処理支援事業に係る事務費
負担割合　　：10/10",3,政策連携団体,"25,295 ",環境局資源循環推進部産業廃棄物対策課,03-5388-3573,
2026,12,環境局,13,環境,太陽光パネル高度循環利用,太陽光パネル高度循環利用に係る事務費補助,"補助金の目的：住宅用太陽光パネルの高度循環利用の推進のため
補助対象者　：公益財団法人東京都環境公社
補助対象経費：太陽光パネル高度循環利用に係る事務費
負担割合　　：10/10",3,政策連携団体,"21,080 ",環境局資源循環推進部計画課,03-5388-3593,
2026,12,環境局,13,環境,廃食用油・廃棄物を原料としたSAFの推進,東京都区市町村との連携による廃食用油有効利用促進事業,"補助金の目的：持続可能な航空燃料（SAF）の原料等として有効利用が可能な廃食用油の再資源化を促進し、廃食用油の有効利用に関する地域住民等の意識の更なる向上を図る
補助対象者　：新たに廃食用油の回収に取り組む区市町村、回収量拡大を目指す区市町村
補助対象経費：要綱に定める対象経費
負担割合　　：10/10又は1/2（上限200万円）",1,区市町村,"20,000 ",環境局資源循環推進部一般廃棄物対策課,03-5388-3581,
2026,12,環境局,13,環境,廃食用油・廃棄物を原料としたSAFの推進,廃食用油回収促進事業,"補助金の目的：持続可能な航空燃料（SAF）の原料等となる廃食用油の回収等拡大に向けた取組を民間事業者と共同で実施
補助対象者：事業者
補助対象経費：協定に定める対象経費
負担割合：1/2",5,民間団体,"20,000 ",環境局資源循環推進部計画課,03-5388-3593,
2026,12,環境局,13,環境,廃食用油・廃棄物を原料としたSAFの推進,一般廃棄物を原料としたSAF製造に向けたFS調査,"補助金の目的：都内の廃棄物を使った持続可能な航空燃料（SAF）製造技術の開発に取り組む企業を公募し、将来的な商用プラントも視野にSAF製造所へ搬送するルート構築を検討
補助対象者　：事業者
補助対象経費：協定に定める対象経費
負担割合：1/2",5,民間団体,"20,000 ",環境局資源循環推進部計画課,03-5388-3593,
2026,12,環境局,13,環境,高度再資源化設備導入促進事業,高度再資源化設備導入促進事業に係る事務費補助,"補助金の目的：高度再資源化設備導入促進事業の推進のため
補助対象者　：公益財団法人東京都環境公社
補助対象経費：高度再資源化設備導入促進事業に係る事務費
負担割合　　：10/10",3,政策連携団体,"25,252 ",環境局資源循環推進部計画課,03-5388-3593,
2026,12,環境局,13,環境,災害廃棄物処理支援事業,災害廃棄物処理支援事業に係る事務費補助,"補助金の目的：災害廃棄物処理支援のため
補助対象者　：公益財団法人東京都環境公社
補助対象経費：災害廃棄物の処理支援事業に係る事務費補助
負担割合　　：10/10",3,政策連携団体,"56,744 ",環境局資源循環推進部計画課,03-5388-3593,
2026,12,環境局,13,環境,災害廃棄物処理支援事業（令和7年台風第22号及び第23号）,災害廃棄物処理支援事業（令和7年台風第22号及び第23号）に係る事務費補助,"補助金の目的：令和7年台風第22号及び第23号で被害を受けた島しょ地域における災害廃棄物処理支援のため
補助対象者　：公益財団法人東京都環境公社
補助対象経費：令和7年台風第22号及び第23号により発生した島しょ地域における災害廃棄物の処理支援事業に係る事務費
負担割合　　：10/10",3,政策連携団体,"73,477 ",環境局資源循環推進部計画課,03-5388-3593,
2026,12,環境局,13,環境,サーキュラーエコノミー行動変容促進事業,サーキュラーエコノミー行動変容促進事業に係る事務費補助,"補助金の目的：都民の行動変容を促し、サーキュラービジネスの推進を図る
補助対象者　：公益財団法人東京都環境公社
補助対象経費：サーキュラーエコノミーの推進に係る事務費
負担割合　　：10/10",3,政策連携団体,"7,228 ",環境局資源循環推進部計画課,03-5388-3593,
2026,12,環境局,13,環境,サーキュラー・エコノミーへの移行推進,サーキュラー・エコノミーへの移行推進に係る事務費補助,"補助金の目的：サーキュラー・エコノミーへの移行推進のため
補助対象者　：公益財団法人東京都環境公社
補助対象経費：サーキュラー・エコノミーへの移行推進に係る事務費
負担割合　　：10/10",3,政策連携団体,"30,938 ",環境局資源循環推進部計画課,03-5388-3593,
2026,12,環境局,13,環境,プラ製容器包装等・再資源化支援事業,プラ製容器包装等・再資源化支援事業に係る事務費補助,"補助金の目的：都におけるプラスチックの持続可能な利用を促進するため
補助対象者　：公益財団法人東京都環境公社
補助対象経費：プラ製容器包装等・再資源化支援事業に係る事務費
負担割合　　：10/10",3,政策連携団体,"14,796 ",環境局資源循環推進部計画課,03-5388-3593,
2026,12,環境局,13,環境,資源循環・廃棄物処理のDX推進事業,資源循環・廃棄物処理のDX推進事業に係る事務費補助,"補助金の目的：資源循環・廃棄物処理のDX推進のため
補助対象者　：公益財団法人東京都環境公社
補助対象経費：資源循環・廃棄物処理のDX推進事業に係る事務費
負担割合　　：10/10",3,政策連携団体,"17,664 ",環境局資源循環推進部計画課,03-5388-3593,
2026,12,環境局,13,環境,廃棄物処理施設に対するＬｉＢ火災緊急対策事業,廃棄物処理施設に対するＬｉＢ火災緊急対策事業に係る事務費補助,"補助金の目的：リチウムイオン電池（LiB）火災の防止による廃棄物の安定的な処理体制を構築するため
補助対象者　：公益財団法人東京都環境公社
補助対象経費：廃棄物処理施設に対するLiB火災緊急対策事業に係る事務費
負担割合　　：10/10",3,政策連携団体,"80,564 ",環境局資源循環推進部産業廃棄物対策課,03-5388-3586,
2026,12,環境局,13,環境,ＴＯＫＹＯクリーンアップムーブメント,交通結節点・公共施設へのリサイクルステーションの整備事業に係る事務費補助,"補助金の目的：東京の環境美化の更なる向上と観光客等がごみを捨てられる環境確保のため
補助対象者　：公益財団法人東京都環境公社
補助対象経費：交通結節点・公共施設へのリサイクルステーションの整備事業に係る事務費
負担割合　　：10/10",3,政策連携団体,"50,000 ",環境局資源循環推進部計画課,03-5388-3593,
2026,12,環境局,13,環境,地域と連携した街の清掃美化推進事業,地域と連携した街の清掃美化推進事業に係る事務費補助,"補助金の目的：東京におけるポイ捨て防止・環境美化の向上のため
補助対象者　：公益財団法人東京都環境公社
補助対象経費：地域と連携した街の清掃美化推進事業に係る事務費
負担割合　　：10/10",3,政策連携団体,"10,000 ",環境局資源循環推進部計画課,03-5388-3593,
2026,13,福祉局,17,その他,福祉サービス第三者評価システム,福祉サービス第三者評価支援事業費補助金,"補助金の目的：利用者の福祉サービスの選択等に資する福祉サービス第三者評価システムの普及・定着
補助対象者　：公益財団法人東京都福祉保健財団
補助対象経費：福祉サービス第三者評価支援事業実施要綱に基づく事業に要する費用
負担割合　　：都10/10",3,政策連携団体,"51,153 ",福祉局指導監査部指導調整課,03-5320-4035,
2026,13,福祉局,17,その他,福祉情報総合ネットワーク,東京都福祉保健財団運営費補助金（福祉情報総合ネットワーク事業に関する補助）,"補助金の目的：福祉サービスに関する情報を利用者が容易に検索、アクセスできる情報を提供できる仕組みを構築
補助対象者　：（公財）東京都福祉保健財団
補助対象経費：職員費及び事務費等
負担割合　　：都10/10",3,政策連携団体,"55,194 ",福祉局企画部企画政策課,03-5320-4201,
2026,13,福祉局,17,その他,福祉避難所・福祉避難スペース整備促進等事業,福祉避難所・福祉避難スペース整備費等補助金,"補助金の目的：区市町村における個別避難計画作成の取組を集中的に促進
補助対象者　：区市町村
補助対象経費：福祉避難所を新たに整備する経費及び整備に資する経費等
負担割合　　：都1/2、区市町村1/2",1,区市町村,"150,000 ",福祉局総務部総務課,03-5388-3954,
2026,13,福祉局,17,その他,東京都社会福祉事業団に対する補助,社会福祉法人東京都社会福祉事業団運営費補助金,"補助金の目的：（社福）東京都社会福祉事業団の円滑な運営
補助対象者　：（社福）東京都社会福祉事業団
補助対象経費：本部職員費及び事務費等
負担割合　　：都10/10",3,政策連携団体,"908,858 ",福祉局企画部企画政策課,03-5320-4201,https://www.jigyodan.org/
2026,13,福祉局,17,その他,東京都社会福祉事業団に対する補助,東京都社会福祉事業団事業推進費補助金,"補助金の目的：（社福）東京都社会福祉事業団の自主運営施設の運営
補助対象者　：（社福）東京都社会福祉事業団
補助対象経費：自主運営施設の運営及び施設整備に要する経費
負担割合　　：都10/10",3,政策連携団体,"237,072 ",福祉局企画部企画政策課,03-5320-4201,https://www.jigyodan.org/
2026,13,福祉局,17,その他,東京都福祉保健財団に対する補助,東京都福祉保健財団運営費補助金,"補助金の目的：（公財）東京都福祉保健財団の運営
補助対象者　：（公財）東京都福祉保健財団
補助対象経費：職員費及び事務費等
負担割合　　：都10/10",3,政策連携団体,"1,289,609 ",福祉局企画部企画政策課,03-5320-4201,
2026,13,福祉局,17,その他,健康プラザの活用事業,東京都福祉保健財団運営費補助金（健康プラザ活用事業に関する補助）,"補助金の目的：東京都健康プラザ内の運動施設等を活用し、都民や区市町村等が実施する健康づくりを推進
補助対象者　：（公財）東京都福祉保健財団
補助対象経費：事業費
負担割合　　：都10/10",3,政策連携団体,"571,937 ",福祉局企画部企画政策課,03-5320-4201,
2026,13,福祉局,17,その他,独立行政法人福祉医療機構借入金利子補助,独立行政法人福祉医療機構借入金利子補給費補助金,"補助金の目的：社会福祉法人等が社会福祉事業に必要な資金を借り入れる際に負担する利子を軽減することにより、社会福祉事業の振興を図る
補助対象者　：（公財）東京都福祉保健財団
補助対象経費：（公財）東京都福祉保健財団が利子補給費を交付するために要する経費
負担割合　　：都10/10",3,政策連携団体,"930,165 ",福祉局企画部企画政策課,03-5320-4201,
2026,13,福祉局,17,その他,福祉情報提供事業,東京都福祉保健財団運営費補助金（福祉情報提供事業に関する補助）,"補助金の目的：福祉に携わる人材の知識、技術の普及・啓発
補助対象者　：（公財）東京都福祉保健財団
補助対象経費：職員費及び事務費等
負担割合　　：都10/10",3,政策連携団体,"27,022 ",福祉局企画部企画政策課,03-5320-4201,
2026,13,福祉局,17,その他,東京都社会福祉協議会一般運営費補助,東京都社会福祉協議会一般事業運営費補助金,"補助金の目的：（社福）東京都社会福祉協議会の運営
補助対象者　：（社福）東京都社会福祉協議会
補助対象経費：職員費及び事務費等
負担割合　　：都10/10",5,民間団体,"103,720 ",福祉局企画部企画政策課,03-5320-4201,https://www.tcsw.tvac.or.jp/
2026,13,福祉局,17,その他,民間社会福祉施設設備改善整備費補助,民間社会福祉施設設備改善整備費補助,"補助金の目的：民間社会福祉施設の利用者の処遇の充実・地域交流の促進
補助対象者　：民間社会福祉施設
補助対象経費：（１）防災設備設置、（２）地域交流等のための施設又は設備整備、（３）中規模修繕、（４）その他福祉局長が必要と認める施設・設備の整備
負担割合　　：都1/2、 事業者 1/2",5,民間団体,"66,758 ",福祉局企画部計理課,03-5388-3957,
2026,13,福祉局,17,その他,耐震化の推進,社会福祉施設等耐震化促進事業補助（耐震診断補助）,"補助金の目的：社会福祉施設等の耐震化の推進
補助対象者　：社会福祉施設等の設置者
補助対象経費：建物の耐震診断に要する経費
負担割合　　：国1/3、都7/15、 事業者1/5 ",5,民間団体,935 ,福祉局総務部総務課,03-5388-3934,
2026,13,福祉局,17,その他,耐震化の推進,社会福祉施設等耐震化促進事業補助（耐震改修補助）,"補助金の目的：社会福祉施設等の耐震化の推進
補助対象者　：社会福祉施設等の設置者
補助対象経費：建物の耐震改修及び耐震改修期間中の代替仮設施設整備に要する経費
負担割合　　：国0～10/87、都 30/43～7/8、事業者 1/8～3/16　※構造耐震指標（Is値）及びストック補助金（国庫補助金）該当有無により負担割合が異なる",5,民間団体,"1,568 ",福祉局総務部総務課,03-5388-3934,
2026,13,福祉局,17,その他,耐震化の推進,社会福祉施設等耐震化促進事業補助（移転経費補助）,"補助金の目的：社会福祉施設等の耐震化の推進
補助対象者　：社会福祉施設等の設置者
補助対象経費：移転に係る施設設備等運搬経費及び移転後の賃貸借契約に係る礼金　
負担割合　　：都10/10",5,民間団体,"13,000 ",福祉局総務部総務課,03-5388-3934,
2026,13,福祉局,17,その他,社会福祉法人経営力強化事業,社会福祉法人の連携・協働支援事業補助金,"補助金の目的：社会福祉連携推進法人の設立や法人間連携を促進するため
補助対象者　：社会福祉連携推進法人
補助対象経費：社会福祉連携推進法人の設立や先駆的な社会福祉連携推進業務の取組に要する費用
負担割合　　：国10/10",5,民間団体,"2,500 ",福祉局指導監査部指導調整課,03-5320-4044,
2026,13,福祉局,04,生活福祉,地域福祉推進区市町村包括補助事業,地域福祉推進区市町村包括補助事業補助金,"補助金の目的：福祉・保健・医療の推進に係る基盤の整備及びサービスの充実
補助対象者　：区市町村
補助対象経費：（先駆的事業・一般事業）新たな課題に取り組む試行的事業、地域福祉事業等　（選択事業）福祉のまちづくり、成年後見、福祉サービス第三者評価、その他地域福祉事業等
負担割合　　：（先駆的事業・一般事業）都10/10　（選択事業）都1/2、区1/2（一部都10/10）",1,区市町村,"4,166,000 ",福祉局生活福祉部企画課,03-5320-4062,
2026,13,福祉局,04,生活福祉,災害援護資金貸付等及び東京都被災者生活再建支援事業,東京都被災者生活再建支援金補助金,"補助金の目的：自然災害による被害を受けた世帯を支援する区市町村に対する補助
補助対象者　：区市町村
補助対象経費：被災した世帯の建物建設・購入等の生活再建費用
負担割合　　：　都1/2、区市町村1/2",1,区市町村,"1,000 ",福祉局生活福祉部企画課,03-5320-4066,
2026,13,福祉局,04,生活福祉,各種年金調査進達事務,特別弔慰金受付事務費交付金,"補助金の目的：特別弔慰金国庫債券の郵送交付活用の促進
補助対象者　：区市町村
補助対象経費：特別弔慰金の受付事務に係る役務費
負担割合　　：国10/10",1,区市町村,"5,357 ",福祉局生活福祉部企画課,03-5320-4077,
2026,13,福祉局,04,生活福祉,戦没者慰霊事業等,戦没者追悼式旅費補助金,"補助金の目的：南方地域戦没者追悼式に参列する遺族の旅費負担軽減
補助対象者　：東京都遺族連合会
補助対象経費：南方地域戦没者追悼式に参列する遺族の旅費
負担割合　　：都10/10",5,民間団体,"1,230 ",福祉局生活福祉部企画課,03-5320-4077,
2026,13,福祉局,04,生活福祉,戦没者慰霊事業等,戦跡慰霊巡拝旅費補助金,"補助金の目的：東京都遺族連合会が実施する、戦跡慰霊巡拝への遺族の参加促進
補助対象者　：東京都遺族連合会
補助対象経費：戦跡慰霊巡拝に参加する遺族の旅費
負担割合　　：都1/3、事業者等2/3",5,民間団体,"1,133 ",福祉局生活福祉部企画課,03-5320-4076,
2026,13,福祉局,04,生活福祉,特別区市に対する都負担金,生活保護費都負担金,"補助金の目的：困窮するすべての国民の最低限度の生活の保障及びその自立の助長
補助対象者　：区市町村
補助対象経費：　区市町村が支弁した保護費、保護施設事務費等のうち生活保護法第73条に掲げるもの
負担割合　　：国3/4、都1/4",1,区市町村,"15,736,160 ",福祉局生活福祉部保護課,03-5320-4064,
2026,13,福祉局,04,生活福祉,民間社会福祉施設サービス推進費補助（保護施設）,東京都民間社会福祉施設サービス推進費補助金（保護施設）,"補助金の目的：社会福祉施設の運営費用等の一部補助による社会福祉施設利用者の福祉の向上
補助対象者　：適正な運営が確保されている社会福祉法人等が設置する保護施設
補助対象経費：運営費及び施設整備費
負担割合　　：都10/10",5,民間団体,"1,148,870 ",福祉局生活福祉部保護課,03-5320-4086,
2026,13,福祉局,04,生活福祉,行旅病人及死亡人等取扱費都負担金,行旅病人及死亡人等取扱費都負担金,"補助金の目的：区市町村が一時繰替支弁した行旅病人に係る医療費等及び行旅死亡人（墓地埋葬法第９条による対象者含む）の葬祭費　　　
補助対象者　：区市町村
補助対象経費：都規則に列記する弁償対象事項（墓地埋葬法第９条による対象者含む）
負担割合　　：都10/10",1,区市町村,"43,321 ",福祉局生活福祉部保護課,03-5320-4065,
2026,13,福祉局,04,生活福祉,福祉施設経営指導事業補助,福祉施設経営指導事業補助金,"補助金の目的：福祉施設等の経営相談に対応する
補助対象者　：東京都社会福祉協議会
補助対象経費：相談員人件費、運営経費
負担割合　　：都10/10",5,民間団体,"10,046 ",福祉局生活福祉部地域福祉課,03-5320-4045,https://www.tcsw.tvac.or.jp/keiei/index.html
2026,13,福祉局,04,生活福祉,東京善意銀行事業費補助,東京善意銀行事業費補助金,"補助金の目的：都民等からの寄付金品を社会福祉施設等に公正に配分する
補助対象者　：東京都社会福祉協議会
補助対象経費：職員人件費、維持管理費、事務事業費
負担割合　　：都1/2～10/10",5,民間団体,"25,817 ",福祉局生活福祉部地域福祉課,03-5320-4045,https://www.tcsw.tvac.or.jp/zengin/
2026,13,福祉局,04,生活福祉,日常生活自立支援事業（地域福祉権利擁護事業）,日常生活自立支援事業補助金,"補助金の目的：認知症高齢者等が安心して自立した地域生活を送れるようにする
補助対象者　：東京都社会福祉協議会
補助対象経費：人件費、事務事業費、委託費
負担割合　　：国1/2　都1/2",5,民間団体,"908,119 ",福祉局生活福祉部地域福祉課,03-5320-4045,https://www.fukushi.metro.tokyo.lg.jp/kiban/sodan/chiken.html
2026,13,福祉局,04,生活福祉,苦情対応事業,苦情対応事業補助金,"補助金の目的：利用者の権利を擁護し、提供されるサービスの質の向上を図る
補助対象者　：東京都社会福祉協議会
補助対象経費：人件費、事務事業費
負担割合　　：国1/2　都1/2",5,民間団体,"28,164 ",福祉局生活福祉部地域福祉課,03-5320-4045,https://www.fukushi.metro.tokyo.lg.jp/kiban/sodan/unteki.html
2026,13,福祉局,04,生活福祉,社会福祉施設職員等退職手当共済事業補助,退職手当共済事業給付費補助金,"補助金の目的：社会福祉施設等の職員の退職手当掛金を負担する
補助対象者　：独立行政法人福祉医療機構
補助対象経費：退職手当掛金都道府県負担分
負担割合　　：国1/3　都1/3　社会福祉法人等1/3",5,民間団体,"2,235,435 ",福祉局生活福祉部地域福祉課,03-5320-4045,https://www.fukushi.metro.tokyo.lg.jp/kiban/jigyosha/taisyokuteatekyousaiseido.html
2026,13,福祉局,04,生活福祉,単身高齢者等の総合相談支援事業,単身高齢者等の総合相談支援事業補助金,"補助金の目的：単身高齢者等が元気なうちから将来の準備ができるよう区市町村を支援する
補助対象者　：区市町村
補助対象経費：事業実施に要する経費
負担割合　　：都3/4　区市町村1/4",1,区市町村,"236,250 ",福祉局生活福祉部地域福祉課,03-5320-4045,
2026,13,福祉局,04,生活福祉,いのちの電話事業補助,いのちの電話事業費補助金,"補助金の目的：援護・育成又は更生の措置を要するもの等に対する援助
補助対象者　：社会福祉法人いのちの電話
補助対象経費：夜間相談活動に係る事務費及び事業費
負担割合　　：都　10/10",5,民間団体,"1,825 ",福祉局生活福祉部地域福祉課,03-5320-4045,https://www.fukushi.metro.tokyo.lg.jp/kiban/madoguchi/inochi_tel.html
2026,13,福祉局,04,生活福祉,情報バリアフリーの普及推進,ユニバーサルデザインに関する情報サイト補助金,"補助金の目的：ユニバーサルデザインに関する情報を一元化したポータルサイトの円滑な運営
補助対象者　：公益財団法人東京都福祉保健財団
補助対象経費：サイトの維持管理、更新及び普及啓発
負担割合　　：都10/10",3,政策連携団体,"10,386 ",福祉局生活福祉部企画課,03-5320-4047,
2026,13,福祉局,04,生活福祉,地域福祉推進事業補助,地域福祉推進事業補助金,"補助金の目的：地域の社会資源を活用して福祉サービスを実施する事業への補助
補助対象者　：区市町村
補助対象経費：事業の運営経費
負担割合　　：都1/2　区市町村1/2",1,区市町村,"107,561 ",福祉局生活福祉部地域福祉課,03-5320-4045,
2026,13,福祉局,04,生活福祉,地域福祉振興事業補助,地域福祉振興事業補助金,"補助金の目的：在宅福祉事業を育成し地域福祉の振興を図る
補助対象者　：公益財団法人東京都福祉保健財団
補助対象経費：事業費、事務費
負担割合　　：都10/10",3,政策連携団体,"150,774 ",福祉局生活福祉部地域福祉課,03-5320-4045,
2026,13,福祉局,04,生活福祉,重層的支援体制整備事業,東京都重層的支援体制整備事業交付金,"補助金の目的：住民の複合化・複雑化した支援ニーズに対応する包括的な支援体制の整備
補助対象者　：区市町村
補助対象経費：多機関協働事業等に係る経費
負担割合（本則）：国1/2、都1/4、区市町村1/4
財政力指数や事業開始年数に応じて、負担割合に変動条件あり",1,区市町村,"366,092 ",福祉局生活福祉部企画課,03-5320-4062,
2026,13,福祉局,04,生活福祉,介護福祉士等修学資金の貸与,東京都福祉系高校修学資金貸付事業貸付資金等補助金,"補助金の目的：介護福祉士の資格取得促進
補助対象者　：社会福祉法人東京都社会福祉協議会
補助対象経費：貸付及び貸付事務費
負担割合　　  ：都1/3、国2/3",5,民間団体,"5,872 ",福祉局生活福祉部地域福祉課,03-5320-4049,https://www.fukushi.metro.tokyo.lg.jp/kiban/fukushijinzai/jinzaikakuho/shikakushutoku/shien-shugakushikin.html
2026,13,福祉局,04,生活福祉,民生委員の活動等,民生委員・児童委員及び民生委員協議会に関する経費の都負担金,"補助金の目的：民生委員及び民生委員協議会に関する経費の負担
補助対象者　：区市（中核市を除く）
補助対象経費：活動に要した交通費等及び民生委員協議会の運営等に要する経費
負担割合　　：都10/10",1,区市町村,"3,706,601 ",福祉局生活福祉部地域福祉課,03-5320-4031,
2026,13,福祉局,04,生活福祉,民生委員の活動等,民生委員推薦会等に関する経費の都負担金,"補助金の目的：民生委員推薦会等に関する経費の負担
補助対象者　：区市町村（中核市を除く）
補助対象経費：区市町村が設置する民生委員推薦会及び推薦準備会に要する経費
負担割合　　：都10/10",1,区市町村,"7,128 ",福祉局生活福祉部地域福祉課,03-5320-4031,
2026,13,福祉局,04,生活福祉,民生委員の活動等,東京都民生児童委員連合会事務所維持管理経費補助金,"補助金の目的：事務所の維持管理経費の一部補助による民生委員・児童委員の組織活動の強化
補助対象者　：社会福祉法人東京都社会福祉協議会
補助対象経費：事務所賃借料、清掃料及び電気料
負担割合　　：都10/10",5,民間団体,"1,892 ",福祉局生活福祉部地域福祉課,03-5320-4031,
2026,13,福祉局,04,生活福祉,民生委員の活動等,東京都生活困窮者支援等のための地域づくり事業（地域の実情や課題に応じた民生委員の担い手確保対策事業）,"補助金の目的：地域の実情や課題に応じた民生委員の担い手確保対策
補助対象者　：区市町村（中核市を除く）
補助対象経費：生活困窮者支援等のための地域づくり事業のうち、区市町村が創意工夫を凝らして実施する民生委員の「業務負担の軽減」・「理解度の向上」・「多様な世代の参画」に資する事業に要する経費
負担割合　　：国1/2、都1/4",1,区市町村,"32,175 ",福祉局生活福祉部地域福祉課,03-5320-4031,
2026,13,福祉局,04,生活福祉,民生・児童委員活動デジタル活用特別整備支援事業,民生・児童委員活動デジタル活用特別整備支援事業補助金（デジタル機器導入補助）,"補助金の目的：民生・児童委員の活動に資する新規デジタル機器の導入経費を補助する。
補助対象者　：区市町村
補助対象経費：新規デジタル機器の調達に係る経費
負担割合　　：都10/10",1,区市町村,"223,440 ",福祉局生活福祉部地域福祉課,03-5320-4024,
2026,13,福祉局,04,生活福祉,民生・児童委員活動デジタル活用特別整備支援事業,民生・児童委員活動デジタル活用特別整備支援事業補助金（デジタル機器活用支援補助）,"補助金の目的：民生・児童委員の活動に資する新規デジタル機器の導入経費等を補助する。
補助対象者　：区市町村
補助対象経費：故障修理保証、操作サポート研修等に係る経費
負担割合　　：都1/2",1,区市町村,"45,624 ",福祉局生活福祉部地域福祉課,03-5320-4024,
2026,13,福祉局,04,生活福祉,民生・児童委員活動デジタル活用特別整備支援事業,民生・児童委員活動デジタル活用特別整備支援事業補助金（端末廃棄・回収補助）,"補助金の目的：令和４年度に民生委員へ配布したデジタル機器の終了に伴う端末の廃棄・回収経費を補助する。
補助対象者　：区市町村
補助対象経費：令和４年度に民生委員へ配布したデジタル機器の終了に伴う端末の廃棄・回収経費
負担割合　：都10/10",1,区市町村,"11,652 ",福祉局生活福祉部地域福祉課,03-5320-4024,
2026,13,福祉局,04,生活福祉,定着自立促進事業,日本語指導事業補助金,"補助金の目的：中国帰国者の日本語習得の機会を提供し、自立促進を進める。
補助対象者　：中国帰国者支援の事業を実施し、日本語指導事業を継続して運営する団体
補助対象経費：日本語教室運営に関する経費
負担割合　　：都1/2、事業者1/2",5,民間団体,355 ,福祉局生活福祉部企画課,03-5320-4084,
2026,13,福祉局,04,生活福祉,自立支援センターの運営,自立支援センター運営費都負担金,"補助金の目的：路上生活者対策事業の実施
補助対象者　：特別区人事・厚生事務組合
補助対象経費：自立支援センター運営費
負担割合　　：（国庫負担分）国3/4、都1/8、区1/8　（国庫補助分）国2/3、都1/6、区1/6　（都加算分）都1/2、区1/2",7,その他団体,"977,011 ",福祉局生活福祉部保護課,03-5320-4098,
2026,13,福祉局,04,生活福祉,巡回相談事業,巡回相談事業都負担金,"補助金の目的：路上生活者対策事業の実施
補助対象者　：特別区人事・厚生事務組合
補助対象経費：巡回相談事業事業費
負担割合　　：（国庫負担分）国3/4、都1/8、区1/8　（国庫補助分）国2/3　（都加算分）都1/2、区1/2",7,その他団体,"106,522 ",福祉局生活福祉部保護課,03-5320-4098,
2026,13,福祉局,04,生活福祉,支援付地域生活移行事業,支援付地域生活移行事業都負担金,"補助金の目的：路上生活者対策事業の実施
補助対象者　：特別区人事・厚生事務組合
補助対象経費：支援付地域生活移行事業
負担割合　　：（国庫補助分）国2/3、都1/6、区1/6　（都加算分）都1/2、区1/2",7,その他団体,"136,038 ",福祉局生活福祉部保護課,03-5320-4098,
2026,13,福祉局,04,生活福祉,生活福祉資金事務費補助等,生活福祉資金貸付金補助金,"補助金の目的：貸付事務費及び貸付資金に係る運営の円滑な実施
補助対象者　：社会福祉法人東京都社会福祉協議会
補助対象経費：制度要綱及び実施要綱に基づき東社協が実施する貸付事業
負担割合　　：国1/2　都1/2（一部国10/10）",5,民間団体,"245,122 ",福祉局生活福祉部地域福祉課,03-5320-4072,https://www.fukushi.metro.tokyo.lg.jp/seikatsu/seikatusikinn_fukushi.html
2026,13,福祉局,04,生活福祉,新生活サポート事業,自立生活スタート支援事業運営費補助金,"補助金の目的：東社協が実施する自立生活スタート支援事業の円滑な運営を図る
補助対象者　：社会福祉法人東京都社会福祉協議会
補助対象経費：補助事業に要する人件費相当経費、事務費
負担割合　　：都10/10",5,民間団体,"16,667 ",福祉局生活福祉部地域福祉課,03-5320-4072,https://www.fukushi.metro.tokyo.lg.jp/kodomo/hitorioya_shien/keizai/jiritu.html
2026,13,福祉局,04,生活福祉,新生活サポート事業,多重債務者生活再生事業運営費補助金,"補助金の目的：民間事業者のノウハウを活用して多重債務者生活再生事業の円滑な運営を図る
補助対象者　：社会福祉法人東京都社会福祉協議会
補助対象経費：補助事業に要する人件費相当経費、事務費、弁護士相談報酬
負担割合　　：国3/4、都1/4（一部都10/10）",5,民間団体,"94,483 ",福祉局生活福祉部地域福祉課,03-5320-4072,https://tokyo-saisei.jp/
2026,13,福祉局,04,生活福祉,更生保護事業補助,更生保護事業運営費補助金,"補助金の目的：更生保護事業の円滑な実施と都民の理解促進を図る
補助対象者　：更生保護法人東京都更生保護協会
補助対象経費：助成事業及び地域活動振興事業
負担割合　　：都10/10",5,民間団体,"4,443 ",福祉局生活福祉部地域福祉課,03-5320-4072,
2026,13,福祉局,04,生活福祉,ひきこもりに係る支援事業,ひきこもり支援推進体制立ち上げ支援補助金,"補助金の目的：区市町村のひきこもり支援に係る事業の充実を支援するため。
補助対象者　：区市町村
補助対象経費：ひきこもり支援に係る事業実施に要する経費
負担割合　　：国１／２、都１／４、区市町村１／４",1,区市町村,"138,000 ",福祉局生活福祉部地域福祉課,03-5320-4039,
2026,13,福祉局,04,生活福祉,住居喪失不安定就労者・離職者等サポート事業,住居喪失不安定就労者・離職者等サポート事業補助金,"補助金の目的：住居喪失・不安定就労者や離職者等への住宅資金、生活資金等の貸付け
補助対象者　：社会福祉法第２条第２項の第一種社会福祉事業を営む社会福祉法人
補助対象経費：事務費、貸付原資
負担割合　　：都10/10",7,その他団体,"152,281 ",福祉局生活福祉部地域福祉課,03-5320-4072,https://www.fukushi.metro.tokyo.lg.jp/seikatsu/teisyotokusyataisaku/tokyochallenge.html
2026,13,福祉局,04,生活福祉,受験生チャレンジ支援貸付事業,受験生チャレンジ支援貸付事業補助金（その他団体）,"補助金の目的：学習塾受講料や高等学校受験料等を捻出できない低所得世帯に対する資金貸付
補助対象者　：①区市町村　②社会福祉法人東京都社会福祉協議会
補助対象経費：①受験生チャレンジ支援貸付事業に関する手続支援に係る経費　②受験生チャレンジ支援貸付事業資金、東京都社会福祉協議会事務費
負担割合　　：都10/10",7,その他団体,"4,319,766 ",福祉局生活福祉部地域福祉課,03-5320-4072,https://www.fukushi.metro.tokyo.lg.jp/seikatsu/teisyotokusyataisaku/jukenseichallenge.html
2026,13,福祉局,04,生活福祉,受験生チャレンジ支援貸付事業,受験生チャレンジ支援貸付事業補助金（区市町村）,"補助金の目的：学習塾受講料や高等学校受験料等を捻出できない低所得世帯に対する資金貸付
補助対象者　：①区市町村　②社会福祉法人東京都社会福祉協議会
補助対象経費：①受験生チャレンジ支援貸付事業に関する手続支援に係る経費　②受験生チャレンジ支援貸付事業資金、東京都社会福祉協議会事務費
負担割合　　：都10/10",1,区市町村,"983,000 ",福祉局生活福祉部地域福祉課,03-5320-4072,https://www.fukushi.metro.tokyo.lg.jp/seikatsu/teisyotokusyataisaku/jukenseichallenge.html
2026,13,福祉局,04,生活福祉,フードパントリー緊急支援事業,フードパントリー緊急支援事業補助金,"補助金の目的：食料価格、原油価格等の高騰及び経済状況悪化により影響を受けたフードパントリー事業者の運営安定化を図ること
補助対象者　：区市町村社会福祉協議会等
補助対象経費：食料調達費、食料輸送費、感染症対策費、光熱水費及び拡充に係る設備・物品購入費
負担割合　　：都10/10",5,民間団体,"108,804 ",福祉局生活福祉部地域福祉課,03-5320-4072,
2026,13,福祉局,04,生活福祉,山谷対策の管理,山谷地域道路特別清掃事業補助金,"補助金の目的：山谷地域住民の福祉の増進を図ること
補助対象者　：区
補助対象経費：補助対象道路・公園区域の清掃に要する経費等
負担割合　　：都1/2、区1/2",1,区市町村,"33,659 ",福祉局生活福祉部保護課,03-5320-4106,
2026,13,福祉局,04,生活福祉,城北労働・福祉センターに対する補助,城北労働・福祉センター運営費補助金,"補助金の目的：城北労働・福祉センターの円滑な運営を図ること等
補助対象者　：公益財団法人東京都福祉保健財団城北労働・福祉センター
補助対象経費：補助事業の実施に要する経費及び事業運営費
負担割合　　：都10/10",3,政策連携団体,"203,778 ",福祉局生活福祉部保護課,03-5320-4106,https://www.fukushi.metro.tokyo.lg.jp/seikatsu/sanya/taisaku.html
2026,13,福祉局,04,生活福祉,心身障害者医療費の助成,心身障害者医療費助成制度システム改修等事業補助金,"補助金の目的：心身障害者医療費助成制度に係る自治体・医療機関等をつなぐ情報連携基盤の連携に当たり、区市町村のシステム改修等を支援することにより、受給者の利便性の向上を図る。
補助対象者　：区市町村
補助対象経費：システム改修等経費
負担割合　　：（補助対象額から国庫補助額を除いた額について、補助基準額の範囲内で）都10/10",1,区市町村,"332,500 ",福祉局生活福祉部医療助成課,03-5320-4571,
2026,13,福祉局,04,生活福祉,子供医療費助成等の自治体システム改修等事業,子供医療費助成等のオンライン資格確認のための自治体システム改修等事業補助金,"補助金の目的：子供の医療費助成制度等における情報連携基盤（PMH）への連携にあたり、区市町村のシステム改修等を支援することで都民の利便性向上を図る
補助対象者：区市町村
補助対象経費：システム改修等経費
負担割合：都1/2、区市町村1/2
※国実施事業への追加補助",1,区市町村,"115,000 ",福祉局生活福祉部医療助成課,03-5320-4282,
2026,13,福祉局,04,生活福祉,ひとり親家庭等医療費助成事業補助,ひとり親家庭等医療費助成事業補助（医療費）（市町村）,"補助金の目的：ひとり親家庭等に対し、医療費の一部を補助し、もってひとり親家庭等の保健の向上に寄与するとともに、ひとり親家庭等の福祉の増進を図る。
補助対象者　：市町村
補助対象経費：医療費
負担割合　　：都2/3、市町村1/3",1,区市町村,"957,823 ",福祉局生活福祉部医療助成課,03-5320-4282,https://www.fukushi.metro.tokyo.lg.jp/seikatsu/josei/maruoya.html
2026,13,福祉局,04,生活福祉,ひとり親家庭等医療費助成事業補助,ひとり親家庭等医療費助成事業補助（事務費）（市町村）,"補助金の目的：ひとり親家庭等に対し、医療費の一部を補助し、もってひとり親家庭等の保健の向上に寄与するとともに、ひとり親家庭等の福祉の増進を図る。
補助対象者　：市町村
補助対象経費：事務費
負担割合　　：都1/2、市町村1/2",1,区市町村,"71,446 ",福祉局生活福祉部医療助成課,03-5320-4282,https://www.fukushi.metro.tokyo.lg.jp/seikatsu/josei/maruoya.html
2026,13,福祉局,04,生活福祉,乳幼児医療費助成事業補助,乳幼児医療費助成事業補助（医療費）（市町村）,"補助金の目的：乳幼児を養育している者に対し、乳幼児に係る医療費の一部を助成することにより、乳幼児の保健の向上と健やかな育成を図り、もって子育ての支援に資することを目的とする。
補助対象者　：市町村
補助対象経費：医療費
負担割合　　：都1/2、市町村1/2",1,区市町村,"3,382,714 ",福祉局生活福祉部医療助成課,03-5320-4282,https://www.fukushi.metro.tokyo.lg.jp/seikatsu/josei/marunyu.html
2026,13,福祉局,04,生活福祉,乳幼児医療費助成事業補助,乳幼児医療費助成事業補助（事務費）（市町村）,"補助金の目的：乳幼児を養育している者に対し、乳幼児に係る医療費の一部を助成することにより、乳幼児の保健の向上と健やかな育成を図り、もって子育ての支援に資することを目的とする。
補助対象者　：市町村
補助対象経費：事務費
負担割合　　：都1/2、市町村1/2",1,区市町村,"347,458 ",福祉局生活福祉部医療助成課,03-5320-4282,https://www.fukushi.metro.tokyo.lg.jp/seikatsu/josei/marunyu.html
2026,13,福祉局,04,生活福祉,義務教育就学児医療費助成事業補助,義務教育就学児医療費助成事業補助（医療費）（市町村）,"補助金の目的：子育て推進の一環として、義務教育就学期にある児童の治療に要する医療費の一部を助成することにより、自己負担の軽減を図る。
補助対象者　：市町村
補助対象経費：医療費
負担割合　　：都1/2、市町村1/2",1,区市町村,"5,958,916 ",福祉局生活福祉部医療助成課,03-5320-4282,https://www.fukushi.metro.tokyo.lg.jp/seikatsu/josei/maruko.html
2026,13,福祉局,04,生活福祉,義務教育就学児医療費助成事業補助,義務教育就学児医療費助成事業補助（事務費）（市町村）,"補助金の目的：子育て推進の一環として、義務教育就学期にある児童の治療に要する医療費の一部を助成することにより、自己負担の軽減を図る。
補助対象者　：市町村
補助対象経費：事務費
負担割合　　：都1/2、市町村1/2",1,区市町村,"438,098 ",福祉局生活福祉部医療助成課,03-5320-4282,https://www.fukushi.metro.tokyo.lg.jp/seikatsu/josei/maruko.html
2026,13,福祉局,04,生活福祉,高校生等医療費助成事業補助,高校生等医療費助成事業補助（医療費）,"補助金の目的：子育て支援の充実のため、高校生等の医療費の一部を助成する。
補助対象者　：区市町村
補助対象経費：医療費
負担割合　　：都1/2、区1/2（令和5年度から7年度までは都10/10）",1,区市町村,"5,542,689 ",福祉局生活福祉部医療助成課,03-5320-4282,https://www.fukushi.metro.tokyo.lg.jp/seikatsu/josei/maruao.html
2026,13,福祉局,04,生活福祉,高校生等医療費助成事業補助,高校生等医療費助成事業補助（事務費）,"補助金の目的：子育て支援の充実のため、高校生等の医療費の一部を助成する。
補助対象者　：区市町村
補助対象経費：事務費
負担割合　　：都1/2、区1/2（令和5年度から7年度までは都10/10）",1,区市町村,"427,609 ",福祉局生活福祉部医療助成課,03-5320-4282,https://www.fukushi.metro.tokyo.lg.jp/seikatsu/josei/maruao.html
2026,13,福祉局,04,生活福祉,保護施設等整備費補助,保護施設等整備費都補助金,"補助金の目的：保護施設等の整備に要する費用について補助
補助対象者　：社会福祉法人が設置する保護施設等
補助対象経費：施設整備費及び特別な事由により東京都知事が必要と認めた附帯工事費
負担割合　　：国1/2、都1/4、事業者1/4",5,民間団体,"105,983 ",福祉局生活福祉部保護課,03-5320-4086,
2026,13,福祉局,02,高齢者,介護保険給付費負担金,介護保険給付費負担金（居宅サービス分）,"補助金の目的：介護給付費の都負担分
補助対象者　：区市町村
補助対象経費：介護給付費負担事業（区市町村が法の規定に基づいて行う介護給付及び予防給付に要する費用の支給事業。）を交付の対象とする。
負担割合　　：国25%、都12.5%　区12.5%　1号保険料23%　2号保険料27%",1,区市町村,"79,508,220 ",福祉局高齢者施策推進部介護保険課,03-5320-4598,
2026,13,福祉局,02,高齢者,介護保険給付費負担金,介護保険給付費負担金（施設サービス分）,"補助金の目的：介護給付費の都負担分
補助対象者　：区市町村
補助対象経費：介護給付費負担事業（区市町村が法の規定に基づいて行う介護給付及び予防給付に要する費用の支給事業。）を交付の対象とする。
負担割合　　：国20%、都17.5%　区12.5%　1号保険料23%　2号保険料27%",1,区市町村,"86,833,229 ",福祉局高齢者施策推進部介護保険課,03-5320-4598,
2026,13,福祉局,02,高齢者,地域支援事業交付金,地域支援事業交付金（介護予防・日常生活支援総合事業）,"補助金の目的：要支援・要介護状態になることを予防するとともに、要介護状態等になった場合においても、地域において自立した日常生活を営むことができるよう支援を行う。
補助対象者　：区市町村
補助対象経費：介護予防・日常生活支援総合事業費
負担割合　　：国25%、都12.5%　区市町村12.5%　1号保険料23%　2号保険料27%",1,区市町村,"4,343,655 ",福祉局高齢者施策推進部在宅支援課,03-5320-4271,
2026,13,福祉局,02,高齢者,地域支援事業交付金,地域支援事業交付金（包括的支援事業・任意事業）,"補助金の目的：要支援・要介護状態になることを予防するとともに、要介護状態等になった場合においても、地域において自立した日常生活を営むことができるよう支援を行う。
補助対象者　：区市町村
補助対象経費：包括的支援事業・任意事業費
負担割合　　：国38.5%　都19.25%　区市町村19.25%　1号保険料23%",1,区市町村,"4,501,627 ",福祉局高齢者施策推進部在宅支援課,03-5320-4271,
2026,13,福祉局,02,高齢者,第１号保険料の低所得者軽減強化,第１号保険料の低所得者軽減強化,"補助金の目的：介護保険制度を持続可能なものとするための低所得者の第１号保険料軽減
補助対象者　：区市町村
補助対象経費：保険料
負担割合　　：国1/2、都1/4、区市町村1/4",1,区市町村,"2,922,016 ",福祉局高齢者施策推進部介護保険課,03-5320-4594,
2026,13,福祉局,02,高齢者,低所得者特別対策事業,低所得者特別対策事業,"補助金の目的：生計困難者等に対する介護保険サービスに係る利用者負担の軽減
補助対象者　：区市町村
補助対象経費：区市町村が実施する利用者負担軽減事業に要する経費
負担割合　　：（国基準）国1/2、都1/4、区市町村1/4　（都基準）都1/2、区市町村1/2",1,区市町村,"116,054 ",福祉局高齢者施策推進部介護保険課,03-5000-7552,https://www.fukushi.metro.tokyo.lg.jp/kourei/hoken/kaigo_lib/jigyo/keigen.html
2026,13,福祉局,02,高齢者,離島等における介護保険支援事業,離島等サービス確保対策事業費補助金,"補助金の目的：町村が実施する離島等サービス確保対策事業の円滑な執行
補助対象者　：区市町村
補助対象経費：報酬、給料、職員手当等、共済費、賃金、報償費、旅費、需用費、役務費、委託料、負担金、補助金、備品購入費、使用料及び賃借料
負担割合　　：国1/2、都1/4、市町村1/4",1,区市町村,788 ,福祉局高齢者施策推進部介護保険課,03-5000-7553,
2026,13,福祉局,02,高齢者,高齢者保健福祉施策推進委員会の運営,介護給付適正化に係るブロック研修会参加に係る旅費,"補助金の目的：東京都国民健康保険団体連合会の職員が国等の主催する介護給付適正化に係るブロック研修会に参加すること
補助対象者　：東京都国民健康保険団体連合会
補助対象経費：旅費
負担割合　　：国10/10",5,民間団体,3 ,福祉局高齢者施策推進部介護保険課,03-5000-7553,
2026,13,福祉局,02,高齢者,国民健康保険団体連合会苦情処理体制の整備,東京都苦情処理業務支援事業補助金,"補助金の目的：苦情処理業務体制整備に要する経費について補助を行う
補助対象者　：東京都国民健康保険団体連合会
補助対象経費：苦情処理業務の体制整備に要する経費の一部
負担割合　　：都10/10",5,民間団体,"74,629 ",福祉局高齢者施策推進部介護保険課,03-5320-4293,
2026,13,福祉局,02,高齢者,介護支援専門員研修事業,介護支援専門員実務研修事業,"補助金の目的：介護支援専門員の養成
補助対象者　：指定研修実施機関
補助対象経費：研修事業費
負担割合　　：国2/3、都1/3　",3,政策連携団体,"30,130 ",福祉局高齢者施策推進部介護保険課,03-5320-4279,
2026,13,福祉局,02,高齢者,介護支援専門員研修事業,介護支援専門員更新研修事業,"補助金の目的：介護支援専門員の資質向上
補助対象者　：指定研修実施機関
補助対象経費：研修事業費
負担割合　　：国2/3、都1/3",3,政策連携団体,"56,577 ",福祉局高齢者施策推進部介護保険課,03-5320-4279,
2026,13,福祉局,02,高齢者,介護支援専門員研修事業,介護支援専門員現任研修事業,"補助金の目的：介護支援専門員の資質向上
補助対象者　：指定研修実施機関
補助対象経費：研修事業費
負担割合　　：国2/3、都1/3",5,民間団体,"40,761 ",福祉局高齢者施策推進部介護保険課,03-5320-4279,
2026,13,福祉局,02,高齢者,介護支援専門員研修事業,介護支援専門員再研修事業,"補助金の目的：介護支援専門員の養成
補助対象者　：指定研修実施機関
補助対象経費：研修事業費
負担割合　　：国2/3、都1/3",3,政策連携団体,"29,539 ",福祉局高齢者施策推進部介護保険課,03-5320-4279,
2026,13,福祉局,02,高齢者,介護支援専門員研修事業,介護支援専門員法定研修受講料補助事業,"補助金の目的：介護支援専門員の養成
補助対象者　：都内の介護サービス事業所
補助対象経費：研修受講料
負担割合　　：国2/3、都1/3",5,民間団体,"92,858 ",福祉局高齢者施策推進部介護保険課,03-5320-4279,https://www.fukushi.metro.tokyo.lg.jp/kourei/hoken/kaigo_lib/care/kensyuuzyukouryouhozyo
2026,13,福祉局,02,高齢者,居宅介護支援事業所経営改善等支援事業,居宅介護支援事業所事務職員雇用支援事業費補助金,"補助金の目的：介護支援専門員の業務効率化、処遇改善
補助対象者　：居宅介護事業所
補助対象経費：事務職員雇用軽費
負担割合　　：国2/3、都1/3",5,民間団体,"634,230 ",福祉局高齢者施策推進部介護保険課,03-5320-4279,
2026,13,福祉局,02,高齢者,居宅介護支援事業所経営改善等支援事業,居宅介護支援事業所経営改善等支援事業費補助金,"補助金の目的：介護支援専門員の業務効率化、処遇改善
補助対象者　：居宅介護事業所
補助対象経費：務職員の活用を図りながら実施する事業所の経営改善に資する取組に係る経費
負担割合　　：国2/3、都1/3",5,民間団体,"468,000 ",福祉局高齢者施策推進部介護保険課,03-5320-4279,
2026,13,福祉局,02,高齢者,介護支援専門員再就業等支援事業事業,介護支援専門員再就業等支援事業事業,"補助金の目的：現任ではない有資格者の再就業等を支援することで、都内における現任介護支援専門員の確保に繋げる。
補助対象者　：都のケアマネ名簿に登録され都内で勤務する現任ではない有資格者
補助対象経費：再就業/新規就業・定着奨励金
負担割合　　：都10/10",6,一般都民,"14,536 ",福祉局高齢者施策推進部介護保険課,03-5320-4279,
2026,13,福祉局,02,高齢者,介護支援専門員研修事業再就業等支援事業,中山間・島しょ地域所在介護事業所等への広報・採用活動経費補助金,"補助金の目的：現任ではない有資格者の再就業等を支援することで、都内における現任介護支援専門員の確保に繋げる。
補助対象者　：中山間・離島等地域に所在の介護事業所等
補助対象経費：採用活動
負担割合　　：国2/3、都1/3",5,民間団体,"1,000 ",福祉局高齢者施策推進部介護保険課,03-5320-4279,
2026,13,福祉局,02,高齢者,認知症介護研修事業,認知症介護指導者研修受講経費補助（認知症介護指導者養成研修・後方支援経費）,"補助金の目的：認知症のある人に対する介護サービスの充実
補助対象者　：研修受講者が所属する介護保険施設・事業者
補助対象経費：研修受講にあたり発生する新たな雇上費用
負担割合　　：都10/10",5,民間団体,"3,202 ",福祉局高齢者施策推進部在宅支援課,03-5320-4276,
2026,13,福祉局,02,高齢者,認知症介護研修事業,認知症介護指導者研修受講経費補助（認知症介護指導者フォローアップ研修・後方支援経費）,"補助金の目的：認知症のある人に対する介護サービスの充実
補助対象者　：研修受講者が所属する介護保険施設・事業者
補助対象経費：研修受講にあたり発生する新たな雇上費用
負担割合　　： 国2/3、都1/3",5,民間団体,59 ,福祉局高齢者施策推進部在宅支援課,03-5320-4276,
2026,13,福祉局,02,高齢者,認知症介護研究センターの運営,認知症介護研究・研修センター運営事業費補助,"補助金の目的：社会福祉法人が行う認知症介護研究・研修センターの運営
補助対象者　：社会福祉法人浴風会　認知症介護研究・研修東京センター
補助対象経費：認知症介護研究・研修センターが行う事業に要する経費
負担割合　　：国10/10",5,民間団体,"149,772 ",福祉局高齢者施策推進部在宅支援課,03-5320-4276,
2026,13,福祉局,02,高齢者,認知症とともに暮らす地域あんしん事業,認知症サポート検診事業,"補助金の目的：認知症検診の推進による早期診断・対応の促進
補助対象者　：区市町村
補助対象経費：認知症に係る普及啓発、認知症検診
負担割合　　：都10/10",1,区市町村,"437,248 ",福祉局高齢者施策推進部在宅支援課,03-5320-4304,
2026,13,福祉局,02,高齢者,認知症サポート医地域連携促進事業,「とうきょうオレンジドクター」連携支援事業,"補助金の目的：単身高齢者などが支援困難となる前に必要な医療・介護サービスにつながるよう、区市町村と「とうきょうオレンジドクター」との連携の促進を図る。
補助対象者　：区市町村
補助対象経費：事業実施に要する経費
負担割合　　：都10/10",1,区市町村,"11,757 ",福祉局高齢者施策推進部在宅支援課,03-5320-4304,
2026,13,福祉局,02,高齢者,認知症のある人の社会参加推進事業,認知症のある人の社会参加推進事業,"補助金の目的：多様な市民が話し合い、認知症のある人が地域の一員として自分の役割を持てるよう、認知症のある人の社会参加を推進する。
補助対象者　：区市町村
補助対象経費：事業実施に要する経費
負担割合　　：都10/10",1,区市町村,"106,584 ",福祉局高齢者施策推進部在宅支援課,03-5320-4276,
2026,13,福祉局,02,高齢者,認知症高齢者早期発見等支援ネットワーク事業（認知症地域支援ネットワーク事業）,認知症高齢者早期発見等支援ネットワーク事業（認知症地域支援ネットワーク事業）,"補助金の目的：GPSを活用した行方不明予防、早期発見の取組支援
補助対象者　：区市町村
補助対象経費：事業実施に要する経費
負担割合　　：都1/2",1,区市町村,"5,750 ",福祉局高齢者施策推進部在宅支援課,03-5320-4276,
2026,13,福祉局,02,高齢者,認知症高齢者早期発見等支援ネットワーク事業（GPSを活用した認知症高齢者等の早期発見のためのネットワーク事業）,認知症高齢者早期発見等支援ネットワーク事業（GPSを活用した認知症高齢者等の早期発見のためのネットワーク事業）,"補助金の目的：GPS機器等の活用、損害賠償責任保険の活用などの早期発見等のための仕組づくり、ネットワークの構築を支援
補助対象者　：区市町村
補助対象経費：事業実施に要する経費
負担割合　　：都10/10",1,区市町村,"22,168 ",福祉局高齢者施策推進部在宅支援課,03-5320-4276,
2026,13,福祉局,02,高齢者,認知症のある人への医療提供体制の強化,認知症のある人への医療提供体制の強化,"補助金の目的：認知症の医療提供体制を強化し、認知症のある方を身近な地域で受入れができる体制を構築を支援
補助対象者　：医療機関
補助対象経費：入院受入に対しての謝金
負担割合　　：都10/10",5,民間団体,"741,660 ",福祉局高齢者施策推進部在宅支援課,03-5320-4276,
2026,13,福祉局,02,高齢者,介護予防・フレイル予防支援強化事業,介護予防・フレイル予防推進員配置事業補助金,"補助金の目的：介護予防・フレイル予防推進員配置の促進
補助対象者　：区市町村
補助対象経費：事業実施に要する経費
負担割合　　：都10/10",1,区市町村,"277,695 ",福祉局高齢者施策推進部在宅支援課,03-5320-4271,
2026,13,福祉局,02,高齢者,オンライン介護予防サポート事業,オンライン介護予防サポート事業補助金,"補助金の目的：オンラインツール等を活用して活動するための環境を確保し、地域の高齢者とつながる体制を構築
補助対象者　：区市町村
補助対象経費：オンラインツールを活用した活動に要する経費
負担割合　　：①都10/10 ②都1/2",1,区市町村,"26,550 ",福祉局高齢者施策推進部在宅支援課,03-5320-4271,
2026,13,福祉局,02,高齢者,高齢者聞こえのコミュニケーション支援事業,高齢者聞こえのコミュニケーション支援事業,"補助金の目的：加齢性難聴の高齢者本人のコミュニケーションの機会確保に向けた取組を進め、介護予防につなげる
補助対象者　：区市町村
補助対象経費：補聴器支給に係る経費、加齢性難聴に係る普及啓発経費、加齢性難聴に係る聴覚健診経費
負担割合　　：（補聴器支給）都1/2、（普及啓発、聴覚健診）都10/10",1,区市町村,"613,751 ",福祉局高齢者施策推進部在宅支援課,03-5320-4271,
2026,13,福祉局,02,高齢者,介護予防・フレイル予防普及啓発強化事業,介護予防・フレイル予防普及啓発強化事業,"補助金の目的：フレイルに関する理解を促進し、介護予防・フレイル予防活動に取り組む機運を醸成
補助対象者　：区市町村
補助対象経費：チラシ作成、発送経費等
負担割合　　：都10/10",1,区市町村,"17,900 ",福祉局高齢者施策推進部在宅支援課,03-5320-4271,
2026,13,福祉局,02,高齢者,フレイルサポート医地域連携支援事業,フレイルサポート医地域連携支援事業（区市町村への支援）,"補助金の目的：地域と連携したフレイル診断や保健指導を行う医師と地域との連携を推進する取組を支援することで、区市町村における介護予防・フレイル予防の取組を推進する。
補助対象者　：区市町村
補助対象経費：事業実施に要する経費
負担割合　　：都10/10",1,区市町村,"3,183 ",福祉局高齢者施策推進部在宅支援課,03-5320-4271,
2026,13,福祉局,02,高齢者,フレイルサポート医地域連携支援事業,フレイルサポート医地域連携支援事業（地区医師会への支援）,"補助金の目的：介護予防・フレイル予防の取組を推進するため、フレイルサポート医と連携する区市町村の取組を支援するとともに、東京都医師会が行うフレイルサポート医の養成・認定や、地区医師会による介護予防・フレイル予防の体制整備等の取組を支援する。
補助対象者　：地区医師会
補助対象経費：地区医師会が行うフレイルサポート医を活用した取組の経費
負担割合　　：都10/10",5,民間団体,"60,000 ",福祉局高齢者施策推進部在宅支援課,03-5320-4271,
2026,13,福祉局,02,高齢者,フレイルサポート医地域連携支援事業,フレイルサポート医地域連携支援事業（東京都医師会への支援）,"補助金の目的：介護予防・フレイル予防の取組を推進するため、フレイルサポート医と連携する区市町村の取組を支援するとともに、東京都医師会が行うフレイルサポート医の養成・認定や、地区医師会による介護予防・フレイル予防の体制整備等の取組を支援する。
補助対象者　：都医師会
補助対象経費：東京都医師会が行うフレイルサポート医養成研修の経費
負担割合　　：都10/10",5,民間団体,"2,600 ",福祉局高齢者施策推進部在宅支援課,03-5320-4271,
2026,13,福祉局,02,高齢者,老人クラブ区市町村支援事業,区市町村老人クラブ助成事業補助金,"補助金の目的：老人クラブの円滑な運営
補助対象者　：区市町村
補助対象経費：区市町村が単位老人クラブの活動に対して行う助成について補助
負担割合　　：　国1/3、都1/3、区市町村1/3",1,区市町村,"83,636 ",福祉局高齢者施策推進部在宅支援課,03-5320-4275,
2026,13,福祉局,02,高齢者,老人クラブ区市町村支援事業,区市町村老人クラブ連合会助成事業補助金,"補助金の目的：区市町村老人クラブ連合会の円滑な運営
補助対象者　：区市町村
補助対象経費：区市町村が区市町村老人クラブ連合会の活動に対して行う助成について補助
負担割合　　：　国1/3、都1/3、区市町村1/3",1,区市町村,"21,191 ",福祉局高齢者施策推進部在宅支援課,03-5320-4275,
2026,13,福祉局,02,高齢者,老人クラブ支援事業,老人クラブ等活動推進員設置事業補助金,"補助金の目的：老人クラブ活動推進員を設置し、老人クラブ活動等の充実と発展を図る
補助対象者　：東京都老人クラブ連合会
補助対象経費：老人クラブ等活動推進員設置に係る経費
負担割合　　：　国1/2、都1/2",5,民間団体,"33,444 ",福祉局高齢者施策推進部在宅支援課,03-5320-4275,
2026,13,福祉局,02,高齢者,老人クラブ支援事業,老人クラブ友愛実践活動助成事業補助金,"補助金の目的：地域での友愛活動の支援
補助対象者　：東京都老人クラブ連合会
補助対象経費：老人クラブ友愛実践活動に係る経費
負担割合　　：　国1/2、都1/2",5,民間団体,"12,000 ",福祉局高齢者施策推進部在宅支援課,03-5320-4275,
2026,13,福祉局,02,高齢者,老人クラブ区市町村支援事業,区市町村老人クラブ連合会が行う健康づくり事業助成補助金,"補助金の目的：高齢者の自覚的な健康づくり、介護予防への取り組みと正しい知識の普及
補助対象者　：区市町村
補助対象経費：区市町村が区市町村老人クラブ連合会の活動に対して行う助成について補助
負担割合　　：　国1/3、都1/3、区市町村1/3",1,区市町村,"4,997 ",福祉局高齢者施策推進部在宅支援課,03-5320-4275,
2026,13,福祉局,02,高齢者,老人クラブ支援事業,老人クラブ健康教室事業補助金,"補助金の目的：高齢者の自覚的な健康づくり、介護予防への取り組みと正しい知識の普及
補助対象者　：東京都老人クラブ連合会
補助対象経費：老人クラブ健康づくり事業にかかかる経費
負担割合　　：　国1/2、都1/2",5,民間団体,"14,000 ",福祉局高齢者施策推進部在宅支援課,03-5320-4275,
2026,13,福祉局,02,高齢者,老人クラブ活動継続支援事業,老人クラブ活動継続支援事業補助金,"補助金の目的：老人クラブの活動継続を支援
補助対象者　：区市町村
補助対象経費：　区市町村が行う老人クラブの活動継続支援事業に係る経費
負担割合　　：　国1/3、都1/6、区市町村1/2",1,区市町村,"16,172 ",福祉局高齢者施策推進部在宅支援課,03-5320-4275,
2026,13,福祉局,02,高齢者,区市町村老人クラブ連合会等活動サポート事業,区市町村老人クラブ連合会等活動サポート事業補助金,"補助金の目的：老人クラブの活動継続を支援
補助対象者　：　東京都老人クラブ連合会
補助対象経費：　東老連内の活動サポートデスク（仮称）設置にかかる経費
負担割合　　：　国1/2、都1/2",5,民間団体,"31,914 ",福祉局高齢者施策推進部在宅支援課,03-5320-4275,
2026,13,福祉局,02,高齢者,シルバーパスの交付,東京都シルバーパス指定団体に係る補助金,"補助金の目的：高齢者の社会参加を助長し、もって高齢者福祉の向上を図る
補助対象者　：東京バス協会
補助対象経費：　運賃補償経費、指定団体事業経費
負担割合　　：　都10/10",5,民間団体,"26,863,626 ",福祉局高齢者施策推進部在宅支援課,03-5320-4275,
2026,13,福祉局,02,高齢者,多摩都市モノレールへのシルバーパス対象拡大に向けたシステム改修,多摩都市モノレールへのシルバーパス対象拡大に向けたシステム改修事業補助金,"補助金の目的：多摩都市モノレールへのシルバーパス対象拡大に向けたシステム改修
補助対象者　：　多摩都市モノレール株式会社
補助対象経費：　事業実施に要する経費
負担割合　　：　都10/10",5,民間団体,"546,000 ",福祉局高齢者施策推進部在宅支援課,03-5320-4275,
2026,13,福祉局,02,高齢者,避難者の孤立化防止事業,避難者の孤立化防止事業補助金,"補助金の目的：避難者の孤立化防止
補助対象者　：東京都社会福祉協議会
補助対象経費：避難者の支援、孤立化防止に資する事業の経費
負担割合　　：都10/10",5,民間団体,"64,634 ",福祉局高齢者施策推進部在宅支援課,03-5320-4271,
2026,13,福祉局,02,高齢者,訪問看護人材確保育成事業,訪問看護ステーションにおける認定訪問看護師資格取得支援事業,"補助金の目的：在宅療養生活における看護職員の資質向上や労働意欲の向上
補助対象者　：都内の訪問看護ステーション
補助対象経費：雇用している看護職員の認定看護師資格の取得及び特定行為研修の受講を支援するための経費
負担割合　　：国1/3、都1/6、事業者1/2",5,民間団体,"19,451 ",福祉局高齢者施策推進部在宅支援課,03-5000-7560,https://www.fukushi.metro.tokyo.lg.jp/kourei/hoken/houkan
2026,13,福祉局,02,高齢者,訪問看護ステーション代替職員確保支援事業,訪問看護ステーション代替職員（産休等）確保支援事業費補助金,"補助金の目的：訪問看護師の勤務環境の向上及び定着の推進
補助対象者　：産休等により代替職員を確保する都内訪問看護ステーション
補助対象経費：代替職員の給与費等
負担割合　　：国2/3、都1/3",5,民間団体,"38,656 ",福祉局高齢者施策推進部在宅支援課,03-5000-7560,https://www.fukushi.metro.tokyo.lg.jp/kourei/hoken/houkan
2026,13,福祉局,02,高齢者,新任訪問看護師育成支援事業,東京都新任訪問看護師育成支援事業費補助金,"補助金の目的：訪問看護未経験の看護職を雇用し、育成計画に基づいて育成する
補助対象者　：都内の訪問看護ステーション(※要綱に掲げる要件を満たすこと)
補助対象経費：事業者が新たに雇用した新任訪問看護師の育成に係る経費
負担割合　　：都1/2、事業者1/2　（一部 国1/3、都1/6、事業者1/2）",5,民間団体,"5,664 ",福祉局高齢者施策推進部在宅支援課,03-5000-7560,https://www.fukushi.metro.tokyo.lg.jp/kourei/hoken/houkan
2026,13,福祉局,02,高齢者,現任介護職員資格取得支援事業,現任介護職員資格取得支援事業費補助金,"補助金の目的：介護サービスを担う人材の育成及び質の高い介護サービスの安定した供給
補助対象者　：都内の介護サービス事業所
補助対象経費 ：①介護福祉士実務者研修及び実技試験免除に関わる介護技術講習並びに受験対策講座の受講等に係る経費②介護福祉士国家試験の受験料
負担割合　　：国1/3、都1/6、事業者1/2 ",3,政策連携団体,"19,781 ",福祉局高齢者施策推進部介護保険課,03-5320-4267,https://www.fukushizaidan.jp/103genninkaigo/
2026,13,福祉局,02,高齢者,訪問看護ステーション等事務職員雇用支援事業,訪問看護ステーション等事務職員雇用支援事業,"補助金の目的：看護職員の事務負担を軽減し、専門業務に注力できる環境の整備
補助対象者　：開設から1年以内に新たに事務職員を雇用する都内訪問看護ステーション及び看護小規模多機能型居宅介護
補助対象経費：事務職員の人件費等
負担割合　　：国2/3、都1/3",5,民間団体,"51,600 ",福祉局高齢者施策推進部在宅支援課,03-5000-7560,https://www.fukushi.metro.tokyo.lg.jp/kourei/hoken/houkan
2026,13,福祉局,02,高齢者,訪問看護ステーション協働育成支援事業,訪問看護ステーション協働育成支援事業,"補助金の目的：地域の複数の訪看ST 同士が協働して看護職員の育成等を行う
取組を支援
補助対象者　：訪問看護ステーション
補助対象経費：事業実施に要する経費
負担割合　　：国2/3、都1/3",5,民間団体,"5,745 ",福祉局高齢者施策推進部在宅支援課,03-5000-7560,https://www.fukushi.metro.tokyo.lg.jp/kourei/hoken/houkan（予定）
2026,13,福祉局,02,高齢者,介護人材確保対策の検討等,介護や介護の仕事の理解促進事業費補助金,"補助金の目的：介護や介護の仕事に対するイメージを向上させ、多様な人材の参入促進を図る
補助対象者　：介護イベントを主催し、介護業界の魅力向上に取り組む事業者
補助対象経費：イベント実施に要する経費（チラシ等に係る印刷製本費、広告掲載費、会場使用料）
負担割合　　： 国1/3、都1/6、事業者1/2 ",5,民間団体,"4,000 ",福祉局高齢者施策推進部介護保険課,03-5320-4267,
2026,13,福祉局,02,高齢者,地域を支える「訪問介護」応援事業（採用経費補助）,訪問介護採用経費支援事業補助金,"補助金の目的：採用経費等を支援することで訪問介護における人材確保定着を図る。
補助対象者：訪問介護、訪問入浴介護、夜間対応型訪問介護、定期巡回・随時対応型訪問介護看護
補助対象経費：ホームページの開設・改修に係る経費や広報宣材（リーフレット、チラシ等）の作成・印刷等の広報に要する経費
負担割合　　：国2/3、都1/3",5,民間団体,"902,700 ",福祉局高齢者施策推進部介護保険課,03-5000-7555,https://www.fukushi.metro.tokyo.lg.jp/kourei/hoken/chiiki
2026,13,福祉局,02,高齢者,地域を支える「訪問介護」応援事業,地域を支える「訪問介護」応援事業（中山間地域等・離島等地域における採用活動の支援）,"補助金の目的：採用経費等を支援することで訪問介護における人材確保定着を図る。
補助対象者　：訪問介護、訪問入浴介護、夜間対応型訪問介護、定期巡回・随時対応型訪問介護看護
補助対象経費：中山間地域等・離島等地域における採用活動経費
負担割合　　：国2/3、都1/3",5,民間団体,300 ,福祉局高齢者施策推進部介護保険課,03-5000-7555,
2026,13,福祉局,02,高齢者,地域を支える「訪問介護」応援事業,地域を支える「訪問介護」応援事業(経験年数が短いホームヘルパー等への同行支援）,"補助金の目的：採用経費等を支援することで訪問介護における人材確保定着を図る。
補助対象者　：訪問介護、訪問入浴介護、夜間対応型訪問介護、定期巡回・随時対応型訪問介護看護
補助対象経費：経験年数が短いホームヘルパー等への同行支援にかかる経費
負担割合　　：国2/3、都1/3",5,民間団体,"80,400 ",福祉局高齢者施策推進部介護保険課,03-5000-7555,
2026,13,福祉局,02,高齢者,地域を支える「訪問介護」応援事業,地域を支える「訪問介護」応援事業(経営改善の支援）,"補助金の目的：採用経費等を支援することで訪問介護における人材確保定着を図る。
補助対象者　：訪問介護、訪問入浴介護、夜間対応型訪問介護、定期巡回・随時対応型訪問介護看護
補助対象経費経営改善の支援にかかる経費
負担割合　　：国2/3、都1/3",5,民間団体,"134,000 ",福祉局高齢者施策推進部介護保険課,03-5000-7555,
2026,13,福祉局,02,高齢者,地域を支える「訪問介護」応援事業,地域を支える「訪問介護」応援事業(登録ヘルパー等の常勤化支援）,"補助金の目的：採用経費等を支援することで訪問介護における人材確保定着を図る。
補助対象者　：訪問介護、訪問入浴介護、夜間対応型訪問介護、定期巡回・随時対応型訪問介護看護
補助対象経費：登録ヘルパー等の常勤化支援にかかる経費
負担割合　　：国2/3、都1/3",5,民間団体,"100,500 ",福祉局高齢者施策推進部介護保険課,03-5000-7555,
2026,13,福祉局,02,高齢者,介護職員奨学金返済・育成支援事業,介護職員奨学金返済・育成支援事業費補助金,"補助金の目的：介護職員の人材育成等の環境整備を支援し 、職員の確保、育成、定着を図る
補助対象者　：都内の介護サービス事業所（介護保険法第７２条の２の規定による共生型サービスは除く。）
補助対象経費：奨学金返済手当等経費
負担割合　　：都10/10",5,民間団体,"136,611 ",福祉局高齢者施策推進部介護保険課,03-5320-4267,https://www.fukushizaidan.jp/117shougakukin/
2026,13,福祉局,02,高齢者,東京都介護職員宿舎借り上げ支援事業,東京都介護職員宿舎借り上げ支援事業,"補助金の目的：介護人材の確保定着及び地域の災害福祉拠点として災害時の迅速な対応を推進
補助対象者　：都内の介護サービス事業所
補助対象経費：介護職員の宿舎借り上げに係る経費（賃料、共益費（管理費）、礼金、更新料等）
負担割合　　：（福祉避難所、災害時協定締結事業所）都7/8、事業者1/8　（福祉避難所又は災害時協定締結事業所以外の事業所）都1/2、事業者1/2",5,民間団体,"2,637,246 ",福祉局高齢者施策推進部介護保険課,03-5320-4267,https://www.fukushizaidan.jp/304shukusha/
2026,13,福祉局,02,高齢者,介護現場改革促進事業,"介護現場改革促進事業
（次世代介護機器導入促進支援事業　次世代介護機器導入支援事業　補助率3/4）","補助金の目的：次世代介護機器の導入による、介護従事者の身体的負担の軽減や業務の効率化
補助対象者　：都内に所在する介護サービス事業者等
補助対象経費：機器の購入及びレンタルに係る費用等（移動支援、排泄支援、見守り・コミュニケーション、介護業務支援）
負担割合　　：国3/5、都3/20、事業者1/4 ",5,民間団体,"795,800 ",福祉局高齢者施策推進部介護保険課,03-5320-4267,https://www.fukushizaidan.jp/206genbakaikaku/jisedai/
2026,13,福祉局,02,高齢者,介護現場改革促進事業,介護現場改革促進事業（次世代介護機器導入促進支援事業　次世代介護機器導入支援事業　補助率3/4）,"補助金の目的：次世代介護機器の導入による、介護従事者の身体的負担の軽減や業務の効率化
補助対象者　：都内に所在する介護サービス事業者等
補助対象経費：機器の購入及びレンタルに係る費用等（移乗介護、入浴支援）
負担割合　　 ： 国3/5、都3/20、事業者1/4 ",5,民間団体,"795,800 ",福祉局高齢者施策推進部介護保険課,03-5320-4267,https://www.fukushizaidan.jp/206genbakaikaku/jisedai/
2026,13,福祉局,02,高齢者,介護現場改革促進事業,介護現場改革促進事業（次世代介護機器導入促進支援事業　次世代介護機器導入推進事業　補助率3/4）,"補助金の目的：次世代介護機器の導入による、介護従事者の身体的負担の軽減や業務の効率化
補助対象者　：都内に所在する介護サービス事業者等
補助対象経費：機器の購入及びレンタルに係る費用等（移動支援、排泄支援、見守り・コミュニケーション、介護業務支援）
負担割合　　： 国3/5、都3/20、事業者1/4",5,民間団体,"42,000 ",福祉局高齢者施策推進部介護保険課,03-5320-4267,https://www.fukushizaidan.jp/206genbakaikaku/jisedai/
2026,13,福祉局,02,高齢者,介護現場改革促進事業,介護現場改革促進事業（次世代介護機器導入促進支援事業　次世代介護機器導入推進事業　補助率7/8）,"補助金の目的：次世代介護機器の導入による、介護従事者の身体的負担の軽減や業務の効率化
補助対象者　：都内に所在する介護サービス事業者等
補助対象経費：機器の購入及びレンタルに係る費用等（移乗介護、入浴支援）
負担割合　　：国1/2、都1/4、事業者1/8",5,民間団体,"42,000 ",福祉局高齢者施策推進部介護保険課,03-5320-4267,https://www.fukushizaidan.jp/206genbakaikaku/jisedai/
2026,13,福祉局,02,高齢者,介護現場改革促進事業,介護現場改革促進事業（次世代介護機器導入促進支援事業　見守り支援機器及び通信環境の一体的整備事業）,"補助金の目的：次世代介護機器の導入による、介護従事者の身体的負担の軽減や業務の効率化
補助対象者　：都内に所在する特別養護老人ホーム等
補助対象経費：機器の購入及びレンタルに係る費用等
負担割合　　：国3/5、都3/20、事業者1/4 ",5,民間団体,"676,098 ",福祉局高齢者施策推進部介護保険課,03-5320-4267,https://www.fukushizaidan.jp/206genbakaikaku/jisedai/
2026,13,福祉局,02,高齢者,介護現場改革促進事業,介護現場改革促進事業（デジタル機器導入促進等　タブレット端末・ソフトウェア等の購入経費等）,"補助金の目的：デジタル機器の活用による介護業務の負担軽減
補助対象者　：都内において開設している介護事業所
補助対象経費：タブレット端末・ソフトウェア等の購入経費等
負担割合　　：国3/5、都3/20、事業者1/4 ",5,民間団体,"875,772 ",福祉局高齢者施策推進部介護保険課,03-5320-4267,https://www.fukushizaidan.jp/206genbakaikaku/digital/
2026,13,福祉局,02,高齢者,介護現場改革促進事業,介護現場改革促進事業（デジタル機器導入促進等　タブレット端末・ソフトウェア等の購入経費等・都単上乗せ）,"補助金の目的：デジタル機器の活用による介護業務の負担軽減
補助対象者　：都内において開設している介護事業所
補助対象経費：タブレット端末・ソフトウェア等の購入経費等（都上乗せ分）
負担割合　　：都3/4、事業者1/4 ",5,民間団体,"105,000 ",福祉局高齢者施策推進部介護保険課,03-5320-4267,https://www.fukushizaidan.jp/206genbakaikaku/digital/
2026,13,福祉局,02,高齢者,介護現場改革促進事業,介護現場改革促進事業（デジタル機器導入促進等　コンサルティング経費）,"補助金の目的：デジタル機器の活用による介護業務の負担軽減
補助対象者　：都内において開設している介護事業所
補助対象経費：コンサルティング経費
負担割合　　：国1/2、都1/4、事業者1/4 ",5,民間団体,"75,000 ",福祉局高齢者施策推進部介護保険課,03-5320-4267,https://www.fukushizaidan.jp/206genbakaikaku/digital/
2026,13,福祉局,02,高齢者,介護現場改革促進事業,介護現場改革促進事業（組織・人材マネジメント支援事業）,"補助金の目的：設備投資や人材育成等による介護サービスの効率的かつ継続的な提供
補助対象者　：公益財団法人東京都福祉保健財団
補助対象経費：各種セミナー等の運営に係る経費
負担割合　　：都10/10",5,民間団体,"164,774 ",福祉局高齢者施策推進部介護保険課,03-5320-4267,https://www.fukushizaidan.jp/206genbakaikaku/
2026,13,福祉局,02,高齢者,介護現場改革促進事業,介護現場改革促進事業（次世代介護機器導入促進支援事業　次世代介護機器導入推進事業　都単・機器上乗せ）,"補助金の目的：次世代介護機器の導入による、介護従事者の身体的負担の軽減や業務の効率化
補助対象者　：介護保険施設等
補助対象経費：機器の購入及びレンタルに係る費用等
負担割合　　：都10/10",5,民間団体,"26,016 ",福祉局高齢者施策推進部介護保険課,03-5320-4267,https://www.fukushizaidan.jp/206genbakaikaku/jisedai/
2026,13,福祉局,02,高齢者,介護事業者経営力強化等サポート事業,"介護事業者経営力強化等サポート事業
（人材育成促進）","補助金の目的：生産性向上に向けて、人材育成の仕組みづくりに取り組む介護事業所を支援
補助対象者　：都内の介護サービス事業所
補助対象経費：?コンサルティング経費　②研修受講及び資格取得経費　③代替職員経費
負担割合　　：都10/10",5,民間団体,"156,000 ",福祉局高齢者施策推進部介護保険課,03-5320-4267,
2026,13,福祉局,02,高齢者,介護事業者経営力強化等サポート事業,介護事業者経営力強化等サポート事業,"補助金の目的：複数事業所の相互委託によるサービス提供を、都独自に試行実施し、課題を検証
補助対象者　：都内の介護サービス事業所
補助対象経費：事業実施に要する経費
負担割合　　：都10/10",5,民間団体,"4,500 ",福祉局高齢者施策推進部介護保険課,03-5320-4267,
2026,13,福祉局,02,高齢者,介護職員等によるたんの吸引等のための研修事業,喀痰吸引等登録研修機関開設準備経費支援事業補助金,"補助金の目的：登録研修機関の開設の促進
補助対象者　：都の登録研修機関の登録を受けた民間事業者
補助対象経費：喀痰吸引等研修に必要な機械器具購入費
負担割合　　：国2/3、都1/3 ",5,民間団体,"10,425 ",福祉局高齢者施策推進部介護保険課,03-5320-4267,https://www.fukushi.metro.tokyo.lg.jp/kourei/hoken/tankyuuin.html
2026,13,福祉局,02,高齢者,東京都区市町村介護人材確保対策事業費補助金,東京都区市町村介護人材確保対策事業費補助金,"補助金の目的：地域社会を支える介護人材の確保・定着・育成
補助対象者　：区市町村
補助対象経費：事業の実施に要する経費から利用者負担額等を控除した額
負担割合　　：国1/2、都1/4、区市町村1/4",1,区市町村,"310,000 ",福祉局高齢者施策推進部介護保険課,03-5320-4267,
2026,13,福祉局,02,高齢者,人材活用に向けた介護事業所の協働促進事業,人材活用に向けた介護事業所の協働促進事業費補助金,"補助金の目的：人材活用に向けた介護事業所の試行的取組の検討
補助対象者　：介護事業所のネットワーク体
補助対象経費：プラットフォームの設置、人材の確保・定着のための共同の取組、人材の共同活用
負担割合　　：国2/3、都1/3 ",5,民間団体,"135,000 ",福祉局高齢者施策推進部介護保険課,03-5320-4267,
2026,13,福祉局,02,高齢者,外国人介護従事者受入れ環境整備事業,介護施設等による留学生受入れ支援事業,"補助金の目的：介護サービス事業所等における外国人留学生の受け入れ支援
補助対象者　：介護サービス事業所等
補助対象経費：学費、入学準備金、就職準備金、国家試験受験対策費用、居住費、入居に係る初期費用等
負担割合　　：国1/3、都1/6、事業者1/2",5,民間団体,"3,211 ",福祉局高齢者施策推進部介護保険課,03-5320-4267,https://www.fukushizaidan.jp/122gaikokujin/
2026,13,福祉局,02,高齢者,外国人介護従事者受入れ環境整備事業,介護施設等による外国人介護職員とのコミュニケーション促進支援事業,"補助金の目的：介護サービス事業所等における外国人職員との円滑なコミュニケーションを支援
補助対象者　：介護サービス事業所等
補助対象経費：報償費、旅費、需用費、委託料、使用料及び貸借料、備品購入費等
負担割合　　：国4/9、都2/9、事業者1/3",5,民間団体,"17,820 ",福祉局高齢者施策推進部介護保険課,03-5320-4267,https://www.fukushizaidan.jp/122gaikokujin/
2026,13,福祉局,02,高齢者,経済連携協定等に基づく外国人介護士受入れ支援,外国人介護士受入れ支援事業,"補助金の目的：EPAに基づく外国人介護福祉士候補者の受入れ施設等における研修実施を支援
補助対象者　：東京都内でEPAに基づく外国人介護福祉士候補者を雇用する社会福祉施設
補助対象経費：候補者の日本語学習、介護分野の専門知識の学習及び学習環境の整備に係る経費等
負担割合　　：国2/3、都1/3",5,民間団体,"214,729 ",福祉局高齢者施策推進部介護保険課,03-5320-4267,https://www.fukushizaidan.jp/122gaikokujin/e_hozyokin/
2026,13,福祉局,02,高齢者,外国人技能実習制度に基づく外国人介護実習生の受入支援事業,外国人技能実習制度に基づく外国人介護実習生の受入支援事業,"補助金の目的：都内の介護施設等で外国人技能実習生を受け入れる場合に、技能実習に必要な日本語教育及び技術の修得の実施を支援
補助対象者　：都内の高齢者福祉施設で介護職種の外国人技能実習生を受入れる実習実施者
補助対象経費：報償費、旅費、需用費、役務費、使用料、賃借料、委託料、補助金、備品購入費
負担割合　　：国1/3、都1/6、事業者1/2",5,民間団体,"2,711 ",福祉局高齢者施策推進部介護保険課,03-5320-4267,https://www.fukushizaidan.jp/122gaikokujin/g_hozyokin/
2026,13,福祉局,02,高齢者,特定技能制度に基づく外国人介護従事者の受入れ支援事業,特定技能制度に基づく外国人介護従事者の受入れ支援事業,"補助金の目的：「特定技能」の外国人が在留期間内に介護福祉士国家試験に合格し、引き続き就労ができるよう支援
補助対象者　：介護サービス事業所
補助対象経費：国家試験対策及び日本語学習に要する経費
負担割合：国1/3、都1/6、事業者1/2",5,民間団体,"100,500 ",福祉局高齢者施策推進部介護保険課,03-5320-4267,
2026,13,福祉局,02,高齢者,外国人介護従事者活躍支援事業,外国人介護従事者 受入れに係る受入れ調整機関活用経費補助金 ,"補助金の目的：介護サービス事業所等における外国人介護従事者の受け入れ支援
補助対象者　：介護サービス事業所
補助対象経費：受入調整機関を活用した際の人材紹介料
負担割合：（魅力情報サイト登録事業者）都2/3、事業者1/3、（その他）都1/2、事業者1/2",5,民間団体,"177,000 ",福祉局高齢者施策推進部介護保険課,03-5320-4267,
2026,13,福祉局,02,高齢者,介護現場におけるカスタマーハラスメント対策強化事業,介護現場におけるカスタマーハラスメント対策強化事業,"補助金の目的：訪問系介護事業所に対するカスハラ対策支援
補助対象者　：訪問系介護事業所
補助対象経費：ヘルパー補助者に支払う謝金、ヘルパー補助者への研修実施に要する経費、セキュリティ確保に必要な防犯機器の初期費用
負担割合　　：（ヘルパー補助者に支払う謝金・ヘルパー補助者への研修実施に要する経費） 国1/2、都1/4、事業所1/4、（セキュリティ確保に必要な防犯機器の初期費用）国1/3、都1/6、事業所1/2",5,民間団体,"52,506 ",福祉局高齢者施策推進部介護保険課,03-5320-4267,
2026,13,福祉局,02,高齢者,かいごチャレンジ職場体験事業,介護の仕事就業促進事業資格取得支援費補助金,"補助金の目的：介護職員の質の向上
補助対象者　：都内の介護サービス事業所
補助対象経費：介護職員初任者研修受講料
負担割合　　：国2/3 都1/3",5,民間団体,"1,535 ",福祉局高齢者施策推進部介護保険課,03-5320-4267,
2026,13,福祉局,02,高齢者,かいごチャレンジ職場体験事業,スポットワーク等トライアル利用料支援,"補助金の目的：介護職員の質の向上
補助対象者　：都内の介護サービス事業所
補助対象経費：スポットワーク等のトライアル利用料
負担割合　　：国2/3 都1/3",5,民間団体,"10,000 ",福祉局高齢者施策推進部介護保険課,03-5320-4267,
2026,13,福祉局,02,高齢者,介護現場のDX・タスクシェア促進事業,高齢者施設における分身ロボット等活用支援事業,"補助金の目的：分身ロボットを活用した介護業務のタスクシェアを行う
補助対象者　：介護保険施設等
補助対象経費：分身ロボット導入に係る経費、高齢者の活用体制構築に要する経費
負担割合　　：都3/4",5,民間団体,"18,225 ",福祉局高齢者施策推進部施設支援課,03-5320-4264,https://www.fukushi.metro.tokyo.lg.jp/kourei/shisetu/bunshinrobot
2026,13,福祉局,02,高齢者,介護DX推進人材育成支援事業,介護DX推進人材育成支援事業,"補助金の目的：DX化を推進するためのリーダーとなる人材の育成を支援し、生産性向上を実現
補助対象者　：介護保険施設等
補助対象経費：リーダー職に対する手当、IT資格等の取得にかかる経費等
負担割合　　：都10/10",5,民間団体,"258,000 ",福祉局高齢者施策推進部介護保険課,03-5320-4267,
2026,13,福祉局,02,高齢者,介護職員・介護支援専門員居住支援特別手当事業,介護職員・介護支援専門員居住支援特別手当事業,"補助金の目的：介護職員及び介護支援専門員の離職防止、今後の介護ニーズの増加に応じた人材の確保定着
補助対象者　：介護職員及び介護支援専門員に居住支援特別手当を支給する事業者
補助対象経費：居住支援特別手当
負担割合　　：都10/10",5,民間団体,"27,542,128 ",福祉局高齢者施策推進部介護保険課,03-5320-4267,
2026,13,福祉局,02,高齢者,地域におけるケアプランデータ連携システム活用促進事業,地域におけるケアプランデータ連携システム活用促進事業,"補助金の目的：ケアプランデータ連携システム」の導入促進
補助対象者　：区市町村
補助対象経費：　・利用料補助経費、導入促進の取組に係る経費
負担割合　　：国9/10　都1/10",1,区市町村,"466,600 ",福祉局高齢者施策推進部介護保険課,03-5320-4267,
2026,13,福祉局,02,高齢者,訪問介護事業所におけるＥＶ車・ＥＶバイク導入支援事業,訪問介護事業所におけるＥＶ車・ＥＶバイク導入支援事業,"補助金の目的：訪問介護事業所に対するＥＶ車・ＥＶバイクの導入支援
補助対象者　：訪問介護事業所
補助対象経費：ＥＶ車・ＥＶバイクの導入経費
負担割合　　：都1/2、事業者1/2",5,民間団体,"27,085 ",福祉局高齢者施策推進部介護保険課,03-5320-4267,
2026,13,福祉局,02,高齢者,介護・障害福祉サービス等事業所における育業・介護休業等両立支援事業,介護・障害福祉サービス等事業所における育業・介護休業等両立支援事業（高齢分野）,"補助金の目的：介護サービス事業所の職員が育業・介護休業等を取得した際、代替職員の雇用や手当支給など、安心して働き続けられる職場環境づくりに取り組む事業者を支援する。
補助対象者　：介護サービス事業所
補助対象経費：代替職員の雇用経費、業務代替手当の支給等
代替職員の雇用または業務代替手当の支給、代替職員の雇用にかかった求人広告費、働きやすい職場環境づくりに要する経費
",5,民間団体,"78,421 ",福祉局企画部企画政策課,03-5388-3904,
2026,13,福祉局,02,高齢者,介護情報基盤活用促進事業,介護情報基盤活用促進事業,"補助金の目的：介護情報基盤活用の加速化及び介護認定期間の短縮化
補助対象者　：区市町村
補助対象経費：事業実施に要する経費
負担割合　　：都10/10",1,区市町村,"450,000 ",福祉局高齢者施策推進部介護保険課,03-5000-7703,
2026,13,福祉局,02,高齢者,暮らしの場における看取り支援事業,看取り期まで対応する小規模な地域の住まい支援事業（区市町村）,"補助金の目的：住み慣れた暮らしの場における看取りの推進
補助対象者　：区市町村
補助対象経費：補助対象住まいの円滑な整備・開設に必要な、開設前6月に係る費用
負担割合　　：都10/10",1,区市町村,"10,000 ",福祉局高齢者施策推進部施設支援課,03-5320-4296,https://www.fukushi.metro.tokyo.lg.jp/kourei/shisetu/mitori/syoukibo.html
2026,13,福祉局,02,高齢者,暮らしの場における看取り支援事業,看取り期まで対応する小規模な地域の住まい支援事業（民間団体）,"補助金の目的：住み慣れた暮らしの場における看取りの推進
補助対象者　：看取りを実施する小規模な有料老人ホーム及びサービス付き高齢者向け住宅
補助対象経費：質の高い看取りに取り組む補助対象住まいが、継続的に必要な体制整備費用
負担割合　　：都10/10",5,民間団体,"5,760 ",福祉局高齢者施策推進部施設支援課,03-5320-4296,https://www.fukushi.metro.tokyo.lg.jp/kourei/shisetu/mitori/syoukibo.html
2026,13,福祉局,02,高齢者,要介護度等の維持改善に向けた介護事業者の取組促進,自立支援に向けた事業者の取組支援事業費補助金,"補助金の目的：自立支援に向けた事業者の先進的な取組への支援及びその成果の都へのフィードバックにより、高齢者等の自立支援・重度化防止の取組を促進する。
補助対象者　：高齢者の自立支援に関して先進的な取組を行う事業者
補助対象経費：事業実施に要する経費
負担割合　　：都10/10",5,民間団体,"120,000 ",福祉局高齢者施策推進部介護保険課,03-5000-7552,
2026,13,福祉局,02,高齢者,人生100年時代セカンドライフ応援事業,人生１００年時代セカンドライフ応援事業補助金,"補助金の目的：高齢者の生きがいづくりや自己実現の機会を提供する区市町村を支援
補助対象者　：区市町村
補助対象経費：生きがい活動等の促進や地域サロンの設置・運営に係る経費
負担割合　　：都2/3、区市町村1/3",1,区市町村,"382,000 ",福祉局高齢者施策推進部在宅支援課,03-5320-4275,
2026,13,福祉局,02,高齢者,人生100年時代社会参加マッチング事業,人生100年時代社会参加マッチング事業補助金,"補助金の目的：シニア・プレシニアの継続的な社会参加を促進するため、区市町村の取組を支援
補助対象者　：区市町村
補助対象経費：　社会参加の掘り起こし等を行うコーディネーターの人件費等
負担割合　　：　都10/10",1,区市町村,"36,225 ",福祉局高齢者施策推進部在宅支援課,03-5320-4275,
2026,13,福祉局,02,高齢者,TOKYO長寿ふれあい食堂推進事業,TOKYO長寿ふれあい食堂推進事業,"補助金の目的：高齢者を対象とした会食活動の支援事業を実施する区市町村を支援
補助対象者　：区市町村
補助対象経費：会食事業、健康増進等の講座、多世代交流等の取組にかかる経費、会食事業の立ち上げ経費
負担割合　　：（立ち上げ経費）都10/10、（左記以外）都1/2",1,区市町村,"16,711 ",福祉局高齢者施策推進部在宅支援課,03-5320-4271,
2026,13,福祉局,02,高齢者,高齢者の地域見守り拠点等整備促進事業,高齢者の地域見守り拠点等整備促進事業,"補助金の目的：区市町村が行う高齢者への直接的なアウトリーチや、地域の組織・住民と連携した高齢者を見守る地域づくりの支援を強化
補助対象者　：区市町村
補助対象経費：見守り相談拠点・相談員配置経費、初度調弁経費
負担割合　　：（初度調弁経費）都10/10、（見守り相談拠点・相談員配置経費）都2/3",1,区市町村,"1,849,070 ",福祉局高齢者施策推進部在宅支援課,03-5320-4271,
2026,13,福祉局,02,高齢者,施設開設準備等支援事業,開設準備経費等支援事業補助金（民間団体）,"補助金の目的：開設時から安定した、質の高いサービスを提供するための体制整備を支援
補助対象者　：区市町村、介護施設等
補助対象経費：開設準備事務経費、普及啓発経費及び職員の募集・雇上げに要する経費等
負担割合　　：国2/3 都1/3",5,民間団体,"961,072 ",福祉局高齢者施策推進部施設支援課,03-5320-4225,https://www.fukushi.metro.tokyo.lg.jp/kourei/kikin/kaisetujyunbi.html
2026,13,福祉局,02,高齢者,施設開設準備等支援事業,開設準備経費等支援事業補助金,"補助金の目的：開設時から安定した、質の高いサービスを提供するための体制整備を支援
補助対象者　：区市町村、介護施設等
補助対象経費：デジタル介護機器、次世代介護機器、介護の周辺業務機器を導入経費
負担割合　　：都3/4",5,民間団体,"61,050 ",福祉局高齢者施策推進部施設支援課,03-5320-4225,https://www.fukushi.metro.tokyo.lg.jp/kourei/kikin/kaisetujyunbi
2026,13,福祉局,02,高齢者,施設開設準備等支援事業,開設準備経費等支援事業補助金（区市町村）,"補助金の目的：開設時から安定した、質の高いサービスを提供するための体制整備を支援
補助対象者　：区市町村、介護施設等
補助対象経費：開設準備事務経費、普及啓発経費及び職員の募集・雇上げに要する経費等
負担割合　　：国2/3 都1/3",1,区市町村,"398,676 ",福祉局高齢者施策推進部施設支援課,03-5320-4225,https://www.fukushi.metro.tokyo.lg.jp/kourei/kikin/kaisetujyunbi.html
2026,13,福祉局,02,高齢者,定期借地権の一時金に対する補助（高齢者施策推進部）,定期借地権利用による整備促進特別対策事業補助金（広域型）,"補助金の目的：老人福祉施設等の整備の促進
補助対象者　：老人福祉施設等を都内に設置する民間事業者
補助対象経費：用地確保のための定期借地権設定に際して土地所有者に支払われた一時金（賃料の前払いとして授受されたものに限る。）
負担割合　　：国2/3、都1/3　又は　都10/10",5,民間団体,"453,816 ",福祉局高齢者施策推進部施設支援課,03-5320-4265,https://www.fukushi.metro.tokyo.lg.jp/kourei/kikin/teishaku.html
2026,13,福祉局,02,高齢者,定期借地権の一時金に対する補助（高齢者施策推進部）,定期借地権利用による整備促進特別対策事業補助金（地域密着型等）,"補助金の目的：老人福祉施設等の整備の促進
補助対象者　：区市町村
補助対象経費：用地確保のための定期借地権設定に際して土地所有者に支払われた一時金（賃料の前払いとして授受されたものに限る。）
負担割合　　：国1/3、都1/6、区市町村1/2",1,区市町村,"130,540 ",福祉局高齢者施策推進部施設支援課,03-5320-4265,https://www.fukushi.metro.tokyo.lg.jp/kourei/kikin/teishaku.html
2026,13,福祉局,02,高齢者,介護施設内保育施設運営支援事業,介護施設内保育施設運営支援事業補助金,"補助金の目的：介護従事者等の離職防止及び再就業の促進
補助対象者　：介護施設等
補助対象経費：保育士等の人件費（給料、賃金、諸手当）及び委託料（人件費相当分のみ）
負担割合　　：国4/9  都2/9、事業者1/3",5,民間団体,"4,405 ",福祉局高齢者施策推進部施設支援課,03-5320-4225,https://www.fukushi.metro.tokyo.lg.jp/kourei/shisetu/kaigojinzai/shisetsunaihoiku.html
2026,13,福祉局,02,高齢者,借地を活用した特別養護老人ホーム等設置支援事業,借地を活用した特別養護老人ホーム等設置支援事業,"補助金の目的：老人福祉施設等の整備の促進
補助対象者　：老人福祉施設等を都内に設置する民間事業者
補助対象経費：国有地等を借り受けて老人福祉施設等を新たに整備する場合に要する土地の賃料
負担割合　　：都1/2、事業者1/2",5,民間団体,"148,343 ",福祉局高齢者施策推進部施設支援課,03-5320-4265,https://www.fukushi.metro.tokyo.lg.jp/kourei/shisetu/shakuchishien.html
2026,13,福祉局,02,高齢者,高齢者施策推進区市町村包括補助事業,高齢者施策推進区市町村包括補助事業補助金,"補助金の目的：地域の実情に応じた、高齢者に対する福祉サービスの充実
補助対象者　：区市町村
補助対象経費：対象事業実施に必要な経費
負担割合　　：先駆的事業：都10/10　選択事業：都1/2、区市町村1/2　　一般事業：事業ごとに設定したポイントによる",1,区市町村,"5,880,000 ",福祉局高齢者施策推進部在宅支援課,03-5320-4271,
2026,13,福祉局,02,高齢者,介護老人保健施設等建設資金利子補給,東京都介護老人保健施設等整備資金利子補給事業補助金,"補助金の目的：介護老人保健施設等の整備の促進
補助対象者　：公益財団法人東京都福祉保健財団
補助対象経費：福祉医療機構からの借入金に係る償還利子（新築または増改築）
負担割合　　：都10/10",5,民間団体,"170,579 ",福祉局高齢者施策推進部施設支援課,03-5320-4266,
2026,13,福祉局,02,高齢者,介護保険施設等の整備に係る土地・建物確保支援事業,介護保険施設等の整備に係る土地・建物確保支援事業補助金,"補助金の目的：特別養護老人ホーム等の整備の促進
補助対象者　：区市町村
補助対象経費：賃金、旅費、謝金、会議費、印刷製本費、備品購入費、委託料、その他必要な経費
負担割合　　：国4/9、都2/9、区市町村1/3",1,区市町村,"4,620 ",福祉局高齢者施策推進部施設支援課,03-5320-4265,
2026,13,福祉局,02,高齢者,軽費老人ホーム運営費補助,軽費老人ホーム運営費補助,"補助金の目的：軽費老人ホームの利用者負担軽減
補助対象者　：軽費老人ホーム（A型）
補助対象経費：軽費老人ホームの運営費
負担割合　　：都10/10",5,民間団体,"600,482 ",福祉局高齢者施策推進部施設支援課,03-5320-4264,https://www.fukushi.metro.tokyo.lg.jp/kourei/shisetu/keihi/keihiab/uneihojyo.html
2026,13,福祉局,02,高齢者,ケアハウス運営費補助,ケアハウス運営費補助（民間）,"補助金の目的：軽費老人ホームの利用者負担軽減
補助対象者　：軽費老人ホーム（ケアハウス）
補助対象経費：軽費老人ホームの運営費
負担割合　　：都10/10",5,民間団体,"776,558 ",福祉局高齢者施策推進部施設支援課,03-5320-4264,https://www.fukushi.metro.tokyo.lg.jp/kourei/shisetu/keihi/keihi/servicehojyo.html
2026,13,福祉局,02,高齢者,ケアハウス運営費補助,都市型軽費老人ホームのサービスの提供に要する費用補助金,"補助金の目的：都市型軽費老人ホームの利用者負担軽減
補助対象者　：都市型軽費老人ホーム
補助対象経費：都市型軽費老人ホームの運営費
負担割合　　：都10/10",5,民間団体,"2,942,552 ",福祉局高齢者施策推進部施設支援課,03-5320-4321,https://www.fukushi.metro.tokyo.lg.jp/kourei/shisetu/keihidaitoshi/hiyouhojo.html
2026,13,福祉局,02,高齢者,特別養護老人ホーム経営支援事業,特別養護老人ホーム経営支援事業,"補助金の目的：特別養護老人ホームの介護保険制度への円滑な移行
補助対象者　：民設民営の特別養護老人ホーム
補助対象経費：施設の運営費、施設整備費等
負担割合　　：都10/10",5,民間団体,"3,421,571 ",福祉局高齢者施策推進部施設支援課,03-5320-4264,https://www.fukushi.metro.tokyo.lg.jp/kourei/shisetu/tokuyou/tokuyoukeieisien/index.html
2026,13,福祉局,02,高齢者,特別養護老人ホームにおける医療的ケア対応促進事業,特別養護老人ホームにおける医療的ケア対応促進事業,"補助金の目的：特別養護老人ホームの医療的ケアへの対応促進
補助対象者　：民設民営の特別養護老人ホーム
補助対象経費：受入れにかかる医療対応体制整備、新規受入れ,看護職員及び介護職員のスキル向上
負担割合　　：都10/10、1/2",5,民間団体,"969,473 ",福祉局高齢者施策推進部施設支援課,03-5320-4264,
2026,13,福祉局,02,高齢者,民間社会福祉施設サービス推進費補助（老人福祉施設）,民間社会福祉施設サービス推進費補助（老人福祉施設）,"補助金の目的：社会福祉施設利用者の福祉の向上
補助対象者　：養護老人ホーム、軽費老人ホームA型
補助対象経費：施設の運営費、施設整備費等
負担割合　　：都10/10",5,民間団体,"1,323,937 ",福祉局高齢者施策推進部施設支援課,03-5320-4264,https://www.fukushi.metro.tokyo.lg.jp/kourei/shisetu/service/index.html
2026,13,福祉局,02,高齢者,養護老人ホームの助成,老人ホーム建物維持管理経費補助金,"補助金の目的：利用者に対する質の高いサービスの提供及び良好な施設・設備の維持管理
補助対象者　：都所有の老人ホームを運営する社会福祉法人
補助対象経費：建物維持管理費
負担割合　　：都10/10",5,民間団体,"111,312 ",福祉局高齢者施策推進部施設支援課,03-5320-4582,
2026,13,福祉局,02,高齢者,健康長寿医療センターへの支援,①地方独立行政法人東京都健康長寿医療センター運営費負担金、②地方独立行政法人東京都健康長寿医療センター運営費交付金,"補助金の目的：健康長寿医療センターの安定的かつ自立的な財政運営のための支援
補助対象者　：地方独立行政法人東京都健康長寿医療センター
補助対象経費：①病院事業経費　 ②研究事業に係る収支差額
負担割合　　：都10/10",7,その他団体,"4,354,513 ",福祉局高齢者施策推進部施設支援課,03-5320-4586,
2026,13,福祉局,02,高齢者,共生社会の実現を支える認知症研究事業,地方独立行政法人東京都健康長寿医療センター運営費交付金（共生社会の実現を支える認知症研究事業）,"補助金の目的：共生社会の実現を支えるための研究の推進
補助対象者　：地方独立行政法人東京都健康長寿医療センター
補助対象経費：共生社会の実現を支える認知症研究事業に要する経費
負担割合　　：都10/10",7,その他団体,"339,700 ",福祉局高齢者施策推進部施設支援課,03-5320-4586,
2026,13,福祉局,02,高齢者,アプリを活用した高齢者の健康づくり推進事業,地方独立行政法人東京都健康長寿医療センター運営費交付金（アプリを活用した高齢者の健康づくり推進事業）,"補助金の目的：アプリを活用し、高齢者の行動変容を促し、健康増進を図る
補助対象者　：地方独立行政法人東京都健康長寿医療センター
補助対象経費：スマートウォッチと連携した区市町村事業の効果検証等に要する経費
負担割合　　：都10/10",7,その他団体,"179,525 ",福祉局高齢者施策推進部施設支援課,03-5320-4586,
2026,13,福祉局,02,高齢者,特別養護老人ホーム整備費補助,特別養護老人ホーム整備費補助,"補助金の目的：特別養護老人ホームの整備の促進
補助対象者　：区市町村、社会福祉法人等
補助対象経費：特別養護老人ホームの整備に必要な施設整備費
負担割合　　：都10/10　（基金分は国2/3、都1/3）",5,民間団体,"8,955,754 ",福祉局高齢者施策推進部施設支援課,03-5320-4265,https://www.fukushi.metro.tokyo.lg.jp/kourei/shisetu/tokuyou/index.html
2026,13,福祉局,02,高齢者,認知症高齢者グループホーム整備促進事業,認知症高齢者グループホーム整備促進事業補助金,"補助金の目的：認知症高齢者グループホームの整備の促進
補助対象者　：区市町村
補助対象経費：工事費又は工事請負費、工事事務費
負担割合　　：都10/10　（基金分は国2/3、都1/3、既存施設の改修は都1/4、区市町村1/4、区市町村支援事業は都1/2、区市町村1/2）",1,区市町村,"2,466,632 ",福祉局高齢者施策推進部施設支援課,03-5320-4252,https://www.fukushi.metro.tokyo.lg.jp/kourei/shisetu/guruho/index.html
2026,13,福祉局,02,高齢者,ケアハウス整備費補助,ケアハウス整備費補助,"補助金の目的：ケアハウスの整備の促進
補助対象者　：区市町村、社会福祉法人等
補助対象経費：ケアハウスの整備に必要な施設整備費
負担割合　　：都10/10",5,民間団体,"333,070 ",福祉局高齢者施策推進部施設支援課,03-5320-4265,https://www.fukushi.metro.tokyo.lg.jp/kourei/shisetu/tokuyou/index.html
2026,13,福祉局,02,高齢者,介護老人保健施設の整備,東京都介護老人保健施設施設整備費補助金,"補助金の目的：介護老人保健施設の整備の促進
補助対象者　：介護老人保健施設施設整備事業者
補助対象経費：介護老人保健施設を整備する事業に要する経費の一部
負担割合　　：都10/10（基金分は国2/3、都1/3）",5,民間団体,"1,323,589 ",福祉局高齢者施策推進部施設支援課,03-5320-4266,https://www.fukushi.metro.tokyo.lg.jp/kourei/shisetu/rouken/roukenkyogi.html
2026,13,福祉局,02,高齢者,介護専用型有料老人ホーム設置促進,介護専用型有料老人ホーム施設整備費補助,"補助金の目的：介護専用型有料老人ホームの整備促進
補助対象者　：運営事業者、又は運営事業者への貸付を目的に整備する土地所有者
補助対象経費：工事費又は工事請負費及び工事事務費
負担割合　　：都10/10
※八王子市を除く都内区域、施設定員は30人以上",5,民間団体,"2,000 ",福祉局高齢者施策推進部施設支援課,03-5320-4296,https://www.fukushi.metro.tokyo.lg.jp/kourei/shisetu/yuuryou/kankeisiryo/index.html
2026,13,福祉局,02,高齢者,サービス付き高齢者向け住宅整備事業（医療・介護連携強化加算）,東京都サービス付き高齢者向け住宅整備事業補助金（医療・介護連携強化加算）,"補助金の目的：高齢者の住まいの確保
補助対象者　：サービス付き高齢者向け住宅事業者（建築主）
補助対象経費：施設・設備・併設事業所等設置経費
負担割合　　：都10/10",5,民間団体,"32,000 ",福祉局高齢者施策推進部在宅支援課,03-5320-4273,https://www.fukushi.metro.tokyo.lg.jp/kourei/jiritsu_shien/renkeikyoukakasan.html
2026,13,福祉局,02,高齢者,都市型軽費老人ホーム整備費補助事業,都市型軽費老人ホーム整備事業補助金,"補助金の目的：都市型軽費老人ホームの整備促進
補助対象者　：特別区、武蔵野市、三鷹市
補助対象経費：都市型軽費老人ホームの整備費
負担割合　　：都10/10（基金分は国2/3、都1/3）",1,区市町村,"282,286 ",福祉局高齢者施策推進部施設支援課,03-5320-4321,https://www.fukushi.metro.tokyo.lg.jp/kourei/shisetu/keihidaitoshi/toshigatahojojigyou.html
2026,13,福祉局,02,高齢者,地域密着型サービス等整備推進事業,地域密着型サービス等整備推進事業,"補助金の目的：地域における多様なサービス基盤の確保
補助対象者　：区市町村
補助対象経費：工事費又は工事請負費、工事事務費
負担割合　　：（基本単価分）国2/3、都1/3　（加算単価分）都3/4、区市町村1/4　（区市町村所有地活用モデル加算）都10/10、（既存施設の改修）都1/４．区市町村1/4、（DXコンサル経費）都10/10",1,区市町村,"1,176,795 ",福祉局高齢者施策推進部施設支援課,03-5320-4252,https://www.fukushi.metro.tokyo.lg.jp/kourei/shisetu/guruho/index.html
2026,13,福祉局,02,高齢者,区市町村所有地の活用による介護基盤の整備促進事業,区市町村所有地の活用による介護基盤の整備促進事業補助金,"補助金の目的：特別養護老人ホーム、介護老人保健施設又は介護医療院の整備促進
補助対象者　：区市町村
補助対象経費：区市町村所有地に整備する施設への整備費補助金
負担割合　　：都1/2、区市町村1/2",1,区市町村,"158,000 ",福祉局高齢者施策推進部施設支援課,03-5320-4321,
2026,13,福祉局,02,高齢者,介護医療院整備費補助,介護医療院整備費補助,"補助金の目的：介護医療院の整備の促進
補助対象者　：介護医療院整備事業者
補助対象経費：介護医療院を整備する事業に要する経費の一部
負担割合　　：都10/10（基金分は国2/3、都1/3）",5,民間団体,"1,310,591 ",福祉局高齢者施策推進部施設支援課,03-5320-4266,
2026,13,福祉局,02,高齢者,高齢者施設等の防災・減災対策推進事業,高齢者施設等防災・減災対策推進事業補助金（自家発電装置整備事業）,"補助金の目的：高齢者施設等における防災・減災対策の推進
補助対象者　：高齢者施設等
補助対象経費：非常用自家発電設備整備（500万円以上）に係る経費
負担割合　　：国1/2、都1/4、事業者1/4　",5,民間団体,"109,648 ",福祉局高齢者施策推進部施設支援課,03-5320-4265,https://www.fukushi.metro.tokyo.lg.jp/kourei/shisetu/bosai.html
2026,13,福祉局,02,高齢者,高齢者施設等の防災・減災対策推進事業,高齢者施設等防災・減災対策推進事業補助金（ブロック塀改修、給水設備整備、水害対策）,"補助金の目的：高齢者施設等における防災・減災対策の推進
補助対象者　：高齢者施設等
補助対象経費：ブロック塀改修、給水設備整備、水害対策に係る経費
負担割合　　：国1/2、都1/4、事業者1/4",5,民間団体,"7,481 ",福祉局高齢者施策推進部施設支援課,03-5320-4265,https://www.fukushi.metro.tokyo.lg.jp/kourei/shisetu/bosai.html
2026,13,福祉局,02,高齢者,高齢者施設等の防災・減災対策推進事業,高齢者施設等の防災・減災推進事業補助金（換気設備整備）,"補助金の目的：高齢者施設等における防災・減災対策の推進
補助対象者　：高齢者施設等
補助対象経費：高齢者施設等における換気設備の設置に係る経費
負担割合　　：国10/10",5,民間団体,512 ,福祉局高齢者施策推進部施設支援課,03-5320-4265 ,
2026,13,福祉局,02,高齢者,社会福祉施設等への非常用電源等の整備促進事業,社会福祉施設等への非常用電源等の整備促進事業補助金,"補助金の目的：高齢者施設等における緊急災害時用の非常用電源等の整備を促進
補助対象者　：高齢者施設等
補助対象経費：高齢者施設等における非常用電源（自家発電設備（500万円未満）、可搬型電源等）の設置に係る経費
負担割合　　：都3/4、事業者1/4",5,民間団体,"137,250 ",福祉局高齢者施策推進部施設支援課,03-5320-4265 ,
2026,13,福祉局,02,高齢者,介護職員の宿舎施設整備支援事業,介護職員の宿舎施設整備支援事業補助金,"補助金の目的：働きやすい職場環境の実現し、介護人材の確保定着
補助対象者　：介護サービス施設等の設置者
補助対象経費：施設等の職員宿舎の新築、増改築及び改修に要する工事費
負担割合　　：国2/3、都1/3",5,民間団体,"59,369 ",福祉局高齢者施策推進部介護保険課,03-5320-4267,https://www.fukushi.metro.tokyo.lg.jp/kourei/hoken/shukushaseibi.html
2026,13,福祉局,02,高齢者,改修支援施設整備費補助事業補助金,改修支援施設整備費補助事業補助金,"補助金の目的：老朽化した介護保険施設等の改築や改修を推進し、高齢者福祉の向上をを図る
補助対象者　：区市町村
補助対象経費：改修支援施設の整備に要する費用
負担割合　　：都10/10",1,区市町村,"413,767 ",福祉局高齢者施策推進部施設支援課,03-5320-4321,
2026,13,福祉局,01,子供家庭,母子及び父子福祉資金・女性福祉資金システム改修等交付金,母子及び父子福祉資金・女性福祉資金システム改修等交付金,"補助金の目的：手続きのデジタル化等に必要なシステム導入・改修にかかる経費を支援することにより、都民の利便性の向上と区市における事務負担軽減を図る。
補助対象者　：区市
補助対象経費：母子及び父子福祉資金・女性福祉資金におけるシステムの改修等に要する経費
負担割合　　都10/10",1,区市町村,"18,703 ",福祉局子供・子育て支援部育成支援課,03-5320-4126,
2026,13,福祉局,01,子供家庭,子供の権利擁護環境整備事業,子供の権利擁護環境整備事業,"補助金の目的：区市町村にて社会的養護に係るこどもの権利擁護の強化を図るための費用の一部を補助
補助対象者　：区市町村
補助対象経費：こどもの権利擁護強化を図る事業実施に要する経費
負担割合　　：国1/2（安心こども基金）、区市町村1/2",1,区市町村,"50,434 ",福祉局子供・子育て支援部企画課,03-5320-4137,
2026,13,福祉局,01,子供家庭,子供が輝く東京・応援事業,子供が輝く東京・応援事業,"補助金の目的：社会全体で子育てを支えるため、子供・子育て支援の取組を行う事業者を支援する。
補助対象者　：NPO法人等
補助対象経費：子供・子育て支援事業の立ち上げ経費
負担割合　　：①都1/2、②都2/3",5,民間団体,"25,637 ",福祉局子供・子育て支援部企画課,03-5320-4115,https://www.fukushi.metro.tokyo.lg.jp/kodomo/katei/kodomokagayakutokyo
2026,13,福祉局,01,子供家庭,児童手当の支給,児童手当等都負担金,"補助金の目的：児童手当法第１９条の２の規定に基づき、東京都が児童手当の財源を負担
補助対象者　：区市町村
補助対象経費：児童手当の支給に必要な経費
負担割合　　：（３歳未満被用者）国10/10、　（３歳未満非被用者）国13/15、都1/15、区市町村1/15、（３歳以降高校生年代）国7/9、都1/9、区市町村1/9",1,区市町村,"24,462,858 ",福祉局子供・子育て支援部育成支援課,03-5320-4123,
2026,13,福祉局,01,子供家庭,児童育成手当の支給,東京都児童育成手当,"補助金の目的：東京都児童育成手当に関する条例第２条の規定に基づき、東京都が児童育成手当の財源を負担
補助対象者　：市町村
補助対象経費：児童育成手当の支給に必要な経費
負担割合　　：都10/10",1,区市町村,"8,181,404 ",福祉局子供・子育て支援部育成支援課,03-5320-4123,
2026,13,福祉局,01,子供家庭,東京都子育て推進交付金,東京都子育て推進交付金,"補助金の目的：市町村が地域の実情に応じて創意工夫により施策を行うことができるよう補助
補助対象者　：市町村
補助対象経費：子育て支援事業等
負担割合　　：都10/10",1,区市町村,"21,299,578 ",福祉局子供・子育て支援部保育支援課,03-5320-4129,
2026,13,福祉局,01,子供家庭,子供家庭支援区市町村包括補助,子供家庭支援区市町村包括補助事業補助金,"補助金の目的：地域の実情に応じた子供家庭分野における基盤整備及びサービスの充実
補助対象者　：区市町村
補助対象経費：子供家庭分野における基盤整備等に資する事業
負担割合　　：都1/2、区市町村1/2",1,区市町村,"6,194,000 ",福祉局子供・子育て支援部企画課,03-5320-4121,
2026,13,福祉局,01,子供家庭,学童クラブ事業補助,東京都子供・子育て支援交付金（学童クラブ事業）,"補助金の目的：学童クラブの運営に係る支援
補助対象者　：区市町村
補助対象経費：学童クラブの運営に要する経費
負担割合　　：国1/3、都1/3、区市町村1/3",1,区市町村,"12,647,364 ",福祉局子供・子育て支援部家庭支援課,03-5320-4371,https://www.fukushi.metro.tokyo.lg.jp/kodomo/hoiku/gakudou_jidoukan/g_club
2026,13,福祉局,01,子供家庭,都型学童クラブ事業補助,都型学童クラブ事業補助,"補助金の目的：都が定めた独自の要件を満たす学童クラブ（都型学童クラブ）の運営支援
補助対象者　：区市町村
補助対象経費：都型学童クラブの運営に要する経費
負担割合　　：都1/2、区市町村1/2",1,区市町村,"825,632 ",福祉局子供・子育て支援部家庭支援課,03-5320-4371,
2026,13,福祉局,01,子供家庭,東京都認証学童クラブ事業,東京都認証学童クラブ事業補助,"補助金の目的：都が定めた独自の要件を満たす学童クラブ（認証学童クラブ）の運営支援
補助対象者　：区市町村
補助対象経費：認証学童クラブの運営に要する経費
負担割合　　：都2/3、区市町村1/3",1,区市町村,"2,781,022 ",福祉局子供・子育て支援部家庭支援課,03-5320-4371,
2026,13,福祉局,01,子供家庭,学童クラブ従事職員宿舎借り上げ支援事業,学童クラブ従事職員宿舎借り上げ支援事業補助,"補助金の目的：学童クラブの人材の確保、定着及び離職防止
補助対象者　：区市町村
補助対象経費：事業の実施に必要な経費
負担割合　　：都3/4、区市町村1/8　事業者1/8　｜　都1/2、区市町村3/8、事業者1/8",1,区市町村,"140,589 ",福祉局子供・子育て支援部家庭支援課,03-5320-4371,
2026,13,福祉局,01,子供家庭,放課後居場所緊急対策事業,放課後居場所緊急対策事業補助,"補助金の目的：学童クラブの待機児童が解消するまでの児童の居場所確保
補助対象者　：区市町村
補助対象経費：事業の実施に必要な経費
負担割合　　：国1/3、都1/3、区市町村1/3　又は　都1/2、区市町村1/2",1,区市町村,"65,389 ",福祉局子供・子育て支援部家庭支援課,03-5320-4371,
2026,13,福祉局,01,子供家庭,学童クラブ待機児童解消区市町村支援事業,学童クラブ待機児童解消区市町村支援事業補助金,"補助金の目的：既存施設等を活用した多様な居場所づくりを支援することにより、学童クラブの待機児童解消を図る
補助対象者：区市町村
補助対象経費：事業の実施に必要な経費
負担割合　　：
  ①都3/4、区市町村1/4、②都1/2、区市町村1/2、③都2/3、区市町村1/3、
  ④都1/6、区市町村5/6",1,区市町村,"2,418,794 ",福祉局子供・子育て支援部家庭支援課,03-5320-4371,
2026,13,福祉局,01,子供家庭,一時預かり事業補助,東京都子供・子育て支援交付金（一時預かり事業）,"補助金の目的：安心して子育てができる環境を整備し児童の福祉の向上を図る
補助対象者　：区市町村
補助対象経費：事業の実施に必要な経費
負担割合　　：国1/3、都1/3、区市町村1/3",1,区市町村,"1,125,557 ",福祉局子供・子育て支援部保育支援課,03-5320-4371,
2026,13,福祉局,01,子供家庭,一時預かり事業補助,一時預かり事業・定期利用保育事業費補助金（一時預かり事業補助）,"補助金の目的：事業を円滑に推進し子供と家庭の支援に資する
補助対象者　：区市町村
補助対象経費：事業の実施に必要な経費
負担割合　　：都1/2、区市町村1/2",1,区市町村,"259,185 ",福祉局子供・子育て支援部保育支援課,03-5320-4129,
2026,13,福祉局,01,子供家庭,定期利用保育事業補助,一時預かり事業・定期利用保育事業費補助金（定期利用保育事業補助）,"補助金の目的：事業を円滑に推進し子供と家庭の支援に資する
補助対象者　：区市町村
補助対象経費：事業の実施に必要な経費
負担割合　　：都1/2、区市町村1/2",1,区市町村,"686,653 ",福祉局子供・子育て支援部保育支援課,03-5320-4129,https://www.fukushi.metro.tokyo.lg.jp/kodomo/hoiku/ichijiazukari_teikiriyohoiku
2026,13,福祉局,01,子供家庭,乳児等のための支援給付,乳児等のための支援給付交付金,"補助金の目的：全ての子育て家庭に対して、多様な働き方やライフスタイルにか
                     かわらない形での支援を強化
補助対象者　：区市町村
補助対象経費：乳児等のための支援給付の支給に要する費用
負担割合　　：国3/4、都1/8、区市町村1/8",1,区市町村,"275,665 ",福祉局子供・子育て支援部保育支援課,03-5320-4129,
2026,13,福祉局,01,子供家庭,多様な他者との関わり機会の創出,多様な他者との関わり機会の創出,"補助金の目的：事業を円滑に推進し子供と家庭の支援に資する
補助対象者　：区市町村
補助対象経費：事業の実施に必要な経費
負担割合　　：都10/10",1,区市町村,"7,326,000 ",福祉局子供・子育て支援部保育支援課,03-5320-4129,
2026,13,福祉局,01,子供家庭,医療的ケア児等の育ちの支援事業,医療的ケア児等の育ちの支援事業,"補助金の目的：事業を円滑に推進し子供と家庭の支援に資する
補助対象者　：区市町村
補助対象経費：事業の実施に必要な経費
負担割合　　：都10/10",1,区市町村,"66,000 ",福祉局子供・子育て支援部保育支援課,03-5320-4129,
2026,13,福祉局,01,子供家庭,児童相談におけるデジタル化推進事業,児童相談におけるデジタル化推進事業補助金,"補助金の目的：児童相談所等との相談支援体制の構築・強化を図るため、区市町村におけるデジタル化を推進
補助対象者　：区市町村
補助対象経費：事業の実施に必要な経費
負担割合　　：国1/2、都1/4、区市町村1/4",1,区市町村,250 ,福祉局子供・子育て支援部家庭支援課,03-5320-4371,
2026,13,福祉局,01,子供家庭,ヤングケアラー支援事業,東京都ヤングケアラー相談支援等補助事業,"補助金の目的：ヤングケアラーが抱える悩みを相談・共有するための相談支援体制を整備
補助対象者　：NPOや民間団体等
補助対象経費：事業の実施に必要な経費
負担割合　　：国2/3、都1/3　又は　都10/10",5,民間団体,"295,903 ",福祉局子供・子育て支援部家庭支援課,03-5320-4371,https://www.fukushi.metro.tokyo.lg.jp/kodomo/kosodate/young-carer
2026,13,福祉局,01,子供家庭,ヤングケアラー支援事業,ヤングケアラー・コーディネーター配置促進事業,"補助金の目的：ヤングケアラー・コーディネーターの配置を支援
補助対象者　：区市町村
補助対象経費：事業の実施に必要な経費
負担割合　　：国2/3、都1/6、区1/6",1,区市町村,"114,435 ",福祉局子供・子育て支援部家庭支援課,03-5320-4371,
2026,13,福祉局,01,子供家庭,子供食堂等居場所支援事業,子供食堂等居場所支援事業,"補助金の目的：子供食堂等において、地域における子供の居場所を創設
補助対象者　：区市町村
補助対象経費：事業の実施に必要な経費
負担割合　　：
 【子供食堂等の開催、配食・宅食にかかる経費】
   国2/3、都1/6、区市町村1/6 または 都1/2、区市町村1/2
 【子供食堂等の開催、配食・宅食にかかる経費（居場所支援（地域型））】
   国2/3、都1/3 または 都10/10
【保護者の養育相談等に係る経費（居場所支援（拠点型））】
　都1/2、区市町村1/2
 【立上げや支援の拡充（設備整備費等）】
   国2/3、都1/6、区市町村1/6 または 都1/2、区市町村1/2
【設備整備費に係る経費（居場所支援（拠点型）】
   都10/10",1,区市町村,"504,145 ",福祉局子供・子育て支援部家庭支援課,03-5320-4371,https://www.fukushi.metro.tokyo.lg.jp/kodomo/kosodate/kodomoshokudou.html
2026,13,福祉局,01,子供家庭,子供食堂普及啓発事業,子供食堂普及啓発事業補助金,"補助金の目的：区市町村が行う子供食堂の普及啓発に向けた取組を後押し
補助対象者　：区市町村
補助対象経費：運営場所や営業時間等、子供食堂の周知に係る普及啓発資材の作成・配布等に要する経費
負担割合　　：都10/10",1,区市町村,"52,500 ",福祉局子供・子育て支援部家庭支援課,03-5320-4371,https://www.fukushi.metro.tokyo.lg.jp/kodomo/kosodate/kodomonoibasyosousetuzigyou.html
2026,13,福祉局,01,子供家庭,都児童相談所と子供家庭支援センターの連携強化事業補助金,都児童相談所と子供家庭支援センターの連携強化事業補助金,"補助金の目的：
①都児相から子供家庭支援センターへの送致ケースに対する支援の強化
②子供家庭支援センター職員の都児相への研修派遣支援
③ＤＸの活用による子供家庭支援センターの業務効率化に対する支援
④児童相談所と子供家庭支援センターの連携の拠点づくり
補助対象者　：区市町村
補助対象経費：
①～②事業の実施に必要な経費
③子家センの相談対応業務のDXに係る費用
④連携職員（人件費補助）
負担割合　　：
①、②、④　都10/10　　
③都1/2、区市町村1/2",1,区市町村,"1,071,083 ",福祉局子供・子育て支援部家庭支援課,03-5320-4371,
2026,13,福祉局,01,子供家庭,子育て世帯訪問支援事業,東京都子供・子育て支援交付金（子育て世帯訪問支援事業）,"補助金の目的：家庭や養育環境を整え、虐待リスク等の高まりを未然防止
補助対象者　：区市町村
補助対象経費：事業の実施に必要な経費
負担割合　　：国1/3、都1/3、区市町村1/3",1,区市町村,"96,807 ",福祉局子供・子育て支援部家庭支援課,03-5320-4371,
2026,13,福祉局,01,子供家庭,子育て世帯訪問支援事業,東京都子育て世帯訪問支援事業補助金,"補助金の目的：家庭や養育環境を整え、虐待リスク等の高まりを未然防止
補助対象者　：区市町村
補助対象経費：国から利用者負担軽減加算が見込まれない経費
負担割合　　：都2/3、区市町村1/3
継ぎ足し補助には要件有",1,区市町村,"47,339 ",福祉局子供・子育て支援部家庭支援課,03-5320-4371,
2026,13,福祉局,01,子供家庭,親子関係形成支援事業,東京都子供・子育て支援交付金（親子関係形成支援事業）,"補助金の目的：健全な親子関係の形成
補助対象者　：区市町村
補助対象経費：事業の実施に必要な経費
負担割合　　：国1/3、都1/3、区市町村1/3",1,区市町村,"5,606 ",福祉局子供・子育て支援部家庭支援課,03-5320-4371,
2026,13,福祉局,01,子供家庭,自立援助ホーム事業,東京都自立援助ホーム支援機能強化補助金（サービス推進費等）,"補助金の目的：自立援助ホーム事業をを行う法人に対する運営費支援
補助対象者　：自立援助ホーム（社福・NPO）
補助対象経費：自立援助ホームの運営に要する経費
負担割合　　：都10/10",5,民間団体,"54,519 ",福祉局子供・子育て支援部育成支援課,03-5320-4550,
2026,13,福祉局,01,子供家庭,児童養護施設退所者等の社会復帰支援事業,児童養護施設退所児童等の社会復帰支援事業補助金,"補助金の目的：児童養護施設退所児童等に対する心理面からの自立支援
補助対象者　：自立援助ホーム（社福・NPO）
補助対象経費：心理担当職員の配置に係る経費
（職員俸給、職員諸手当、退職共済掛金、法定福利費）
負担割合　　：国1/2　都1/2",5,民間団体,"30,940 ",福祉局子供・子育て支援部育成支援課,03-5320-4550,
2026,13,福祉局,01,子供家庭,ジョブ・トレーニング事業（自立援助ホーム）,東京都ジョブ・トレーニング事業補助金,"補助金の目的：自立援助ホーム入退所者に対する就労支援及び就労定着支援の体制整備
補助対象者　：自立援助ホーム（社福・NPO）
補助対象経費：ジョブ。トレーナーの配置に係る経費
負担割合　　：都10/10",5,民間団体,"9,204 ",福祉局子供・子育て支援部育成支援課,03-5320-4550,
2026,13,福祉局,01,子供家庭,社会的養護自立支援拠点事業,社会的養護自立支援拠点事業補助金,"補助金の目的：社会的養護経験者等への自立に向けた支援拠点の設置
補助対象者　：民間事業者
補助対象経費：事業の実施に必要な経費
負担割合　　：国1/2 、都1/2",5,民間団体,"358,699 ",福祉局子供・子育て支援部育成支援課,03-5320-4550,https://www.fukushi.metro.tokyo.lg.jp/kodomo/sodan/kyotenjigyou
2026,13,福祉局,01,子供家庭,身元保証人確保対策事業,身元保証人確保対策事業補助金,"補助金の目的：児童養護施設等退所者の社会的自立の促進
補助対象者　：区市町村
補助対象経費：身元保証経費、連帯保証経費
負担割合　　：国1/2、都1/4、区市町村1/4",1,区市町村,35 ,福祉局子供・子育て支援部育成支援課,03-5320-4550,https://www.fukushi.metro.tokyo.lg.jp/kodomo/sodan/kyotenjigyou
2026,13,福祉局,01,子供家庭,児童養護施設等の職員の資質向上のための研修等事業,児童養護施設等の職員人材確保事業補助金,"補助金の目的：児童養護施設等における実習体制等による職員の人材確保
補助対象者　：児童養護施設、乳児院、母子生活支援施設　（社会福祉法人等）
補助対象経費：実習指導職員の代替職員経費、実習生を就職前に非常勤職員として採用する経費
負担割合　国1/2　都1/2",5,民間団体,"63,284 ",福祉局子供・子育て支援部育成支援課,03-5320-4550,
2026,13,福祉局,01,子供家庭,子供の貧困対策支援事業,子供の貧困対策支援事業補助金,"補助金の目的：子供の貧困対策の推進
補助対象者　：区市町村
補助対象経費：専任職員の配置経費等
負担割合　　：都3/4、区市町村1/4",1,区市町村,"63,764 ",福祉局子供・子育て支援部企画課,03-5320-4200,
2026,13,福祉局,01,子供家庭,保育所等デジタル化推進事業,保育所等におけるデジタル化推進事業補助金,"補助金の目的：都内保育所のデジタル化の推進
補助対象者　：区市町村
補助対象経費：デジタル化推進に要する経費
負担割合　　：都1/2、区市町村1/4、事業者1/4または、都1/2、区市町村1/2",1,区市町村,"6,328 ",福祉局子供・子育て支援部保育支援課,03-5320-7682,https://www.fukushi.metro.tokyo.lg.jp/kodomo/hoiku/ictsuishinjigyou
2026,13,福祉局,01,子供家庭,民有地マッチング事業,民有地マッチング事業補助,"補助金の目的：保育所・認定こども園の整備等の促進
補助対象者　：区市町村
補助対象経費：①マッチング事業費、②整備候補地等の確保経費、③地域連携コーディネーターの配置経費
負担割合：国1/2、都1/4、区市町村1/4",1,区市町村,726 ,福祉局子供・子育て支援部保育支援課,03-5320-4128,
2026,13,福祉局,01,子供家庭,保育所等における要支援児童等対応推進事業,保育所等における要支援児童等対応推進事業費補助金,"補助金の目的：保育所等における要支援児童等の対応や関係機関との連携の強化
補助対象者　：区市町村
補助対象経費：地域連携推進員の配置に要する経費
負担割合　　：国1/2、都1/4、区市町村1/4",1,区市町村,"10,178 ",福祉局子供・子育て支援部保育支援課,03-5320-7682,
2026,13,福祉局,01,子供家庭,インクルーシブ保育の推進に向けた情報・教育的コンテンツの整備事業,インクルーシブ保育の推進に向けた情報・教育的コンテンツの整備事業,"補助金の目的：病気や障害の有無にかかわらず、
補助対象者　：区市町村
補助対象経費：地域連携推進員の配置に要する経費
負担割合　　：都10/10",5,民間団体,"32,990 ",福祉局子供・子育て支援部保育支援課,03-5320-7682,
2026,13,福祉局,01,子供家庭,保育所入所選考マッチングシステム導入支援事業,保育所入所選考マッチングシステム導入支援事業補助金,"補助金の目的：ＡＩによる保育所入所選考マッチングシステムの導入により、保育所等の利用調整事務を改善し、住民サービスの向上に取り組む区市町村を支援
補助対象者　：区市町村
補助対象経費：ＡＩを用いた保育所入所選考マッチングシステムの導入に要する経費
負担割合　　：都1/2、区市町村1/2",1,区市町村,"10,000 ",福祉局子供・子育て支援部保育支援課,03-5320-7682,
2026,13,福祉局,01,子供家庭,保育人材確保支援事業,東京都保育人材確保支援事業補助金,"補助金の目的：保育士の確保・定着・離職防止
補助対象者　：区市町村
補助対象経費：事業の実施に必要な経費
負担割合　　：国1/2、都1/4、区市町村1/4",1,区市町村,"27,250 ",福祉局子供・子育て支援部保育支援課,03-5320-4130,
2026,13,福祉局,01,子供家庭,保育従事職員資格取得支援事業,東京都現任保育従事職員等資格取得支援事業補助金,"補助金の目的：保育人材を確保する取組を促進
補助対象者　：区市町村
補助対象経費：事業の実施に必要な経費
負担割合　　：国1/2、都1/2　又は　都10/10",1,区市町村,"1,106 ",福祉局子供・子育て支援部保育支援課,03-5320-4130,
2026,13,福祉局,01,子供家庭,保育従事職員宿舎借り上げ支援事業,東京都保育従事職員宿舎借り上げ支援事業補助金,"補助金の目的：保育人材の確保、定着及び離職防止
補助対象者　：区市町村
補助対象経費：事業の実施に必要な経費
負担割合　　：国1/2、都1/4、区市町村1/8、事業者1/8　｜　国3/8、都3/8、区1/8、事業者1/8　｜
　　　　　　　 　都3/4、市町村1/8、事業者1/8",1,区市町村,"13,136,496 ",福祉局子供・子育て支援部保育支援課,03-5320-4130,
2026,13,福祉局,01,子供家庭,保育士養成施設に対する就職等促進支援事業,保育士養成施設に対する就職等促進支援事業補助金,"補助金の目的：指定保育士養成施設卒業予定者における保育所等就職促進
補助対象者　：指定保育士養成施設
補助対象経費：事業の実施に必要な経費
負担割合　　：都1/2、国1/2",5,民間団体,"29,316 ",福祉局子供・子育て支援部保育支援課,03-5320-4130,https://www.fukushi.metro.tokyo.lg.jp/kodomo/hoiku/jinzaikakuho_torikumi
2026,13,福祉局,01,子供家庭,保育士等キャリアアップ研修支援事業,東京都保育士等キャリアアップ研修支援事業費補助金（民間団体）,"補助金の目的：保育士等キャリアアップ研修の開催の推進
補助対象者　：区市町村、指定保育士養成施設、就学前の子供に関する研修実績を有する非営利団体
補助対象経費：研修実施に要する人件費、事務費
負担割合　　：（区市町村）国1/2、都1/4、区市町村1/4　（民間団体等）国1/2、都1/2",5,民間団体,"973,989 ",福祉局子供・子育て支援部保育支援課,03-5320-4130,https://www.fukushi.metro.tokyo.lg.jp/kodomo/jigyo/careerup-kensyu_sitei
2026,13,福祉局,01,子供家庭,保育士等キャリアアップ研修支援事業,東京都保育士等キャリアアップ研修支援事業費補助金（区市町村）,"補助金の目的：保育士等キャリアアップ研修の開催の推進
補助対象者　：区市町村、指定保育士養成施設、就学前の子供に関する研修実績を有する非営利団体
補助対象経費：研修実施に要する人件費、事務費
負担割合　　：（区市町村）国1/2、都1/4、区市町村1/4　（民間団体等）国1/2、都1/2",1,区市町村,"2,450 ",福祉局子供・子育て支援部保育支援課,03-5320-4130,https://www.fukushi.metro.tokyo.lg.jp/kodomo/jigyo/careerup-kensyu_sitei
2026,13,福祉局,01,子供家庭,保育士修学資金貸付等事業,保育士修学資金貸付等事業,"補助金の目的：保育士修学資金の貸付等による保育人材の確保
補助対象者　：社会福祉法人東京都社会福祉協議会
補助対象経費：事業の実施に必要な経費
負担割合　　：都10/10　又は　都1/10、国9/10",5,民間団体,"1,013,438 ",福祉局子供・子育て支援部保育支援課,03-5320-4130,
2026,13,福祉局,01,子供家庭,ひとり親家庭ホームヘルプサービス事業,ひとり親家庭ホームヘルプサービス事業,"補助金の目的：生活支援者の派遣などによりひとり親家庭等の生活の安定を図る
補助対象者　：市町村
補助対象経費：事業の実施に必要な経費
負担割合　　：国1/2　都1/4　市町村1/4",1,区市町村,"70,454 ",福祉局子供・子育て支援部育成支援課,03-5320-4125,
2026,13,福祉局,01,子供家庭,高等学校卒業程度認定試験合格支援事業,高等学校卒業程度認定試験合格支援事業（町村）,"補助金の目的：ひとり親家庭等の学び直しの支援
補助対象者　：ひとり親家庭等
補助対象経費：高卒認定試験合格のための講座受講のために支払った費用の一部
負担割合　　：国3/4　都1/4",6,一般都民,150 ,福祉局子供・子育て支援部育成支援課,03-5320-4125,https://www.fukushi.metro.tokyo.lg.jp/kodomo/hitorioya_shien/syurou/kousotu
2026,13,福祉局,01,子供家庭,ひとり親家庭等生活向上事業,東京都ひとり親家庭等生活向上事業補助金,"補助金の目的：ひとり親家庭等の地域での生活を総合的に支援
補助対象者　：区市町村
補助対象経費：事業の実施に必要な経費
負担割合　　：国1/2、都1/4、区市町村1/4　｜　国1/2、都3/8、区1/8　｜　都7/8、区1/8",1,区市町村,"706,506 ",福祉局子供・子育て支援部育成支援課,03-5320-4125,
2026,13,福祉局,01,子供家庭,養育費確保・親子交流支援事業,養育費確保・親子交流支援事業補助金,"補助金の目的：ひとり親等の養育費取得・親子交流を促進
補助対象者　：区市
補助対象経費：事業の実施に必要な経費
負担割合　　：国1/2　都1/4　区市1/4　、国1/2　都1/2",1,区市町村,"20,783 ",福祉局子供・子育て支援部育成支援課,03-5320-4125,
2026,13,福祉局,01,子供家庭,ひとり親世帯等調査,ひとり親世帯等調査,"補助金の目的：国が実施する児童福祉実態調査（全国ひとり親世帯等調査）にかかる事務を行う
補助対象者　：区市
補助対象経費：調査の実施に必要な経費
負担割合　　：国10/10",1,区市町村,"3,795 ",福祉局子供・子育て支援部育成支援課,03-5320-4125,
2026,13,福祉局,01,子供家庭,小児慢性疾病等（養育）,東京都未熟児養育医療事業負担金,"補助金の目的：区市町村が支弁する未熟児養育医療の医療給付に係る経費への負担金交付
補助対象者　：区市町村
補助対象経費：養育医療費・未熟児移送費
負担割合　　：国1/2　都1/4　区市町村1/4",1,区市町村,"151,615 ",福祉局子供・子育て支援部母子健康支援課,03-5320-4375,https://www.fukushi.metro.tokyo.lg.jp/kodomo/kosodate/josei/mijukuji
2026,13,福祉局,01,子供家庭,小児慢性疾病等（育成）,東京都自立支援医療（育成医療）事業負担金,"補助金の目的：区市町村が支給する育成医療の自立支援医療費に対する負担金交付
補助対象者　：区市町村
補助対象経費：育成医療の自立支援医療費の支給を行う事業に係る経費
負担割合　　：国1/2　都1/4　区市町村1/4",1,区市町村,"4,230 ",福祉局子供・子育て支援部母子健康支援課,03-5320-4375,https://www.fukushi.metro.tokyo.lg.jp/kodomo/kosodate/josei/iku_iryou.html
2026,13,福祉局,01,子供家庭,小児慢性特定疾病児童等日常生活用具給付事業補助,東京都小児慢性特定疾病児童等日常生活用具給付事業費補助金,"補助金の目的：小児慢性特定疾患児童に対する日常生活用具給付補助
補助対象者　：区市町村
補助対象経費：日常生活用具の給付に係る経費
負担割合　　：（区市）国1/2、区市1/2　（町村）国1/2、都1/4、町村1/4",1,区市町村,"1,536 ",福祉局子供・子育て支援部母子健康支援課,03-5320-4375,
2026,13,福祉局,01,子供家庭,入院助産,児童入所施設措置費国庫負担金（入院助産）,"補助金の目的：区市町村が支弁した入院助産の費用に対する補助
補助対象者　：区市町村
補助対象経費：保護費、医療費
負担割合　　：国1/2  都1/4　区市町村1/4
                  ※児童相談所設置区　国1/2 区1/2",1,区市町村,"40,131 ",福祉局子供・子育て支援部母子健康支援課,03-5320-4375,https://www.fukushi.metro.tokyo.lg.jp/kodomo/shussan/josan
2026,13,福祉局,01,子供家庭,母子保健支援事業（二次）,母子保健支援事業（二次）,"補助金の目的：母子保健に関するＤＸ化の取組を行う区市町村の基盤整備を支援
補助対象者　：区市町村
補助対象経費：：事業の実施に必要な経費
負担割合　　： 都10/10",1,区市町村,"138,555 ",福祉局子供・子育て支援部母子健康支援課,03-5320-4372,
2026,13,福祉局,01,子供家庭,とうきょうママパパ応援事業,とうきょうママパパ応援事業補助金,"補助金の目的：妊婦並びに乳幼児及びその保護者の心身の健康の保持及び増進
補助対象者　：区市町村
補助対象経費：事業の実施に必要な経費
負担割合　　：都10/10　又は　都1/2、区市町村1/2　又は　都1/2、区市町村1/4、事業者1/4",1,区市町村,"3,993,703 ",福祉局子供・子育て支援部母子健康支援課,03-5320-4372,
2026,13,福祉局,01,子供家庭,性と健康の相談センター事業,東京都初回産科受診料支援事業,"補助金の目的：悩みを抱える妊産婦を孤立させずに適切な支援に繋げる
補助対象者　：区市町村
補助対象経費：事業の実施に必要な経費
負担割合　　：国1/2、都1/4、区市町村1/4",1,区市町村,"1,820 ",福祉局子供・子育て支援部母子健康支援課,03-5320-4372,
2026,13,福祉局,01,子供家庭,性と健康の相談センター事業,妊婦に対する遠方の分娩取扱施設への交通費及び宿泊費支援事業,"補助金の目的：遠方の分娩取扱施設で出産する必要がある妊婦に対し、分娩取扱施設までの移動にかかる交通費等の費用助成を行う
補助対象者　：区市町村
補助対象経費：事業の実施に必要な経費
負担割合　　：国1/2、都1/4、区市町村1/4",1,区市町村,702 ,福祉局子供・子育て支援部母子健康支援課,03-5320-4372,
2026,13,福祉局,01,子供家庭,東京ユースヘルスケア推進事業,東京ユースヘルスケア推進事業（区市町村補助事業）,"補助金の目的：思春期から更年期に至るまでの期間の母性保健の向上及び健康教育の推進
補助対象者　：区市町村
補助対象経費：事業の実施に必要な経費
負担割合　　：都1/2、区市町村1/2",1,区市町村,"27,326 ",福祉局子供・子育て支援部母子健康支援課,03-5320-4372,
2026,13,福祉局,01,子供家庭,東京ユースヘルスケア推進事業,東京ユースヘルスケア推進事業（医療機関補助事業）,"補助金の目的：若者を対象に、身体・心の悩みに関する相談支援等を行う医療機関への支援
補助対象者　：医療機関
補助対象経費：事業の実施に必要な経費
負担割合　　：都10/10 又は都1/2、医療機関1/2",5,民間団体,"26,580 ",福祉局子供・子育て支援部母子健康支援課,03-5320-4372,
2026,13,福祉局,01,子供家庭,東京都出産・子育て応援事業,東京都出産・子育て応援事業,"補助金の目的：妊娠時、出産後及び１歳・２歳前後の時期において、子育て支援サービスの利用や育児用品等の提供による経済的支援を行う
補助対象者：区市町村
補助対象経費：事業の実施に必要な経費
負担割合：
【育児パッケージ、バースデーサポート、登録勧奨に対する支援】都10/10",1,区市町村,"6,547,869 ",福祉局子供・子育て支援部母子健康支援課,03-5320-4372,https://www.fukushi.metro.tokyo.lg.jp/kodomo/shussan/tokyo_shussankosodateouen
2026,13,福祉局,01,子供家庭,新生児聴覚検査機器購入支援事業,新生児聴覚検査機器購入支援事業,"補助金の目的：分娩取扱医療機関等における検査機器（自動ABR）の購入支援
補助対象者　：医療機関
補助対象経費：検査機器（自動ABR）の購入経費
負担割合　　： 国1/2　都1/2",5,民間団体,"140,400 ",福祉局子供・子育て支援部母子健康支援課,03-5320-4372,
2026,13,福祉局,01,子供家庭,妊婦健康診査支援事業,妊婦健康診査支援事業,"補助金の目的：超音波検査について厚生労働省が示す妊婦健康診査の望ましい基準を満たせるよう区市町村を支援し、妊婦健康診査の充実をj図る
補助対象者　：区市町村
補助対象経費：事業の実施に必要な経費
負担割合　　：都10/10",1,区市町村,"1,490,052 ",福祉局子供・子育て支援部母子健康支援課,03-5320-4372,
2026,13,福祉局,01,子供家庭,妊産婦メンタルヘルス対策事業,妊産婦等メンタルヘルス区市町村支援事業,"補助金の目的：妊産婦のメンタルヘルスに対応するためのネットワーク体制の構築
補助対象者　：区市町村
補助対象経費：事業の実施に必要な経費
負担割合　　：都1/2、区市町村1/2",1,区市町村,"30,000 ",福祉局子供・子育て支援部母子健康支援課,03-5320-4372,
2026,13,福祉局,01,子供家庭,産婦・乳幼児健康診査支援事業,５歳児健診区市町村支援事業,"補助金の目的：５歳児健診の推進及び切れ目ない支援体制の構築
補助対象者　：区市町村
補助対象経費：コーディネーター配置経費、普及啓発経費
負担割合　　：都10/10、又は都1/2、区市町村1/2",1,区市町村,"127,062 ",福祉局子供・子育て支援部母子健康支援課,03-5320-4372,
2026,13,福祉局,01,子供家庭,産婦・乳幼児健康診査支援事業,産婦・乳幼児健康診査支援事業（システム改修）,"補助金の目的：産婦健診・1か月児健診の共通受診方式導入に向けシステム改修を実施
補助対象者　：：東京都国民健康保険団体連合会
補助対象経費：システム改修経費
負担割合　　：都10/10",5,民間団体,"35,200 ",福祉局子供・子育て支援部母子健康支援課,03-5320-4372,
2026,13,福祉局,01,子供家庭,子供若者シェルター・相談支援事業,東京都子供若者シェルター・相談支援等補助金,"補助金の目的：家庭等に居場所がない子供・若者がそのニーズにあわせて必要な支援を受けられ、宿泊もできる安全な居場所（子供若者シェルター）を確保する
補助対象者　：民間事業者
補助対象経費：事業の実施に必要な経費
負担割合　　：国1/2,都1/2",5,民間団体,"81,332 ",福祉局子供・子育て支援部家庭支援課,03-5320-4371,
2026,13,福祉局,01,子供家庭,児童養護施設等の生活向上のための環境改善事業,児童養護施設等の生活向上のための環境改善事業補助金（児童養護施設等の環境改善、地域子育て支援拠点の環境改善）,"補助金の目的：児童養護施設の入所児童等の生活向上を図る
補助対象者　：区市町村
補助対象経費：事業の実施に必要な経費
負担割合　　：国１／２、都１／４、区市町村１／４",1,区市町村,"15,298 ",福祉局子供・子育て支援部育成支援課・家庭支援課,"03-5320-4550
03-5320-4371",
2026,13,福祉局,01,子供家庭,児童養護施設等の生活向上のための環境改善事業,児童養護施設等の生活向上のための環境改善事業補助金（民間団体）（児童養護施設等の生活向上のための環境改善事業）,"補助金の目的：児童養護施設の入所児童等の生活向上を図る
補助対象者　：民間事業者
補助対象経費：改修費、備品購入費、設備整備費及び賃借料
負担割合　　：国1/2、都1/2",5,民間団体,"84,129 ",福祉局子供・子育て支援部育成支援課,03-5320-4550,
2026,13,福祉局,01,子供家庭,児童養護施設等の生活向上のための環境改善事業,児童養護施設等の生活向上のための環境改善事業補助金（民間団体）,"補助金の目的：児童養護施設の入所児童等の生活向上を図る
補助対象者　：民間事業者
補助対象経費:①ICT化推進に必要な経費、②ホームページ等コンテンツ作成委託経費
負担割合　　：①国1/2、都1/4、事業者1/4、②都3/4、事業者1/4",5,民間団体,"32,340 ",福祉局子供・子育て支援部育成支援課,03-5320-4550,
2026,13,福祉局,01,子供家庭,乳児家庭全戸訪問事業（こんにちは赤ちゃん事業）,東京都子供・子育て支援交付金（乳児家庭全戸訪問事業）,"補助金の目的：地域の中で子供が健やかに育成できる環境整備を図る
補助対象者　：区市町村
補助対象経費：事業の実施に必要な経費
負担割合　　：国１／３、都１／３、区市町村１／３",1,区市町村,"200,146 ",福祉局子供・子育て支援部家庭支援課,03-5320-4371,
2026,13,福祉局,01,子供家庭,養育支援訪問事業,東京都子供・子育て支援交付金（養育支援訪問事業）,"補助金の目的：養育支援が特に必要な家庭等における適切な養育の確保
補助対象者　：区市町村
補助対象経費：事業実施に必要な経費
負担割合　　：国１／３、都１／３、区市町村１／３",1,区市町村,"110,958 ",福祉局子供・子育て支援部家庭支援課,03-5320-4371,
2026,13,福祉局,01,子供家庭,未就園児等全戸訪問事業,未就園児等全戸訪問事業補助金,"補助金の目的：児童虐待の予防と早期発見のための取組を促進
補助対象者　：区市町村
補助対象経費：事業の実施に必要な経費
負担割合　　：　国１／２、都１／４、区市町村１／４　（国事業の区市町村の負担を１／２軽減）",1,区市町村,"8,940 ",福祉局子供・子育て支援部家庭支援課,03-5320-4371,
2026,13,福祉局,01,子供家庭,子育て援助活動支援事業（ファミリー・サポート・センター事業）,東京都子供・子育て支援交付金（子育て援助活動支援事業（ファミリー・サポート・センター事業））,"補助金の目的：地域における育児の相互援助活動を推進
補助対象者　：区市町村
補助対象経費：事業の実施に必要な経費
負担割合　　：国１／３、都１／３、区市町村１／３　または都２／３、区市町村１／３",1,区市町村,"229,614 ",福祉局子供・子育て支援部家庭支援課,03-5320-4371,
2026,13,福祉局,01,子供家庭,子育て短期支援事業,東京都子供・子育て支援交付金（子育て短期支援事業）,"補助金の目的：児童養護施設等において一定期間、養育・保護を行うことによる児童及びその家庭の福祉の向上
補助対象者　：区市町村
補助対象経費：事業実施に必要な経費
負担割合　　：
国１／３、都１／３、区市町村１／３
国１／３、都５／12、区市町村１／４
都３／４、区市町村１／４
都２／３、区市町村１／３",1,区市町村,"564,070 ",福祉局子供・子育て支援部家庭支援課,03-5320-4371,
2026,13,福祉局,01,子供家庭,子育てひろば事業（地域子育て支援拠点事業）,東京都子供・子育て支援交付金（子育てひろば事業（地域子育て支援拠点事業））,"補助金の目的：地域の子育て支援機能の充実及び児童等の福祉向上
補助対象者　：区市町村
補助対象経費：事業実施に必要な経費
負担割合　　：国１／３、都１／３、区市町村１／３",1,区市町村,"2,065,585 ",福祉局子供・子育て支援部家庭支援課,03-5320-4371,
2026,13,福祉局,01,子供家庭,子供を守る地域ネットワーク機能強化事業,東京都子供・子育て支援交付金（子供を守る地域ネットワーク機能強化事業）,"補助金の目的：児童虐待の発生予防、早期発見・早期対応
補助対象者　：区市町村
補助対象経費：事業実施に必要な経費
負担割合　　：国１／３、都１／３、区市町村１／３",1,区市町村,"87,620 ",福祉局子供・子育て支援部家庭支援課,03-5320-4371,
2026,13,福祉局,01,子供家庭,実費徴収に係る補足給付を行う事業,東京都子供・子育て支援交付金（実費徴収に係る補足給付事業）,"補助金の目的：生計が困難である支給認定保護者の子供が特定教育・保育施設で実費徴収を受けた場合の負担を軽減
補助対象者　：区市町村
補助対象経費：事業の実施に必要な経費
負担割合　　：国1/3、都1/3、区市町村1/3",1,区市町村,782 ,福祉局子供・子育て支援部企画課,03-5320-4371,
2026,13,福祉局,01,子供家庭,利用者支援事業,東京都子供・子育て支援交付金（利用者支援事業）,"補助金の目的：子供及びその保護者等の教育・保育・保健その他子育て支援の利用を支援
補助対象者　：区市町村
補助対象経費：事業の実施に必要な経費
負担割合　　：国2/3、都1/6、区市町村1/6",1,区市町村,"879,585 ",福祉局子供・子育て支援部企画課,03-5320-4200,
2026,13,福祉局,01,子供家庭,利用者支援体制強化事業,利用者支援体制強化事業補助金,"補助金の目的：子供及びその保護者等の教育・保育・保健その他子育て支援の利用を支援
補助対象者　：区市町村
補助対象経費：相談場所に専任職員を２名以上配置する場合の経費
負担割合　　：都2/3、区市町村1/3",1,区市町村,"151,606 ",福祉局子供・子育て支援部企画課,03-5320-4200,
2026,13,福祉局,01,子供家庭,子育て訪問支援員資質向上事業,子育て訪問支援員資質向上事業補助金,"補助金の目的：家事育児ヘルパーの量的確保・質の向上
補助対象者　：区市町村
補助対象経費：事業実施に必要な経費
負担割合　　：都1/2、区市町村1/2",1,区市町村,"40,040 ",福祉局子供・子育て支援部家庭支援課,03-5320-4371,
2026,13,福祉局,01,子供家庭,国基準経費（家庭支援事業）,東京都家庭支援事業に係る措置費等負担金,"補助金の目的：家庭支援事業を実施する中で措置となった際の義務的経費の補助
補助対象者　：区市町村
補助対象経費：事業実施に必要な経費
負担割合　　：国：1/2、都1/4、区市町村1/4",1,区市町村,"8,570 ",福祉局子供・子育て支援部家庭支援課,03-5320-4371,
2026,13,福祉局,01,子供家庭,地域における多様な居場所確保事業補助金,地域における多様な居場所確保事業補助金,"補助金の目的：小学校に通うことが難しい児童の一時的な受け皿として、既存の地域の社会資源等を活用し、見守りを実施
補助対象者　：区市町村
補助対象経費：事業実施に必要な経費
負担割合　　：都3/4、区市町村1/4 または 都1/2、区市町村1/2",1,区市町村,"86,000 ",福祉局子供・子育て支援部家庭支援課,03-5320-4371,
2026,13,福祉局,01,子供家庭,社会的養護職員等の奨学金返済・育成支援事業,社会的養護職員等の奨学金返済・育成支援事業補助金,"補助金の目的：社会的擁護の分野における人材確保・定着を強化
補助対象者　：社会的擁護の分野における新規採用職員
補助対象経費：社会的擁護の分野における新規採用職員の奨学金
負担割合　　：都10/10",5,民間団体,"40,320 ","福祉局子供・子育て支援部企画課
福祉局子供・子育て支援部育成支援課",03-5320-4136,
2026,13,福祉局,01,子供家庭,"児童育成支援拠点事業
",東京都子供・子育て支援交付金（児童育成支援拠点事業）,"補助金の目的：家庭や学校に居場所のない子供の居場所づくり
補助対象者　：区市町村
補助対象経費：事業の実施に必要な経費
負担割合　　：国1/3、都1/3、区市町村1/3",1,区市町村,"21,030 ",福祉局子供・子育て支援部家庭支援課,03-5320-4371,
2026,13,福祉局,01,子供家庭,妊産婦等生活援助事業,妊産婦等生活援助事業補助金,"補助金の目的：特定妊婦等の心身の健康の保持及び増進
補助対象者　：民間団体
補助対象経費：事業の実施に必要な経費
負担割合　　：国1/2、都1/2 または 国1/2、都1/4、区市町村1/4",5,民間団体,"166,389 ",福祉局子供・子育て支援部家庭支援課,03-5320-4371,
2026,13,福祉局,01,子供家庭,地域少子化対策重点推進強化交付金事業,地域少子化対策重点推進交付金,"補助金の目的：地域における少子化対策を推進
補助対象者　：区市町村
補助対象経費：事業の実施に必要な経費
負担割合　　：国1/2、区市町村1/2ほか",1,区市町村,"39,888 ",福祉局子供・子育て支援部企画課,03-5320-4115,
2026,13,福祉局,01,子供家庭,こども家庭センター体制強化事業,こども家庭センター体制強化事業補助金,"補助金の目的：子供家庭支援センターと母子保健部門が妊産婦に対して、連携した支援を行うことができる環境を整備
補助対象者　：区市町村
補助対象経費：事業実施に必要な経費
負担割合　　：都10/10",1,区市町村,"1,405,748 ",福祉局子供・子育て支援部家庭支援課,03-5320-4371,
2026,13,福祉局,01,子供家庭,保育所等における安全対策支援事業,保育所等における安全対策支援事業,"補助金の目的：保育所等が実施する安全対策を支援
補助対象者　：区市町村
補助対象経費：事業の実施に必要な経費
負担割合　　：都10/10",1,区市町村,"317,680 ",福祉局子供・子育て支援部保育支援課,03-5320-4128,
2026,13,福祉局,01,子供家庭,一時保護体制強化事業,児童養護施設の一時保護委託受入促進事業補助金,"補助金の目的：児童養護施設における児童の一時保護委託の受入体制の充実
補助対象者・児童養護施設
補助対象経費：事業の実施に必要な経費
負担割合：都10/10",6,一般都民,"15,400 ",福祉局子供・子育て支援部家庭支援課,03-5320-4127,
2026,13,福祉局,01,子供家庭,児童養護施設の助成,あけの星学園建物維持管理経費補助金、品川景徳学園建物維持管理経費補助金,"補助金の目的：施設利用者に対する質の高いサービスの提供と良好な施設・設備の維持管理
補助対象者　：民間事業者
補助対象経費：光熱水費、簡易専用水道設備保守、構内交換電話設備保守及び冷暖房保守
負担割合　　：都10/10（一部都 1/2 、 事業者 1/2）",5,民間団体,"3,362 ",福祉局子供・子育て支援部育成支援課,03-5320-4134,
2026,13,福祉局,01,子供家庭,母子の保護委託,児童入所施設措置費国庫負担金（母子生活支援施設）,"補助金の目的：母子生活支援施設の運営費を補助する
補助対象者　：区市町村
補助対象経費：事務費、事業費
負担割合　　：区市１/４、都１/４、国１/２（児相設置区、八王子市は区市１/２、国１/２）",1,区市町村,"395,702 ",福祉局子供・子育て支援部育成支援課,03-5320-4125,
2026,13,福祉局,01,子供家庭,母子の保護委託,産休等代替職員費補助金,"補助金の目的：児童福祉施設における児童等の処遇の確保
補助対象者　：区市町村
補助対象経費：産休等代替職員として任用承認を行った職員に係る費用
負担割合　　：都10/10",1,区市町村,438 ,福祉局子供・子育て支援部育成支援課,03-5320-4125,
2026,13,福祉局,01,子供家庭,民間社会福祉施設サービス推進費（児童福祉施設）,東京都民間社会福祉施設サービス推進費補助金（母子生活支援施設･児童養護施設･乳児院））,"補助金の目的：社会福祉施設利用者の福祉の向上
補助対象者　：母子生活支援施設、乳児院、児童養護施設
補助対象経費：社会福祉施設等の運営に係る経費
負担割合　　：都10/10",5,民間団体,"2,842,070 ",福祉局子供・子育て支援部育成支援課,03-5320-4122,
2026,13,福祉局,01,子供家庭,グループホーム・ファミリーホーム設置促進事業,東京都グループホーム・ファミリーホーム設置促進事業補助金,"補助金の目的：質の高いグループホーム等の運営と家庭的養護の推進
補助対象者　：児童養護施設
補助対象経費：グループホーム等支援員、サテライト型児童養護施設の事務所、事務所職員の配置、維持経費
負担割合　　：都10/10",5,民間団体,"533,540 ",福祉局子供・子育て支援部育成支援課,03-5320-4122,
2026,13,福祉局,01,子供家庭,専門機能強化型児童養護施設制度,東京都専門機能強化型児童養護施設運営費補助金,"補助金の目的：治療的・専門的ケアが必要な児童への適切な支援を行い児童の社会的自立の促進を図る 
補助対象者　：専門機能強化型児童養護施設を設置する社会福祉法人等
補助対象経費：専門機能強化型児童養護施設の運営に要する経費の一部
負担割合　　：都10/10",5,民間団体,"772,594 ",福祉局子供・子育て支援部育成支援課,03-5320-4122,
2026,13,福祉局,01,子供家庭,自立支援強化事業,自立支援強化事業補助,"補助金の目的：施設入所中の支援や退所後のアフターケアの体制を整備し、社会的養護のもとで育つ子供の社会的自立を図る
補助対象者　：児童養護施設
補助対象経費：自立支援コーディネーターの配置に係る経費、退所児童の居住費に係る経費。
負担割合　　：都10/10",5,民間団体,"237,900 ",福祉局子供・子育て支援部育成支援課,03-5320-4122,
2026,13,福祉局,01,子供家庭,乳児院等多機能化推進事業,"医療機関等連携強化事業補助金
障害児等受入体制等強化事業補助金
育児指導機能強化事業補助金","補助金の目的：乳児院等の多機能化を推進し、受入及び支援体制の強化。
補助対象者　：乳児院、児童養護施設及び 母子生活支援施設
補助対象経費：育児指導担当職員・医療機関等連絡調整員・障害児等受入調整員の配置に係る経費
負担割合　　：国1/2、都1/2（ただし、公立の母子生活支援施設は国1/2、都1/4・区市町村 1/4）",5,民間団体,"471,292 ",福祉局子供・子育て支援部育成支援課,03-5320-4136,
2026,13,福祉局,01,子供家庭,施設と地域との関係強化事業,施設と地域との関係強化事業補助,"補助金の目的：児童養護施設等において、入所児童の支援の充実 、高齢者等の活躍促進及び施設と地域との関係強化を図る
補助対象者　：児童養護施設、自立援助ホーム及び乳児院を運営する社会福祉法人等
補助対象経費：対象非常勤職員の雇用に係る経費
負担割合　　：都10/10",5,民間団体,"27,440 ",福祉局子供・子育て支援部育成支援課,03-5320-4136,
2026,13,福祉局,01,子供家庭,児童養護施設等職員宿舎借り上げ支援事業,児童養護施設等職員宿舎借り上げ支援事業補助金,"補助金の目的：児童養護施設等の職員の人材確保及び職場定着
補助対象者　：：児童養護施設、自立援助ホーム及び乳児院を運営する社会福祉法人等
補助対象経費：対象宿舎の借り上げに係る経費
負担割合　　：都7/8、事業者1/8　又は　都1/2、事業者1/2",5,民間団体,"522,953 ",福祉局子供・子育て支援部育成支援課,03-5320-4122,
2026,13,福祉局,01,子供家庭,児童養護施設等体制強化事業,児童養護施設等体制強化事業補助（区市町村）,"補助金の目的：児童養護施設等における児童指導員等の離職防止を及び人材確保
補助対象者　：区市町村、児童養護施設、乳児院、自立援助ホーム、母子生活支援施設、ファミリーホーム
補助対象経費：補助者の雇い上げに係る経費
負担割合　　：（区市町村）国1/2、都1/4、区市町村1/4　（民間事業者）国1/2、都1/2",1,区市町村,"2,273 ",福祉局子供・子育て支援部育成支援課,03-5320-4122,
2026,13,福祉局,01,子供家庭,児童養護施設等体制強化事業,児童養護施設等体制強化事業補助（民間団体）,"補助金の目的：児童養護施設等における児童指導員等の離職防止を及び人材確保
補助対象者　：区市町村、児童養護施設、乳児院、自立援助ホーム、母子生活支援施設、ファミリーホーム
補助対象経費：補助者の雇い上げに係る経費
負担割合　　：（区市町村）国1/2、都1/4、区市町村1/4　（民間事業者）国1/2、都1/2",5,民間団体,"625,511 ",福祉局子供・子育て支援部育成支援課,03-5320-4122,
2026,13,福祉局,01,子供家庭,こども家庭ソーシャルワーカー取得促進事業,こども家庭ソーシャルワーカー取得促進事業補助,"補助金の目的：児童養護施設等における相談支援等の質の向上
補助対象者　：児童養護施設、乳児院、自立援助ホーム、母子生活支援施設、ファミリーホーム
補助対象経費：代替職員雇上経費、研修受講料補助、旅費
負担割合　　：国2/3　都1/3",5,民間団体,"23,224 ",福祉局子供・子育て支援部育成支援課,03-5320-4122,
2026,13,福祉局,01,子供家庭,乳児院の医療体制整備事業,乳児院の医療体制整備事業補助,"補助金の目的：乳児院における常時医療及び看護が必要な病虚弱児等の受入体制を整備
補助対象者　：乳児院
補助対象経費：看護師の配置に係る経費
負担割合　　：都10/10",5,民間団体,"107,137 ",福祉局子供・子育て支援部育成支援課,03-5320-4136,
2026,13,福祉局,01,子供家庭,乳児院の家庭養育推進事業,乳児院の家庭養育推進事業補助,"補助金の目的：乳児院の入所児童等の家庭復帰及び里親委託を促進
補助対象者　：乳児院
補助対象経費：専門職員の配置に係る経費等
負担割合　　：都10/10",5,民間団体,"373,522 ",福祉局子供・子育て支援部育成支援課,03-5320-4136,
2026,13,福祉局,01,子供家庭,乳児院の一時保護委託受入促進事業,乳児院の一時保護委託受入促進事業補助,"補助金の目的：乳児院における児童の一時保護受入体制を整備
補助対象者　：乳児院
補助対象経費：専門職員の配置に係る経費、寝具等の初度調弁に要する経費
負担割合　　：都10/10",5,民間団体,"44,641 ",福祉局子供・子育て支援部育成支援課,03-5320-4136,
2026,13,福祉局,01,子供家庭,養育家庭制度,東京都養育家庭等自立援助事業補助,"補助金の目的：里親等に委託されてていた児童の自立後の生活の安定を図る
補助対象者　：養育家庭等/元委託児童
補助対象経費：相談援助などに係る経費の一部/一人暮らしにかかる居住費の一部
負担割合　　：都10/10",6,一般都民,"46,632 ",福祉局子供・子育て支援部育成支援課,03-5320-4135,
2026,13,福祉局,01,子供家庭,養子縁組民間あっせん機関助成事業,東京都養子縁組民間あっせん機関助成事業補助,"補助金の目的：養子縁組民間あっせん機関における効果的な支援体制の構築や職員の資質向上
補助対象者　：養子縁組民間あっせん機関
補助対象経費：研修に参加するための費用及び第三者評価を受審するための費用
負担割合　　：都1/2、国1/2",5,民間団体,"124,657 ",福祉局子供・子育て支援部育成支援課,03-5320-4135,
2026,13,福祉局,01,子供家庭,養子縁組民間あっせん機関助成事業（養親希望者手数料負担軽減事業）,東京都養子縁組民間あっせん機関助成事業補助（養親希望者手数料負担軽減事業）,"補助金の目的：養子縁組のさらなる促進
補助対象者　：養親希望者
補助対象経費：養親希望者が養子縁組民間あっせん機関に対して支払った手数料
負担割合　　：都1/2、国1/2",6,一般都民,"12,600 ",福祉局子供・子育て支援部育成支援課,03-5320-4135,https://www.fukushi.metro.tokyo.lg.jp/kodomo/satooya/sonota/youshintesuryo
2026,13,福祉局,01,子供家庭,里親委託交流経費補助事業,東京都里親委託交流事業補助,"補助金の目的：養育家庭等が委託候補児童との交流に係る経費の一部を補助する事業
補助対象者　：養育家庭・養子縁組里親
補助対象経費：交流に係る経費
負担割合　　：都1/2、国1/2",6,一般都民,"25,281 ",福祉局子供・子育て支援部育成支援課,03-5320-4135,https://www.fukushi.metro.tokyo.lg.jp/kodomo/satooya/seido/hotfamily/shinchaku/kouryuuzigyou
2026,13,福祉局,01,子供家庭,保育所,子どものための教育・保育給付費都費負担金（保育所）,"補助金の目的：就学前の子供に係る教育・保育の総合的な提供を推進
補助対象者　：区市町村
補助対象経費：保育に必要な経費
負担割合　　：国1/2、都1/4、区市町村1/4",1,区市町村,"73,374,044 ",福祉局子供・子育て支援部保育支援課,03-5320-4129,
2026,13,福祉局,01,子供家庭,認定こども園,子どものための教育・保育給付費都費負担金（認定こども園）,"補助金の目的：就学前の子供に係る教育・保育の総合的な提供を推進
補助対象者　：区市町村
補助対象経費：保育に必要な経費
負担割合　　：国1/2、都1/4、区市町村1/4",1,区市町村,"3,935,988 ",福祉局子供・子育て支援部保育支援課,03-5320-4129,
2026,13,福祉局,01,子供家庭,小規模保育事業,子どものための教育・保育給付費都費負担金（小規模保育事業）,"補助金の目的：就学前の子供に係る教育・保育の総合的な提供を推進
補助対象者　：区市町村
補助対象経費：保育に必要な経費
負担割合　　：国1/2、都1/4、区市町村1/4",1,区市町村,"3,892,299 ",福祉局子供・子育て支援部保育支援課,03-5320-4129,
2026,13,福祉局,01,子供家庭,家庭的保育事業,子どものための教育・保育給付費都費負担金（家庭的保育事業）,"補助金の目的：就学前の子供に係る教育・保育の総合的な提供を推進
補助対象者　：区市町村
補助対象経費：保育に必要な経費
負担割合　　：国1/2、都1/4、区市町村1/4",1,区市町村,"777,215 ",福祉局子供・子育て支援部保育支援課,03-5320-4129,
2026,13,福祉局,01,子供家庭,事業所内保育事業,子どものための教育・保育給付費都費負担金（事業所内保育事業）,"補助金の目的：就学前の子供に係る教育・保育の総合的な提供を推進
補助対象者　：区市町村
補助対象経費：保育に必要な経費
負担割合　　：国1/2、都1/4、区市町村1/4",1,区市町村,"297,092 ",福祉局子供・子育て支援部保育支援課,03-5320-4129,
2026,13,福祉局,01,子供家庭,居宅訪問型保育事業,子どものための教育・保育給付費都費負担金（居宅訪問型保育事業）,"補助金の目的：就学前の子供に係る教育・保育の総合的な提供を推進
補助対象者　：区市町村
補助対象経費：保育に必要な経費
負担割合　　：国1/2、都1/4、区市町村1/4",1,区市町村,"296,991 ",福祉局子供・子育て支援部保育支援課,03-5320-4129,
2026,13,福祉局,01,子供家庭,特例保育事業,子どものための教育・保育給付費都費負担金（特例保育事業）,"補助金の目的：就学前の子供に係る教育・保育の総合的な提供を推進
補助対象者　：区市町村
補助対象経費：保育に必要な経費
負担割合　　：国1/2、都1/4、区市町村1/4",1,区市町村,"10,268 ",福祉局子供・子育て支援部保育支援課,03-5320-4129,
2026,13,福祉局,01,子供家庭,保育環境改善等事業,東京都保育環境改善等事業費補助金,"補助金の目的：障害児等を受け入れるための改修等による、子供を安心して育てることができる体制整備
補助対象者　：区市町村
補助対象経費：既存施設の改修費用等
負担割合　　：国1/3、都1/3、区市町村1/3",1,区市町村,"129,136 ",福祉局子供・子育て支援部保育支援課,03-5320-4129,
2026,13,福祉局,01,子供家庭,延長保育事業,東京都子供・子育て支援交付金（延長保育事業）,"補助金の目的：安心して子育てができる環境を整備し児童の福祉の向上を図る
補助対象者　：区市町村
補助対象経費：事業の実施に必要な費用
負担割合　　：国1/3、都1/3、区市町村1/3",1,区市町村,"1,556,589 ",福祉局子供・子育て支援部保育支援課,03-5320-4129,
2026,13,福祉局,01,子供家庭,東京都保育士等キャリアアップ補助,東京都保育士等キャリアアップ補助金（認可保育所・社会福祉法人）,"補助金の目的：保育サービスの質の向上を図る
補助対象者　：社会福祉法人等立の認可保育所
補助対象経費：交付対象施設に勤務する職員の人件費
負担割合　　：都10/10",5,民間団体,"16,309,972 ",福祉局子供・子育て支援部保育支援課,03-5320-7682,https://www.fukushi.metro.tokyo.lg.jp/kodomo/jigyo/kyaria-hoiku
2026,13,福祉局,01,子供家庭,東京都保育士等キャリアアップ補助,保育士等キャリアアップ補助金（株式等、認定こども園、認証保育所）,"補助金の目的：保育サービスの質の向上を図る
補助対象者　：区市町村
補助対象経費：賃金改善に要した経費
負担割合　　：都10/10",1,区市町村,"15,139,185 ",福祉局子供・子育て支援部保育支援課,03-5320-4129,
2026,13,福祉局,01,子供家庭,東京都保育士等キャリアアップ補助,保育士等キャリアアップ補助金（地域型保育等）,"補助金の目的：保育サービスの質の向上を図る
補助対象者　：区市町村
補助対象経費：賃金改善に要した経費
負担割合　　：都1/2、区市町村1/2",1,区市町村,"1,308,165 ",福祉局子供・子育て支援部保育支援課,03-5320-4129,
2026,13,福祉局,01,子供家庭,保育サービス推進事業,東京都保育サービス推進事業補助金（認可保育所・社会福祉法人）,"補助金の目的：保育サービスの質の向上を図る
補助対象者　：社会福祉法人等立の認可保育所
補助対象経費：交付対象施設の運営費
負担割合　　：都10/10",5,民間団体,"8,993,733 ",福祉局子供・子育て支援部保育支援課,03-5320-7682,https://www.fukushi.metro.tokyo.lg.jp/kodomo/jigyo/kyaria-hoiku
2026,13,福祉局,01,子供家庭,保育サービス推進事業,保育サービス推進事業補助金（株式等、認定こども園、認証保育所）,"補助金の目的：利用者の福祉の向上を図る
補助対象者　：区市町村
補助対象経費：補助対象施設・事業の運営費
負担割合　　：都10/10",1,区市町村,"8,213,075 ",福祉局子供・子育て支援部保育支援課,03-5320-4129,
2026,13,福祉局,01,子供家庭,保育サービス推進事業,保育サービス推進事業補助金（地域型保育等）,"補助金の目的：利用者の福祉の向上を図る
補助対象者　：区市町村
補助対象経費：補助対象施設・事業の運営費
負担割合　　：都1/2、区市町村1/2",1,区市町村,"370,558 ",福祉局子供・子育て支援部保育支援課,03-5320-4129,
2026,13,福祉局,01,子供家庭,保育体制強化事業,保育体制強化事業補助費補助金,"補助金の目的：地域住民等を見守り活動に活用し保育の体制を強化する
補助対象者　：区市町村
補助対象経費：保育支援者の配置に要する費用
負担割合　　：国1/2、都1/4、区市町村1/4",1,区市町村,"816,778 ",福祉局子供・子育て支援部保育支援課,03-5320-4129,
2026,13,福祉局,01,子供家庭,保育補助者雇上強化事業,保育補助者雇上強化事業費補助金,"補助金の目的：保育補助者を雇上げ保育人材の確保を行う
補助対象者　：区市町村
補助対象経費：保育補助者の雇上げに要した費用
負担割合　　：国3/4、都1/8、区市町村1/8　又は　都7/8、区市町村1/8",1,区市町村,"1,732,392 ",福祉局子供・子育て支援部保育支援課,03-5320-4129,
2026,13,福祉局,01,子供家庭,多様な事業者の参入促進・能力活用事業等,東京都子供・子育て支援交付金（新規参入施設への巡回支援事業）,"補助金の目的：良質かつ適切な教育・保育等の提供体制を確保
補助対象者　：区市町村
補助対象経費：事業の実施に必要な経費
負担割合　　：国1/3、都1/3、区市町村1/3　又は　都1/2、区市町村1/2",1,区市町村,"21,755 ",福祉局子供・子育て支援部保育支援課,03-5320-7775,
2026,13,福祉局,01,子供家庭,保育所等の質の確保・向上のための巡回支援指導事業,保育所等の質の確保・向上のための巡回支援指導事業費補助金）,"補助金の目的：安心かつ安全な保育の実施
補助対象者　：区市町村
補助対象経費：巡回支援指導員の配置経費、感染症対策に係る巡回支援指導経費
負担割合　　：国1/2、都1/4、区市町村1/4",1,区市町村,"383,785 ",福祉局子供・子育て支援部保育支援課,03-5320-4128,
2026,13,福祉局,01,子供家庭,待機児童解消区市町村支援事業,待機児童解消区市町村支援事業補助,"補助金の目的：待機児童解消の解消に向けた保育サービス拡充の促進
補助対象者　：区市町村
補助対象経費：事業者負担軽減のための開設準備経費補助等の充実事業他
負担割合　　：都1/2、区市町村1/2など",1,区市町村,"1,700,000 ",福祉局子供・子育て支援部保育支援課,03-5320-4128,
2026,13,福祉局,01,子供家庭,区市町村認可居宅訪問型保育促進事業,区市町村認可居宅訪問型保育促進事業補助,"補助金の目的：居宅訪問型保育事業の活用促進
補助対象者　：区市町村
補助対象経費：居宅訪問型保育事業（地域型含む）に係る地域型保育給付の1/4相当分
負担割合　　：都10/10",1,区市町村,"168,021 ",福祉局子供・子育て支援部保育支援課,03-5320-7775,
2026,13,福祉局,01,子供家庭,緊急１歳児等受入事業,緊急１歳児等受入事業費補助金,"補助金の目的：認可保育所における空き定員や余裕スペース等を活用し、児童の福祉の向上を図る
補助対象者　：区市町村
補助対象経費：事業の実施に必要な経費
負担割合　　：都3/4～10/10、区市町村0～1/4",1,区市町村,"363,033 ",福祉局子供・子育て支援部保育支援課,03-5320-7682,
2026,13,福祉局,01,子供家庭,東京都病児保育推進事業,東京都病児保育推進事業費補助金,"補助金の目的：安心して子育てができる環境を整備し児童の福祉の向上を図る
補助対象者　：区市町村
補助対象経費：事業の実施に必要な費用
負担割合　　：国1/3、都1/3、区市町村1/3
　　　　　　　　 都2/3、区市町村1/3、
　　　　　　　 　都10/10　又は都1/2、区市町村1/2",1,区市町村,"1,869,784 ",福祉局子供・子育て支援部保育支援課,03-5320-4129,
2026,13,福祉局,01,子供家庭,東京都病児保育推進事業（ベビーシッターを利用した病児保育に係る検証事業）,ベビーシッターを利用した病児保育に係る検証事業補助金,"補助金の目的：安心して子育てができる環境を整備し児童の福祉の向上を図る
補助対象者　：①突発的な病気などで、保育所等への預け入れが難しい未就学児（生後６か月未満児を除く）の保護者   ②都が認定する事業者
補助対象経費：①ベビーシッター利用料等　②事業の実施に必要な経費
負担割合　　：都10/10",5,民間団体,"489,593 ",福祉局子供・子育て支援部保育支援課,03-5320-4131,
2026,13,福祉局,01,子供家庭,家庭的保育事業（都）,区市町村が行う家庭的保育事業等に対する都費補助,"補助金の目的：安心して子育てができる環境を整備し児童の福祉の向上を図る
補助対象者　：区市町村
補助対象経費：事業の実施に必要な経費
負担割合　　：都1/2、区市町村1/2",1,区市町村,"51,101 ",福祉局子供・子育て支援部保育支援課,03-5320-7775,
2026,13,福祉局,01,子供家庭,院内保育施設運営費,院内保育事業運営費補助金,"補助金の目的：医療従事者の離職防止及び再就業を促進するとともに、病児等保育を行う
補助対象者　：病院及び診療所
補助対象経費：院内保育施設運営費
負担割合　　：国4/9、都2/9、事業者1/3",5,民間団体,"186,368 ",福祉局子供・子育て支援部保育支援課,03-5320-4131,https://www.fukushi.metro.tokyo.lg.jp/kodomo/hoiku/innaihoiku
2026,13,福祉局,01,子供家庭,医療的ケア児保育支援事業,医療的ケア児保育支援事業費補助金,"補助金の目的：医療的ケア児の地域生活支援の向上を図る
補助対象者　：区市町村
補助対象経費：本事業を実施するために必要な経費
負担割合　　：国1/2、都1/4、区市町村1/4など",1,区市町村,"777,732 ",福祉局子供・子育て支援部保育支援課,03-5320-7682,
2026,13,福祉局,01,子供家庭,認証保育所1歳児等受入促進事業,認証保育所１歳児等受入促進事業補助,"補助金の目的：保育利用ニーズの高い1歳児等に対する保育サービスの提供の拡大
補助対象者　：区市町村
補助対象経費：事業の実施に必要な経費
負担割合　　：都1/2～10/10、区市町村0～1/2",1,区市町村,"95,769 ",福祉局子供・子育て支援部保育支援課,03-5320-4212,
2026,13,福祉局,01,子供家庭,認証保育所障害児受入促進事業,認証保育所障害児受入促進事業補助,"補助金の目的：障害児に対する保育サービスの提供の拡大
補助対象者　：区市町村
補助対象経費：事業の実施に必要な経費
負担割合　　：都1/2、区市町村1/2",1,区市町村,"192,189 ",福祉局子供・子育て支援部保育支援課,03-5320-4212,
2026,13,福祉局,01,子供家庭,認証保育所事業,東京都認証保育所運営費等補助金,"補助金の目的：認証を受けた保育所におけるサービス水準の維持向上、児童福祉の増進
補助対象者　：市町村
補助対象経費：事業の実施に必要な経費
負担割合　　：都１/２、市町村１／２",1,区市町村,"4,131,998 ",福祉局子供・子育て支援部保育支援課,03-5320-4212,https://www.fukushi.metro.tokyo.lg.jp/kodomo/hoiku/ninsyo/syosai
2026,13,福祉局,01,子供家庭,認証保育所等における地域の子育て支援への対応強化事業,認証保育所等における地域の子育て支援への対応強化事業補助金,"補助金の目的：安心して子育てができる環境を整備し児童の福祉の向上を図る
補助対象者　：区市町村
補助対象経費：事業の実施に必要な経費
負担割合　　：都10/10",1,区市町村,"81,000 ",福祉局子供・子育て支援部保育支援課,03-5320-4212,
2026,13,福祉局,01,子供家庭,認可化移行総合支援事業,東京都認可化移行総合支援事業補助金,"補助金の目的：安心して子育てができる環境を整備し児童の福祉の向上を図る
補助対象者　：区市町村
補助対象経費：事業の実施に必要な経費
負担割合　　：国1/2、都1/4、区市町村1/4",1,区市町村,"5,110 ",福祉局子供・子育て支援部保育支援課,03-5320-4212,
2026,13,福祉局,01,子供家庭,認証化移行支援事業,東京都認証化移行支援事業補助,"補助金の目的：安心して子育てができる環境を整備し児童の福祉の向上を図る
補助対象者　：区市町村
補助対象経費：運営費、改修費、移転費、指導助言費
負担割合　　：都1/2、区市町村1/2",1,区市町村,"5,110 ",福祉局子供・子育て支援部保育支援課,03-5320-4212,
2026,13,福祉局,01,子供家庭,認可外保育施設改修費等支援事業,認可外保育施設改修費等支援事業,"補助金の目的：安心して子育てができる環境を整備し児童の福祉の向上を図る
補助対象者　：区市町村
補助対象経費：事業の実施に必要な経費
負担割合　　：国1/2、都1/8、区市町村1/8、事業者1/4",1,区市町村,"6,326 ",福祉局子供・子育て支援部保育支援課,03-5320-7775,
2026,13,福祉局,01,子供家庭,認可外保育施設事業,子育てのための施設等利用費都費負担金,"補助金の目的：幼児教育・保育の無償化
補助対象者　：区市町村
補助対象経費：認可外保育施設等に係る施設等利用費
負担割合　　：国1/2、都1/4、区市町村1/4",1,区市町村,"1,494,525 ",福祉局子供・子育て支援部保育支援課,03-5320-7775,
2026,13,福祉局,01,子供家庭,保育所等利用世帯負担軽減事業,保育所等利用世帯負担軽減事業費補助金,"補助金の目的：保育サービスに係る保育料の負担軽減
補助対象者　：区市町村
補助対象経費：事業の実施に必要な経費
負担割合　　：都10/10",1,区市町村,"89,246,226 ",福祉局子供・子育て支援部保育支援課,03-5320-4129,https://www.fukushi.metro.tokyo.lg.jp/kodomo/hoiku/mushouka
2026,13,福祉局,01,子供家庭,認可外保育施設利用支援事業,東京都認可外保育施設利用支援事業補助金,"補助金の目的：認可外保育施設の利用者支援及び地域の実情に応じた保育サービスの整備促進
補助対象者　：区市町村
補助対象経費：事業の実施に必要な経費
負担割合　　：都1/2～10/10、区市町村0～1/2",1,区市町村,"14,190,328 ",福祉局子供・子育て支援部保育支援課,03-5320-7775,
2026,13,福祉局,01,子供家庭,ベビーシッター利用支援事業,ベビーシッター利用支援事業（事業者連携型）,"補助金の目的：保護者の多様なニーズに応えるとともに、待機児童解消に資する。
補助対象者　：①待機児童の保護者、②育児休業満了者、③夜間帯保育を必要とする保護者
補助対象経費：ベビーシッター利用料等
負担割合　　：①都7/8、区市町村1/8、②都10/10、③都1/2、区市町村1/2",5,民間団体,"603,508 ",福祉局子供・子育て支援部保育支援課,03-5320-4131,https://www.fukushi.metro.tokyo.lg.jp/kodomo/hoiku/bs
2026,13,福祉局,01,子供家庭,ベビーシッター利用支援事業,ベビーシッター利用支援事業（一時預かり利用支援）補助金,"補助金の目的：保護者の多様なニーズに応える
補助対象者　：一時的に保育を必要とする保護者、共同保育を必要とする保護者
補助対象経費：ベビーシッター利用料
負担割合　　：都10/10",1,区市町村,"6,491,730 ",福祉局子供・子育て支援部保育支援課,03-5320-4131,https://www.fukushi.metro.tokyo.lg.jp/kodomo/hoiku/bs
2026,13,福祉局,01,子供家庭,ベビーシッター利用支援事業,ベビーシッター利用支援事業交通費補助金,"補助金の目的：交通費の一部を補助することにより、ベビーシッター利用支援事業の利用を支援
補助対象者　：ベビーシッター利用支援事業（ベビーシッター事業者連携型）の利用者
補助対象経費：交通費
負担割合　　：都1/2、区1/2",1,区市町村,"8,820 ",福祉局子供・子育て支援部保育支援課,03-5320-4131,https://www.fukushi.metro.tokyo.lg.jp/kodomo/hoiku/bs
2026,13,福祉局,01,子供家庭,ベビーシッター利用支援事業,ベビーシッター利用支援事業認定事業者に対する保育の質向上支援事業補助金,"補助金の目的：ベビーシッターを安全・安心に利用できる環境を整備
補助対象者　：ベビーシッター利用支援事業認定事業者
補助対象経費：巡回支援に要する人件費・交通費、ウェブカメラの購入経費等
負担割合　　：都10/10",5,民間団体,"28,959 ",福祉局子供・子育て支援部保育支援課,03-5320-4131,https://www.fukushi.metro.tokyo.lg.jp/kodomo/hoiku/bs
2026,13,福祉局,01,子供家庭,定期借地権利用による認可保育所等整備促進事業,定期借地権利用による認可保育所等整備促進事業補助,"補助金の目的：定期借地権利用による認可保育所等の整備促進
補助対象者　：区市町村
補助対象経費：保育所用地確保のための定期借地権設定に際して要する経費の一部
負担割合　　：国1/2、都1/4、区市町村1/４",1,区市町村,"10,000 ",福祉局子供・子育て支援部保育支援課,03-5320-4128,
2026,13,福祉局,01,子供家庭,借地を活用した認可保育所等設置支援事業,借地を活用した認可保育所等設置支援事業補助,"補助金の目的：借地を活用した認可保育所等設置促進
補助対象者　：区市町村
補助対象経費：国有地等を借り受けて認可保育所等を新たに整備する場合に要する土地の賃料
負担割合：都1/4、区市町村1/4、事業者等1/2 、都7/8、区市町村1/16、事業者等1/16、又は　都3/4、区市町村1/8、事業者1/8",1,区市町村,"5,311 ",福祉局子供・子育て支援部保育支援課,03-5320-4128,
2026,13,福祉局,01,子供家庭,賃貸物件による保育所等の開設準備経費補助事業,賃貸物件による保育所等の開設準備経費補助・開設前賃借料補助,"補助金の目的：賃貸物件等を活用した保育所等設置の促進
補助対象者　：区市町村
補助対象経費：認可保育所等の新設に係る開設前の賃借料
負担割合　　：都1/2（2/3）、区市町村1/4（1/12）、事業者1/4",1,区市町村,"107,736 ",福祉局子供・子育て支援部保育支援課,03-5320-4128,
2026,13,福祉局,01,子供家庭,保育所等賃借料補助事業,保育所等賃借料補助事業補助金,"補助金の目的：賃貸物件を活用した保育所等の整備を促進し開設後の運営の安定化を図る
補助対象者　：区市町村
補助対象経費：開設後の賃借料のうち、「実支出額」と「公定価格の賃借料加算」の差額の一部
負担割合　　：国0～1/2、都0～7/8、区市町村1/16～1/4、事業者1/16～1/4",1,区市町村,"10,121,101 ",福祉局子供・子育て支援部保育支援課,03-5320-4129,
2026,13,福祉局,01,子供家庭,児童福祉施設等耐震化促進事業（土地借料補助）,社会福祉施設等耐震化促進事業（児童福祉施設等耐震改修等経費）補助金,"補助金の目的：保育所等の耐震化を一層推進することにより、安全な保育環境を整備
補助対象者　：区市町村
補助対象経費：仮設施設整備に必要な土地借料
負担割合　　：都5/8、区市町村1/4、事業者等1/8",1,区市町村,"1,875 ",福祉局子供・子育て支援部保育支援課,03-5320-4128,
2026,13,福祉局,01,子供家庭,一時保護費（二次）,女性自立支援施設における一時保護委託同伴児童学習支援補助事業補助金,"補助金の目的：一時保護所入所女性の同伴児童に対する学習支援
補助対象者　：女性自立支援施設等
補助対象経費：事業の実施に必要な経費
負担割合　　：都10/10",5,民間団体,"1,925 ",福祉局子供・子育て支援部女性相談支援センター,03-5261-3911,
2026,13,福祉局,01,子供家庭,来日外国人女性緊急保護事業補助,東京都来日外国人女性緊急保護事業補助,"補助金の目的：緊急に保護を求める外国人女性に対する保護体制の充実を図る
補助対象者　：社会福祉法人
補助対象経費：人件費、管理費
負担割合　　：都10/10",5,民間団体,"7,200 ",福祉局子供・子育て支援部女性相談センター,03-5261-3911,
2026,13,福祉局,01,子供家庭,女性自立支援施設退所者自立生活支援事業補助,女性自立支援施設退所者自立生活支援事業補助金,"補助金の目的：女性自立支援施設退所者の地域社会で安定した生活の促進
補助対象者　：女性自立支援施設
補助対象経費：事業の実施に必要な経費
負担割合　　：国1/2,都1/2",5,民間団体,"6,433 ",福祉局子供・子育て支援部女性相談支援センター,03-5261-3911,
2026,13,福祉局,01,子供家庭,東京都女性自立支援施設通所型支援モデル事業,東京都女性自立支援施設通所支援モデル事業補助金,"補助金の目的：困難な問題を抱える女性の多様な居場所を確保し、女性の自立支援を図る
補助対象者　：女性自立支援施設
補助対象経費：事業の実施に必要な経費
負担割合　　：国3/4,都1/4",5,民間団体,"34,425 ",福祉局子供・子育て支援部女性相談支援センター,03-5261-3911,
2026,13,福祉局,01,子供家庭,若年被害女性等支援事業,東京都若年被害女性等支援事業補助,"補助金の目的：様々な困難を抱えた若年女性の自立の推進
補助対象者　：民間事業者
補助対象経費：事業の実施に必要な経費
負担割合　　：国2/3,都1/3（補助対象経費は総事業費の3/4）",5,民間団体,"199,988 ",福祉局子供・子育て支援部育成支援課,03-5320-4125,https://www.fukushi.metro.tokyo.lg.jp/kodomo/joseifukushi/moderu
2026,13,福祉局,01,子供家庭,新生寮建物維持管理経費の助成,救世軍新生寮建物維持管理経費補助金,"補助金の目的：良好な施設・設備の維持管理
補助対象者　：民間事業者
補助対象経費：建物・工作物の維持管理に要する経費
負担割合　　：都１０／１０",5,民間団体,"1,492 ",福祉局子供・子育て支援部育成支援課,03-5320-4132,
2026,13,福祉局,01,子供家庭,民間社会福祉施設サービス推進費（女性）,東京都民間社会福祉施設サービス推進費補助金（女性）,"補助金の目的：女性自立支援施設入所者の処遇改善及び施設運営の充実
補助対象者　：女性自立支援施設
補助対象経費：運営費、施設整備費
負担割合　　：都10/10",5,民間団体,"100,495 ",福祉局子供・子育て支援部女性相談支援センター,03-5261-3911,
2026,13,福祉局,01,子供家庭,東京都女性自立支援施設従事職員等処遇改善事業,東京都女性自立支援施設従事職員等処遇改善事業補助金,"補助金の目的：女性自立支援施設従事職員の処遇改善のために、収入引き上げの措置を実施
補助対象者　：女性自立支援施設
補助対象経費：賃金改善に要する経費
負担割合　　：都10/10",5,民間団体,"11,949 ",福祉局子供・子育て支援部女性相談支援センター,03-5261-3911,
2026,13,福祉局,01,子供家庭,東京都女性自立支援施設キャリアアップ補助事業,東京都女性自立支援施設キャリアアップ補助事業補助金,"補助金の目的：女性自立支援施設のサービスの質の向上を図る
補助対象者　：女性自立支援施設
補助対象経費：賃金改善に要した経費
負担割合　　：都10/10",5,民間団体,"41,267 ",福祉局子供・子育て支援部女性相談支援センター,03-5261-3911,
2026,13,福祉局,01,子供家庭,東京都女性自立支援施設講座補助事業,東京都女性自立支援施設講座補助事業補助金,"補助金の目的：女性自立支援施設の利用者が地域生活に必要な知識技術等を身に着けるための講座開催に係る経費を支援
補助対象者　：女性自立支援施設
補助対象経費：外部講師を活用した講座等に要する経費
負担割合　　：都10/10",5,民間団体,"2,219 ",福祉局子供・子育て支援部女性相談支援センター,03-5261-3911,
2026,13,福祉局,01,子供家庭,児童福祉施設等整備費補助,児童館環境整備補助,"補助金の目的：児童館の環境整備を図り、地域の児童健全育成に寄与
補助対象者　：区市町村
補助対象経費：事業の実施に必要な経費
負担割合　　：都10/10等",1,区市町村,"532,358 ",福祉局子供・子育て支援部家庭支援課,03-5320-4371,
2026,13,福祉局,01,子供家庭,児童福祉施設等整備費補助,学童クラブ整備補助金,"補助金の目的：学童クラブの整備促進を図り、地域の児童健全育成に寄与
補助対象者　：区市町村
補助対象経費：事業の実施に必要な経費
負担割合　　：都10/10　又は　国1/3、都1/3、区市町村1/3等",1,区市町村,"496,050 ",福祉局子供・子育て支援部家庭支援課,03-5320-4371,https://www.fukushi.metro.tokyo.lg.jp/kodomo/hoiku/gakudou_jidoukan/gakudouseibi
2026,13,福祉局,01,子供家庭,児童福祉施設等整備費補助,次世代育成支援対策施設整備交付金（民間児童養護施設）,"補助金の目的：次世代育成支援対策の推進
補助対象者　：児童福祉施設等
補助対象経費：整備に要する経費等
負担割合　　：国1/2、都1/4、事業者1/4等",5,民間団体,"363,436 ",福祉局子供・子育て支援部企画課,03-5320-4112,
2026,13,福祉局,01,子供家庭,児童福祉施設等整備費補助,児童福祉施設等整備費補助（民間児童養護施設）,"補助金の目的：児童福祉施設等の整備促進
補助対象者　：母子生活支援施設、児童養護施設、女性自立支援施設、乳児院,小規模住居型児童養育事業所、児童自立生活援助事業所
補助対象経費：整備に要する経費等
負担割合　　：都10/10等",5,民間団体,"166,196 ",福祉局子供・子育て支援部企画課,03-5320-4112,
2026,13,福祉局,01,子供家庭,児童福祉施設等整備費補助,次世代育成支援対策施設整備交付金（乳児院）,"補助金の目的：次世代育成支援対策の推進
補助対象者　：児童福祉施設等
補助対象経費：整備に要する経費等
負担割合　　：国1/2、都1/4、事業者1/4等",5,民間団体,"37,169 ",福祉局子供・子育て支援部企画課,03-5320-4112,
2026,13,福祉局,01,子供家庭,児童福祉施設等整備費補助,次世代育成支援対策施設整備交付金（自立援助ホーム）,"補助金の目的：次世代育成支援対策の推進
補助対象者　：児童福祉施設等
補助対象経費：整備に要する経費等
負担割合　　：国1/2、都1/4、事業者1/4等",5,民間団体,"129,044 ",福祉局子供・子育て支援部企画課,03-5320-4112,
2026,13,福祉局,01,子供家庭,児童福祉施設等整備費補助,児童福祉施設等整備費補助（自立援助ホーム）,"補助金の目的：児童福祉施設等の整備促進
補助対象者　：母子生活支援施設、児童養護施設、女性自立支援施設、乳児院,小規模住居型児童養育事業所、児童自立生活援助事業所
補助対象経費：整備に要する経費等
負担割合　　：都10/10等",5,民間団体,"1,584 ",福祉局子供・子育て支援部企画課,03-5320-4112,
2026,13,福祉局,01,子供家庭,児童福祉施設等整備費補助,次世代育成支援対策施設整備交付金（母子生活支援施設）,"補助金の目的：次世代育成支援対策の推進
補助対象者　：児童福祉施設等
補助対象経費：整備に要する経費等
負担割合　　：国1/2、都1/4、事業者1/4等",5,民間団体,"94,108 ",福祉局子供・子育て支援部企画課,03-5320-4112,
2026,13,福祉局,01,子供家庭,院内保育所整備費補助,東京都病院内保育所施設整備費補助金,"補助金の目的：保育施設の設置による医療従事者の離職防止及び再就業の促進
補助対象者　：病院内保育所を設置する法人等
補助対象経費：病院内保育所の新築、増改築等に要する工事費及び工事請負費
負担割合　　：国4/9、都2/9、設置者1/3",5,民間団体,"15,424 ",福祉局子供・子育て支援部保育支援課,03-5320-4131,https://www.fukushi.metro.tokyo.lg.jp/kodomo/hoiku/innaihoiku
2026,13,福祉局,01,子供家庭,病児保育施設整備費補助,病児保育施設整備費補助金,"補助金の目的：病児保育事業の推進を図る
補助対象者　：区市町村
補助対象経費：工事費又は工事請負費等
負担割合　　：国1/3、都1/3、区市町村1/3（国3/10、都3/10、区市町村3/10、社会福祉法人等1/10）
※広域利用の場合は区市町村負担分を都が負担",1,区市町村,"23,354 ",福祉局子供・子育て支援部保育支援課,03-5320-4129,
2026,13,福祉局,01,子供家庭,社会福祉施設等への非常用電源等の整備促進事業,社会福祉施設等への非常用電源等の整備促進事業補助,"補助金の目的：児童福祉施設等の非常用電源等の整備促進
補助対象者　：民間事業者
補助対象経費：整備に要する経費等
負担割合　　：都3/4、事業者1/4",5,民間団体,"445,500 ",福祉局子供・子育て支援部企画課,03-5320-4112,
2026,13,福祉局,03,障害者,"相談支援従事者研修
サービス管理責任者研修
障害者虐待防止対策支援事業
介護職員等によるたんの吸引等のための研修事業（障害者施策推進部）",障害福祉サービス事業所等従事者研修受講料補助金,"補助金の目的：職員研修の受講に係る経費の一部を補助することで、職員の育成及びサービスの質の向上を図る。
補助対象者　：職員が対象研修を受講する際に受講料等を負担する法人 
補助対象経費：強度行動障害支援者養成研修（基礎研修・実践研修）、サービス管理責任者等研修（基礎研修・実践研修・更新研修）、相談支援従事者研修（初任者研修・現任研修）、介護職員等によるたんの吸引等の実施のための研修（特定の者対象研修）の受講料及びテキスト代として法人が負担した額
負担割合　　：都3/4、事業者1/4",5,民間団体,"13,950 ",福祉局障害者施策推進部地域生活支援課,03-5320-4579,
2026,13,福祉局,03,障害者,介護職員等によるたんの吸引等のための研修事業（障害者施策推進部）,喀痰吸引等登録研修機関開設準備経費支援補助金,"補助金の目的：登録研修機関の開設を促進し、喀痰吸引等の医療的ケアを実施することのできる介護職員を養成し、もって喀痰吸引等が必要な者に対するサービスの質の向上を促進
補助対象者　：都の登録研修機関の登録を受けた民間事業者
補助対象経費：喀痰吸引等研修に必要な機械器具の購入に必要な経費
負担割合　　：都10/10",5,民間団体,"2,813 ",福祉局障害者施策推進部地域生活支援課,03-5320-4579,https://www.fukushi.metro.tokyo.lg.jp/shougai/jigyo/tankyuin/kenshukikan
2026,13,福祉局,03,障害者,心身障害者福祉手当,心身障害者福祉手当,"補助金の目的：在宅の心身障害者に対して手当を支給することにより、障害者の福祉の増進を図る。
補助対象者　：都が定める要件に該当する心身障害者
補助対象経費：認定請求した月から、4月、8月、12月に、前月までの手当を支給する
負担割合　　：都10/10",1,区市町村,"6,767,038 ",福祉局障害者施策推進部施設サービス支援課,03-5320-4146,
2026,13,福祉局,03,障害者,居宅介護等事業,居宅介護等事業,"補助金の目的：障害者及び障害児の福祉の増進
補助対象者　：区市町村
補助対象経費：介護給付費等の支給に要した経費
負担割合　　：都1/2、都1/4、区市町村1/4",1,区市町村,"13,669,630 ",福祉局障害者施策推進部地域生活支援課,03-5320-4325,
2026,13,福祉局,03,障害者,居宅介護等事業,重度障害者に係る区市町村特別支援（都道府県地域生活支援事業）,"補助金の目的：介護給付費の支給のうち、国庫負担基準超過額に対して、一定の補助を行う
補助対象者　：区市町村
補助対象経費：介護給付費のうち、障害福祉サービス費等負担対象額を超える額
負担割合　　：国1/2、都1/2",1,区市町村,"341,206 ",福祉局障害者施策推進部地域生活支援課,03-5320-4324,
2026,13,福祉局,03,障害者,居宅介護等事業,区市町村特別支援事業,"補助金の目的：国庫負担基準超過額に対して補助を行う
補助対象者　：区市町村
補助対象経費：障害福祉サービス費等負担対象額を超える額
負担割合　　：都1/4、区市町村3/4",1,区市町村,"1,407,477 ",福祉局障害者施策推進部地域生活支援課,03-5320-4324,
2026,13,福祉局,03,障害者,居宅介護等事業,重度訪問介護等の利用促進に係る市町村支援事業,"補助金の目的：重度障害者の地域生活を支援するため、重度障害者の割合が著しく高い市町村に対し、財政支援を行う。
補助対象者　：人口30万人未満の市町村
補助対象経費：介護給付費等（訪問系サービス）の支給に要した費用
負担割合　　：国1/2都1/4市町村1/4",1,区市町村,"459,382 ",福祉局障害者施策推進部地域生活支援課,03-5320-4324,
2026,13,福祉局,03,障害者,重度脳性麻痺者介護事業（家族介護）,重度脳性麻痺者介護事業（家族介護）,"補助金の目的：重度の脳性麻痺者を介護し、生活圏の拡大を図るための援助を行うことによる重度脳性麻痺者の福祉の増進
補助対象者　：区市町村
補助対象経費：区市町村が実施する重度脳性麻痺者介護事業に必要な介護人への謝金
負担割合　　：都10/10",1,区市町村,"213,083 ",福祉局障害者施策推進部地域生活支援課,03-5320-4325,
2026,13,福祉局,03,障害者,障害者（児）ショートステイ事業,障害者（児）ショートステイ事業,"補助金の目的：在宅の障害者(児)の援護対策の一環として、居宅において介護を受けることが困難になった場合に、一時的に施設等で保護をすることにより、福祉の増進を図る。
補助対象者　：区市町村
補助対象経費：介護給付費等の支給に要した費用
負担割合　　：国1/2、都1/4、区市町村1/4",1,区市町村,"1,970,251 ",福祉局障害者施策推進部地域生活支援課,03-5320-4151,
2026,13,福祉局,03,障害者,短期入所開設準備経費等補助事業,短期入所開設準備経費等補助事業,"補助金の目的：短期入所を行う事業所の開設等に係る経費の一部を補助することにより、その円滑な執行を図る。
補助対象者　：短期入所を新設又は増設する事業者
補助対象経費：短期入所を新設、増設するため家屋の借上げに要する経費及び必要な管理事務費。
負担割合　　：都3/4、事業者1/4",5,民間団体,"2,736 ",福祉局障害者施策推進部地域生活支援課,03-5320-4151,https://www.shougaifukushi.metro.tokyo.lg.jp/Lib/LibDspList.php?catid=080-012
2026,13,福祉局,03,障害者,障害者グループホーム事業,障害者グループホーム事業,"補助金の目的：障害者に生活の場を提供し、食事の提供等その他一定のの援助等を行うことにより地域社会における自立生活を助長する。
補助対象者　：区市町村
補助対象経費：地域生活を営む住居において、日常生活上の相談等を提供するために必要な経費
負担割合　　：国1/2都1/4区市町村1/4",1,区市町村,"13,959,057 ",福祉局障害者施策推進部地域生活支援課,03-5320-4151,
2026,13,福祉局,03,障害者,知的・身体障害者等グループホーム開設準備経費等補助,知的・身体障害者等グループホーム開設準備経費等補助,"補助金の目的：共同生活援助を行う事業所の開設等に係る経費の一部を補助することにより、その円滑な執行を図る。
補助対象者　：グループホームを新設又は増設する事業者
補助対象経費：共同生活援助を新設、増設するため家屋の借上げに要する経費及び必要な管理事務費。
負担割合　　：都3/4、事業者1/4",5,民間団体,"64,078 ",福祉局障害者施策推進部地域生活支援課,03-5320-4151,https://www.shougaifukushi.metro.tokyo.lg.jp/Lib/LibDspList.php?catid=015-011
2026,13,福祉局,03,障害者,障害者グループホーム体制強化支援事業,障害者グループホーム体制強化支援事業,"補助金の目的：重度の利用者を受け入れるために手厚い職員配置や支援スキルの共有を行い、質の高いサービスを行っているグループホームを支援することにより、障害者の地域社会における自立生活を助長する。
補助対象者　：都内で、総合支援法第５条第１７項に規定する共同生活援助を行う事業者
補助対象経費：職員の体制確保に係る経費
負担割合　　：都10/10",5,民間団体,"481,652 ",福祉局障害者施策推進部地域生活支援課,03-5320-4151,https://www.shougaifukushi.metro.tokyo.lg.jp/Lib/LibDspCatego.php?catid=015
2026,13,福祉局,03,障害者,障害者自立生活支援事業,障害者自立生活支援事業（障害者参加型サービス活用事業）,"補助金の目的：障害者の主体的な自立生活を支援し、地域における障害者福祉の増進を図ること
補助対象者　：都内区市町村
補助対象経費：障害者自立生活支援事業に要する経費
負担割合　　：都1/2、市町村1/2",1,区市町村,"14,846 ",福祉局障害者施策推進部地域生活支援課,03-5320-4182,
2026,13,福祉局,03,障害者,障害者支援施設等におけるデジタル技術等活用支援事業,"障害者支援施設等デジタル技術等活用支援事業補助金
（国事業）","補助金の目的：障害福祉分野における業務の生産性及び支援の質の向上に向けた取組を促進
補助対象者　：障害者支援施設、福祉型及び医療型障害児入所施設、共同生活援助事業所、居宅介護等、短期入所
補助対象経費：デジタル機器等の導入及びその選定等に係るアドバイザー費用に対する補助
負担割合　　：国1/2、都1/4、事業所1/4 ",5,民間団体,"135,300 ",福祉局障害者施策推進部施設サービス支援課,03-5320-4156,https://www.shougaifukushi.metro.tokyo.lg.jp/Lib/LibDspCatego.php?catid=109
2026,13,福祉局,03,障害者,障害者支援施設等におけるデジタル技術等活用支援事業,"障害者支援施設等デジタル技術等活用支援事業補助金
（都事業）","補助金の目的：障害福祉分野における業務の生産性及び支援の質の向上に向けた取組を促進
補助対象者　：障害者支援施設、福祉型及び医療型障害児入所施設、共同生活援助事業所、居宅介護等、短期入所
補助対象経費：デジタル機器等の導入及びその選定等に係るアドバイザー費用に対する補助
負担割合　　：都3/4、事業者1/4",5,民間団体,"48,698 ",福祉局障害者施策推進部施設サービス支援課,03-5320-4156,https://www.shougaifukushi.metro.tokyo.lg.jp/Lib/LibDspCatego.php?catid=109
2026,13,福祉局,03,障害者,障害者支援施設等におけるデジタル技術等活用支援事業,デジタル技術を活用した障害福祉サービス事業所等支援事業補助金（システム導入経費）,"補助金の目的：障害福祉分野における業務の生産性及び支援の質の向上に向けた取組を促進
補助対象者　：障害福祉サービス事業所等
補助対象経費：福祉・介護業務支援システム導入経費
負担割合　　：国1/2、都1/4、事業所1/4 ",5,民間団体,"198,307 ",福祉局障害者施策推進部地域生活支援課,03-5320-4579,https://www.shougaifukushi.metro.tokyo.lg.jp/Lib/LibDspList.php?catid=105-005
2026,13,福祉局,03,障害者,障害者支援施設等におけるデジタル技術等活用支援事業,デジタル技術を活用した障害福祉サービス事業所等支援事業補助金（コンサルティング経費）,"補助金の目的：障害福祉分野における業務の生産性及び支援の質の向上に向けた取組を促進
補助対象者　：障害福祉サービス事業所等
補助対象経費：コンサルティング経費
負担割合　　：都3/4、事業者1/4",5,民間団体,"15,000 ",福祉局障害者施策推進部地域生活支援課,03-5320-4579, https://www.shougaifukushi.metro.tokyo.lg.jp/Lib/LibDspList.php?catid=105-005
2026,13,福祉局,03,障害者,障害福祉サービス等職員宿舎借り上げ支援事業,障害福祉サービス等職員宿舎借り上げ支援事業費補助金,"補助金の目的：福祉介護人材の確保定着の促進、災害時の迅速な対応の推進
補助対象者　：①福祉避難所の指定等を受けている、又は災害時の安否確認等の災害時協定を締結している都内の障害福祉サービス事業所等　②①以外の都内の障害福祉サービス事業所等
補助対象経費：職員の宿舎借り上げに要する経費
負担割合　　：①都7/8、事業者1/8、②都1/2、事業者1/2",3,政策連携団体,"702,317 ",福祉局障害者施策推進部地域生活支援課,03-5320-4579,https://www.fukushihoken.metro.tokyo.lg.jp/shougai/shougai_shisaku/syougai_jinzai.html
2026,13,福祉局,03,障害者,現任障害福祉サービス等職員資格取得支援事業,現任障害福祉サービス等職員資格取得支援事業費補助金,"補助金の目的：障害福祉サービス事業所等で働く職員が国家資格を取得する際にかかる経費の一部を補助することにより、職員の育成及びサービスの質の向上を促進
補助対象者　：障害福祉サービス等事業者
補助対象経費：国家資格の取得に係る経費
負担割合　　：都1/2、事業者1/2",3,政策連携団体,"14,071 ",福祉局障害者施策推進部地域生活支援課,03-5320-4579,https://www.fukushizaidan.jp/118genninshougai/
2026,13,福祉局,03,障害者,障害福祉サービス事業所職員奨学金返済・育成支援事業,障害福祉サービス事業所職員奨学金返済・育成支援事業費補助金,"補助金の目的：事業者が新卒者等の経験の浅い常勤職員の奨学金返済相当額を手当として支給する場合に要する経費の一部を支援することで、職員の確保・定着を促進
補助対象者　：障害福祉サービス等事業者
補助対象経費：奨学金返済手当等経費
負担割合　　：都10/10",5,民間団体,"17,712 ",福祉局障害者施策推進部地域生活支援課,03-5320-4579,https://www.fukushizaidan.jp/123s-shougakukin/
2026,13,福祉局,03,障害者,訪問系障害福祉サービス事業所人材確保対策支援事業,訪問系障害福祉サービス事業所人材確保対策支援事業費補助金,"補助金の目的：居宅介護・重度訪問介護事業所が高齢者・大学生等を採用し、ヘルパーをサポートする人材確保するための経費助成やサポートする人材が事業所への本採用に向けた資格取得の経費補助を実施する区市町村の支援
補助対象者　：区市町村
補助対象経費：人件費・研修費
負担割合　　：都3/4、事業者1/4",1,区市町村,"24,000 ",福祉局障害者施策推進部地域生活支援課,03-5320-4579,
2026,13,福祉局,03,障害者,障害福祉サービス等DX推進人材育成支援事業,障害福祉サービス等DX推進人材育成支援事業補助金,"補助金の目的：DXをはじめとする生産性向上の取組を推進するリーダー職員を配置し、リーダー職員の育成や手当の支給を行う事業者を支援することで、障害福祉サービス事業所等が生産性向上に継続的に取り組む体制を確保
補助対象者　：障害福祉サービス等事業者
補助対象経費：リーダー的人材を確保・育成するための経費
負担割合　　：都10/10",5,民間団体,"134,025 ",福祉局障害者施策推進部地域生活支援課,03-5320-4324,https://www.fukushi.metro.tokyo.lg.jp/shougai/jigyo/dx-suisinzigyo
2026,13,福祉局,03,障害者,障害福祉サービス等職員居住支援特別手当事業,障害福祉サービス等職員居住支援特別手当事業費補助金,"補助金の目的：福祉・介護職員に対して居住支援特別手当を支給する事業所を支援することで、離職を防止し、今後のニーズの増加に応じた人材の確保・定着を図る
補助対象者　：福祉・介護職員に対し、居住支援特別手当を支給する事業者
補助対象経費：居住支援手当
負担割合　　：都10/10",5,民間団体,"11,626,859 ",福祉局障害者施策推進部地域生活支援課,03-5320-4579,
2026,13,福祉局,03,障害者,訪問系障害福祉サービス応援事業,訪問系障害福祉サービス人材採用経費支援補助金,"補助金の目的：訪問系障害福祉サービス等事業所に対し、採用活動に係る経費の支援をすることで、障害福祉人材の安定的な確保を図る。 
補助対象者　：訪問系障害福祉サービス等事業所
補助対象経費：障害福祉人材確保のために行う、ホームページの開設・改修に係る経費や広報宣材の作成・印刷等、広報に要する経費
負担割合　　：都10/10",5,民間団体,"537,535 ",福祉局障害者施策推進部地域生活支援課,03-5320-4579,
2026,13,福祉局,03,障害者,障害福祉現場におけるカスタマーハラスメント対策推進事業,障害福祉現場におけるカスタマーハラスメント対策推進補助金,"補助金の目的：職員が安心して働くことができる職場づくりを推進することで、障害福祉サービス等を担う人材の確保・定着を図る。
補助対象者　：障害福祉サービス等事業者
補助対象経費：（1）防犯機器等購入経費補助、（2）複数訪問に対する補助
負担割合　　：（1）都1/2、事業者1/2　（2）都3/4、事業者1/4",5,民間団体,"25,815 ",福祉局障害者施策推進部地域生活支援課,03-5320-4579,
2026,13,福祉局,03,障害者,障害福祉分野における外国人介護人材受入支援事業,障害福祉分野における外国人介護人材受入環境整備費補助金,"補助金の目的：障害福祉現場における外国人介護職員の受入れ及び定着を促進するための環境整備等の取組を行う障害福祉サービス等事業者を支援する。
補助対象者　：障害福祉サービス等事業者
補助対象経費：外国人介護従事者が日本人職員や利用者等と円滑にコミュニケーションがとれるよう支援するための取組に係る経費
負担割合　　：都2/3、事業者1/3",5,民間団体,"7,000 ",福祉局障害者施策推進部地域生活支援課,03-5320-4579,
2026,13,福祉局,03,障害者,介護・障害福祉サービス等事業所における育業・介護休業等両立支援事業,介護・障害福祉サービス等事業所における育業・介護休業等両立支援事業（障害分野）,"補助金の目的：障害福祉サービス等事業所の職員が育業・介護休業等を取得した際、代替職員の雇用や手当支給など、安心して働き続けられる職場環境づくりに取り組む事業者を支援する。
補助対象者　：障害福祉サービス等事業所
補助対象経費：代替職員の雇用または業務代替手当の支給、代替職員の雇用にかかった求人広告費、働きやすい職場環境づくりに要する経費
",5,民間団体,"36,439 ",福祉局企画部企画政策課,03-5388-3904,
2026,13,福祉局,03,障害者,特定相談連携機能強化支援事業,特定相談連携機能強化支援事業補助金,"補助金の目的：障害者の地域移行を促進するため、地域の受け皿の情報集約拠点である特定相談支援事業者が関係機関等と連携して活動するための経費を補助する区市町村を支援
補助対象者：区市町村
補助対象経費：特定相談支援事業者が実施する、地域移行に関する報酬算定外業務の経費
負担割合：都3/4、区市町村1/4",1,区市町村,"21,402 ",福祉局障害者施策推進部地域生活支援課,03-5320-4325,
2026,13,福祉局,03,障害者,一般相談連携機能強化支援事業,一般相談連携機能強化支援事業補助金,"補助金の目的：精神障害者の精神科病院からの地域移行等、障害者の地域移行・定着を促進するため、一般相談支援事業者が保健所等と連携するための経費を補助する区市町村を支援
補助対象者：区市町村
補助対象経費：一般相談支援事業者が実施する、地域移行に関する報酬算定外業務の経費
負担割合：都3/4、区市町村1/4",1,区市町村,"30,196 ",福祉局障害者施策推進部地域生活支援課,03-5320-4325,
2026,13,福祉局,03,障害者,身体障害者（児）に対する補装具の給付,身体障害者補装具給付,"補助金の目的：補装具費を給付することにより、身体障害者（児）の日常生活の向上を図る
補助対象者　：区市町村
補助対象経費：厚生労働大臣が定める基準による種目、価格の補装具の購入等経費
負担割合　　：国１／２・都１／４・区市町村：１／４",1,区市町村,"767,750 ",福祉局障害者施策推進部施設サービス支援課,03-5320-4146,https://www.fukushihoken.metro.tokyo.lg.jp/shougai/shogai/hosogu.html
2026,13,福祉局,03,障害者,身体障害者に対する更生医療給付,身体障害者更生医療給付,"補助金の目的：身体障害者の自立と社会経済活動への参加の促進を図るため、障害の状態の軽減のために必要な医療に要する費用について、公費で負担する。
補助対象者　：区市町村
補助対象経費：各種医療保険を優先適用し、原則１割の自己負担を差し引いた残りの医療費
負担割合　　：国１／２・都１／４・区市町村：１／４",1,区市町村,"5,442,011 ",福祉局障害者施策推進部施設サービス支援課,03-5320-4146,https://www.fukushihoken.metro.tokyo.lg.jp/shougai/nichijo/s_iryou.html
2026,13,福祉局,03,障害者,重度身体障害者在宅パソコン講習事業,重度身体障害者在宅パソコン講習事業補助金,"補助金の目的：インターネット等を利用してプログラミングの技術を習得させ、PCを活用したコミュニケーションや在宅就労の機会を与え、在宅の重度身体障害者の社会参加を促進する。
補助対象者　：社会福祉法人
補助対象経費：人件費、ネット利用料等
負担割合　　：都10/10",5,民間団体,"5,888 ",福祉局障害者施策推進部企画課,03-5320-4147,
2026,13,福祉局,03,障害者,点字図書館運営費補助,点字図書館等の運営に対する補助金（点字図書館）,"補助金の目的：視覚障害者の要求に応じて、無料又は低額な料金で点字図書刊行物及び録音物等を閲覧させることにより、視覚障害者の文化の向上と福祉の向上をはかる。
補助対象者　：点字図書館を運営する社会福祉法人
補助対象経費：一般事務費等、民間施設給与等改善費
負担割合　　：国・都各1/2",5,民間団体,"285,275 ",福祉局障害者施策推進部企画課,03-5320-4147,
2026,13,福祉局,03,障害者,在宅視覚障害者福祉事業,盲青年等社会生活教室開催事業,"補助金の目的：在宅の視覚障害者に対し、日常生活に必要な諸能力、点字技術、パソコン技術を取得する機会を設けたすることにより、在宅の視覚障害者の福祉の増進を図る。
補助対象者　：在宅視覚障害者福祉事業を実施する公益社団法人
補助対象経費：人件費、運営費等
負担割合　　：国・都各1/2",5,民間団体,"1,521 ",福祉局障害者施策推進部企画課,03-5320-4147,
2026,13,福祉局,03,障害者,在宅視覚障害者福祉事業,家庭生活訓練事業,"補助金の目的：在宅の視覚障害者に対し、日常生活に必要な諸能力、点字技術、パソコン技術を取得する機会を設けたすることにより、在宅の視覚障害者の福祉の増進を図る。
補助対象者　：在宅視覚障害者福祉事業を実施する公益社団法人
補助対象経費：人件費、運営費等
負担割合　　：国・都各1/2",5,民間団体,"1,116 ",福祉局障害者施策推進部企画課,03-5320-4147,
2026,13,福祉局,03,障害者,在宅視覚障害者福祉事業,中途失明者緊急生活訓練事業,"補助金の目的：在宅の視覚障害者に対し、日常生活に必要な諸能力、点字技術、パソコン技術を取得する機会を設けたすることにより、在宅の視覚障害者の福祉の増進を図る。
補助対象者　：在宅視覚障害者福祉事業を実施する公益社団法人
補助対象経費：人件費、運営費等
負担割合　　：国・都各1/2",5,民間団体,"24,684 ",福祉局障害者施策推進部企画課,03-5320-4147,
2026,13,福祉局,03,障害者,聴覚障害者情報提供施設運営費補助,点字図書館等の運営に対する補助金（聴覚障害者情報提供施設）,"補助金の目的：聴覚障害者に対して、無料又は低額な料金で聴覚障害者用録画物その他、聴覚障害者が利用するものを製作し、又はこれらの利用に供し、福祉の増進をはかる。
補助対象者　：聴覚障害者情報提供施設を運営する社会福祉法人
補助対象経費：一般事務費等、民間施設給与等改善費
負担割合　　：国・都各1/2",5,民間団体,"64,126 ",福祉局障害者施策推進部企画課,03-5320-4147,
2026,13,福祉局,03,障害者,心身障害者福祉行事,ふれあいの芸能祭,"補助金の目的：「障害者週間」を記念して、障害及び障害のある人について都民の理解と認識を深め、もって障害者の福祉の増進を図る。
補助対象者　：公益財団法人日本チャリティ協会
補助対象経費：製作費、人件費等
負担割合　　：都10/10",5,民間団体,"4,566 ",福祉局障害者施策推進部企画課,03-5320-4147,
2026,13,福祉局,03,障害者,心身障害者福祉行事,心身障害者文化振興事業,"補助金の目的：障害のある方や家族の方々等に芸術に親しむ機会を提供することにより、文化活動等への積極的な参加を促進し、もって障害者の社会参加促進を図る
補助対象者　：公益財団法人日本チャリティ協会
補助対象経費：「ふれあいコンサート」に要する経費
負担割合　　：国1/2　都1/2",5,民間団体,"2,007 ",福祉局障害者施策推進部企画課,03-5320-4147,
2026,13,福祉局,03,障害者,療養介護事業,療養介護事業,"補助金の目的：障害者に対し、区市町村が支弁する自立支援給付費の支給に要する費用の一部を負担することにより、障害者の福祉の増進を図ること
補助対象者　：区市町村
補助対象経費：介護給付費及び療養介護医療費
負担割合　　：国1/2、都1/4、区市町村1/4",1,区市町村,"1,589,900 ",福祉局障害者施策推進部施設サービス支援課,03-5320-4374,
2026,13,福祉局,03,障害者,サービス利用計画作成費支給事業,サービス利用計画作成費支給事業,"補助金の目的：障害者及び障害児の福祉の増進
補助対象者　：区市町村
補助対象経費：計画相談支援給付費の支給に要した経費
負担割合　　：国1/2、都1/4、区市町村1/4",1,区市町村,"1,579,398 ",福祉局障害者施策推進部地域生活支援課,03-5320-4325,
2026,13,福祉局,03,障害者,区市町村高次脳機能障害者支援促進事業,区市町村高次脳機能障害者支援促進事業補助金,"補助金の目的：区市町村における高次脳機能障害者への支援の促進
補助対象者　：区市町村
補助対象経費：人件費、支援計画作成費等相談支援事業費、連絡会経費、普及啓発等事務費、その他事務費等
負担割合　　：国1/2、都1/4、区市町村1/4",1,区市町村,"98,334 ",福祉局障害者施策推進部精神保健医療課,03-5320-4464,
2026,13,福祉局,03,障害者,障害者社会参加推進センターの助成,障害者社会参加推進センター事業,"補助金の目的：障害者自らによる諸種の社会参加推進施策の体系的、効果的及び効率的な推進を図り、もって障害者の地域における自立生活と社会参加を促進する
補助対象者　：公益社団法人東京都身体障害者団体連合会
補助対象経費：社会参加推進事業実施に係る経費、調査費、社会参加推進協議会の運営費等
負担割合　　：国・都各1/2",5,民間団体,"6,634 ",福祉局障害者施策推進部企画課,03-5320-4147,https://www.fukushi.metro.tokyo.lg.jp/shougai/nichijo/syakaisankasuishincenter.html
2026,13,福祉局,03,障害者,盲ろう者支援センター等事業,盲ろう者通訳・介助者養成研修事業補助金,"補助金の目的：盲ろう者通訳・介助者養成研修事業に対し、予算の範囲内において、経費の一部を補助し、もって事業の円滑な執行を図る
補助対象者　：特定非営利活動法人東京盲ろう者友の会
補助対象経費：研修会事務費、事業費、募集業務経費等
負担割合　　：国・都各1/2",5,民間団体,"9,462 ",福祉局障害者施策推進部企画課,03-5320-4147,
2026,13,福祉局,03,障害者,オストメイト社会適応訓練事業,オストメイト社会適応訓練事業補助金,"補助金の目的：東京都オストメイト社会適応訓練事業に対し、その事業に要する経費の一部を補助し、もって事業の円滑な執行を図る
補助対象者　：公益社団法人日本オストミー協会東京都協議会
補助対象経費：東京都オストメイト社会適応訓練事業に係る事業費等
負担割合　　：国・都各1/2",5,民間団体,"1,075 ",福祉局障害者施策推進部企画課,03-5320-4147,http://www.ostomy.jp/tokyo/index.htm
2026,13,福祉局,03,障害者,盲人ホーム運営費補助,盲人ホームの運営に対する補助金,"補助金の目的：あんま師、はり師又はきゅう師免許を有する視覚障害者であって、自営又は雇用されることの困難な者の自立更生を図る
補助対象者　：盲人ホームを運営する社会福祉法人
補助対象経費：一般事務費等、民間施設給与等改善費
負担割合　　：国・都各1/2",5,民間団体,"20,500 ",福祉局障害者施策推進部企画課,03-5320-4147,
2026,13,福祉局,03,障害者,精神障害者福祉ホームＡ型運営費補助,精神障害者福祉ホームＡ型運営費補助,"補助金の目的：精神障害者の地域社会における自立を促進
補助対象者　：東京都精神障害者福祉ホームA型設置運営要綱に基づき精神障害者が利用する施設を運営する事業者
補助対象経費：事業費、開設準備費、施設借上げ費、福祉サービス団参者評価受審支援費
負担割合　　：国・都　各1/2",5,民間団体,"50,998 ",福祉局障害者施策推進部地域生活支援課,03-5320-4151,
2026,13,福祉局,03,障害者,失語症者向け意思疎通支援派遣促進事業,失語症者向け意思疎通支援派遣促進事業補助金,"補助金の目的：区市町村における意思疎通支援派遣に係る取組を支援
補助対象者　：区市町村
補助対象経費：意思疎通支援派遣に必要な経費
負担割合　　：区市町村・都各1/2",1,区市町村,"7,023 ",福祉局障害者施策推進部企画課,03-5320-4147,
2026,13,福祉局,03,障害者,障害者芸術活動基盤整備事業,障害者芸術活動基盤整備事業補助金,"補助金の目的：芸術活動を通じた障害者の自立と社会参加の促進を図る。
補助対象者　：芸術文化活動を行う障害者本人やその家族、障害福祉サービス事業所、文化施設、支援団体等
補助対象経費：人件費、運営費等
負担割合　　：国・都各1/2",5,民間団体,"9,000 ",福祉局障害者施策推進部企画課,03-5320-4147,https://www.fukushi.metro.tokyo.lg.jp/shougai/nichijo/geizyutsu.html
2026,13,福祉局,03,障害者,区市町村障害者の居場所づくり促進事業,区市町村障害者の居場所づくり促進事業補助金,"補助金の目的：身近な地域において、障害者の社会参加や家族の就労継続等のニーズに対応できるよう、地域ごとに新たな課題に取り組む区市町村を支援する。
補助対象者　：区市町村
補助対象経費：区市町村が実施する障害者の居場所の確保に当たり必要な経費
負担割合　　：都3/4、区市町村1/4（一部都10/10）",1,区市町村,"1,001,973 ",福祉局障害者施策推進部地域生活支援課,03-5320-4324,
2026,13,福祉局,03,障害者,区市町村地域生活支援事業,区市町村地域生活支援事業,"補助金の目的：地域の特性や利用者の状況に応じた柔軟な事業形態による事業を計画的に実施するため
補助対象者　：区市町村
補助対象経費：地域生活支援事業の実施に必要な経費
負担割合　　：国1/2 都1/4 区市町村1/4",1,区市町村,"3,070,000 ",福祉局障害者施策推進部地域生活支援課,03-5320-4324,
2026,13,福祉局,03,障害者,障害者施策推進区市町村包括補助事業,障害者施策推進区市町村包括補助事業,"補助金の目的：区市町村が実施する、障害者に対する福祉サービスの充実に資する事業を支援することにより、都における福祉保健施策総体の向上を図る。
補助対象者　：区市町村
補助対象経費：区市町村が実施する障害福祉サービスの充実に資する事業の実施に係る経費
負担割合　　：都　先駆的事業10/10、選択事業1/２　他、区市町村　1/2　他",1,区市町村,"10,000,000 ",福祉局障害者施策推進部地域生活支援課,03-5320-4338,
2026,13,福祉局,03,障害者,障害者支援施設等給付費都負担分,障害者支援施設等給付費都負担分,"補助金の目的：障害者総合支援法に基づき、障害者が自立した日常生活又は社会生活を営むことができるように、必要な障害福祉サービスの給付を行う。
補助対象者　：区市町村
補助対象経費：必要な障害福祉サービスの給付
負担割合　　：国1/2、都1/4、区市町村1/4",1,区市町村,"43,176,988 ",福祉局障害者施策推進部施設サービス支援課,03-5320-4156,
2026,13,福祉局,03,障害者,身体障害者施設の助成,身体障害者施設の助成,"補助金の目的：民間移譲施設（身体障害者施設）建物管理に要する費用補助
補助対象者　：社会福祉法人（都立施設移譲先）
補助対象経費：建物管理に要する経費
負担割合　　：10/10",5,民間団体,"59,768 ",福祉局障害者施策推進部施設サービス支援課,03-5320-4159,
2026,13,福祉局,03,障害者,民間社会福祉施設サービス推進費補助（障害者支援施設）,東京都民間社会福祉施設サービス推進費補助金（障害者支援施設）,"補助金の目的：社会福祉施設利用者の福祉の向上を図る。
補助対象者　：民間社会福祉施設
補助対象経費：社会福祉施設の運営等に要する経費
負担割合　都10/10",5,民間団体,"11,483,970 ",福祉局障害者施策推進部施設サービス支援課,03-5320-4156,https://www.shougaifukushi.metro.tokyo.lg.jp/Lib/LibDspCatego.php?catid=018
2026,13,福祉局,03,障害者,障害者日中活動系サービス推進事業,障害者日中活動系サービス推進事業補助金,"補助金の目的：地域において、障害者総合支援法第５条に規定する生活介護、自立訓練、就労移行支援又は就労継続支援を利用する障害者の福祉の向上を図る。
補助対象者：区市町村
補助対象経費：負担金補助及交付金
負担割合：都10/10",1,区市町村,"8,068,348 ",福祉局障害者施策推進部施設サービス支援課,03-5320-4156,
2026,13,福祉局,03,障害者,知的障害者施設等の助成,知的障害者施設等の助成,"補助金の目的：民間移譲施設（知的障害者施設等）建物管理に要する費用補助
補助対象者　：社会福祉法人（都立施設移譲先）
補助対象経費：建物管理に要する経費
負担割合　　：都10/10",5,民間団体,"204,521 ",福祉局障害者施策推進部施設サービス支援課,03-5320-4159,
2026,13,福祉局,03,障害者,民間社会福祉施設サービス推進費補助（障害児施設）,東京都民間社会福祉施設サービス推進費補助金（障害児施設）,"補助金の目的：社会福祉施設利用者の福祉の向上
補助対象者　：民間社会福祉施設
補助対象経費：運営費、施設整備費
負担割合　　：都10/10",5,民間団体,"1,546,746 ",福祉局障害者施策推進部施設サービス支援課,03-5320-4374,
2026,13,福祉局,03,障害者,定期借地権の一時金に対する補助（障害者施策推進部）,定期借地権利用による障害福祉サービス事業所等整備促進事業,"補助金の目的：障害福祉サービス事業所等の整備促進
補助対象者　：社会福祉法人、特定非営利活動法人等（自治体、営利法人を除く。）
補助対象経費：法人が障害福祉サービス事業所等の設置に係る用地確保のため定期借地権を設定する際、土地所有者に対して支払う一時金であり、借地代の前払いの性格を有するもの
負担割合　：都1/2、事業者1/2",5,民間団体,"48,824 ",福祉局障害者施策推進部施設サービス支援課,03-5320-4152,https://www.fukushi.metro.tokyo.lg.jp/shougai/jigyo/seikatukibanseibi/teikisyakuchi.html
2026,13,福祉局,03,障害者,借地を活用した障害者（児）施設設置支援事業,借地を活用した障害者（児）施設設置支援事業,"補助金の目的：障害者（児）施設の設置促進
補助対象者　：社会福祉法人、特定非営利活動法人等（自治体、営利法人を除く。）
補助対象経費：国有地又は民有地を借り受けて障害福祉サービス事業所等を新たに整備する場合に要する土地の賃料
負担割合　：都1/2、事業者1/2",5,民間団体,"21,198 ",福祉局障害者施策推進部施設サービス支援課,03-5320-4152,https://www.fukushi.metro.tokyo.lg.jp/shougai/jigyo/seikatukibanseibi/shakuchi_katsuyou.html
2026,13,福祉局,03,障害者,身体合併症（慢性維持透析）に係る医療提供体制の確保事業,身体合併症（慢性維持透析）に係る医療提供体制の確保事業補助金,"補助金の目的：慢性維持透析に関する医療機関への補助を行うことで、慢性維持透析に関する病床の確保及び人員体制の充実等、安定的な医療提供体制の確保を図る
補助対象者　：医療機関
補助対象経費：人件費等
負担割合　　：都10/10",5,民間団体,"22,823 ",福祉局障害者施策推進部精神保健医療課,03-5320-4464,
2026,13,福祉局,03,障害者,精神科医療機関における外国人対応支援事業,精神科医療機関における外国人対応支援事業補助金,"補助金の目的：都内精神科医療機関が外国人患者に必要な医療を適切に提供できるよう、対応力向上を支援
補助対象者　：精神科医療機関（常時対応型施設）
補助対象経費：多言語映像通訳を導入した際の経費
負担割合　　：都10/10",5,民間団体,"20,900 ",福祉局障害者施策推進部精神保健医療課,03-5320-4462,
2026,13,福祉局,03,障害者,入院患者診査,精神保健及び精神障害者福祉に関する法律に基づく報告書等報告業務補助金,"補助金の目的：公費負担医療制度の円滑な運用及び適正な執行を図ること
補助対象者　：精神科病院の開設者
補助対象経費：医療保護入院者の入院届、措置入院者の定期病状報告書及び医療保護入院者の入院期間更新届に係る業務
負担割合　　：都10/10",5,民間団体,"80,676 ",福祉局障害者施策推進部精神保健医療課,03-5320-4462,
2026,13,福祉局,03,障害者,精神障害者地域移行体制整備支援事業,精神障害者地域生活移行推進補助事業補助金,"補助金の目的：市町村における精神障害者の地域移行に向けた普及啓発や動機付け支援に係る取組への支援
補助対象者　：市町村
補助対象経費：普及啓発に係る事業・地域生活支援に係る事業に必要な経費
負担割合　　：国1/2、都1/2",1,区市町村,"9,629 ",福祉局障害者施策推進部精神保健医療課,03-5320-4464,
2026,13,福祉局,03,障害者,精神障害者早期退院支援事業,精神障害者早期退院支援事業補助金,"補助金の目的：医療保護入院者が早期に円滑に地域生活へ移行できるよう支援すること
補助対象者　：都内に所在する精神科病院の開設者
補助対象経費：地域援助事業者等が医療保護入院者退院支援委員会等へ出席した際に、補助対象者が地域援助事業者等に支払った費用及び補助対象者の事務手数料。
負担割合　　：国2/3、都1/3",5,民間団体,"7,752 ",福祉局障害者施策推進部精神保健医療課,03-5320-4464,https://www.fukushi.metro.tokyo.lg.jp/shougai/jigyo/soukitaiin.html
2026,13,福祉局,03,障害者,精神保健福祉士配置促進事業,精神保健福祉士配置促進事業補助金,"補助金の目的：医療保護入院者が早期に円滑に地域生活へ移行できるよう支援すること
補助対象者　：精神病棟入院基本料又は精神療養病棟入院料を算定する病棟を有する都内病院の開設者。ただし、国公立病院、大学病院、総合病院（１００床以上）を除く。
補助対象経費：①専属で従事する精神保健福祉士１人の人件費補助、②地域移行業務に携わる精神保健福祉士を1人の人件費補助
負担割合　　：国2/3、都1/3",5,民間団体,"243,000 ",福祉局障害者施策推進部精神保健医療課,03-5320-4464,
2026,13,福祉局,03,障害者,災害時こころのケア体制整備事業,東京都災害派遣精神医療チーム補助金,"補助金の目的：発災時における医療救護活動の体制を円滑に整備すること
補助対象者　：東京ＤＰＡＴ登録機関の開設者
補助対象経費：①東京ＤＰＡＴ標準関連資機材費（通信機器・記録機器等）、②研修及び訓練等への参加に伴う人件費、③東京ＤＰＡＴ活動に要する衛星携帯電話通信料
負担割合　　：国1/2、都1/2",5,民間団体,"4,599 ",福祉局障害者施策推進部精神保健医療課,03-5320-4464,
2026,13,福祉局,03,障害者,災害時こころのケア体制整備事業,東京都における日本災害派遣精神医療チーム補助金,"補助金の目的：発災時における医療救護活動の体制を円滑に整備すること
補助対象者　：ＤＰＡＴ先遣隊をもち都と協定締結した医療機関の開設者
補助対象経費：①被災地等への派遣に必要な災害対応被服、個人防護資器材、携行式の応急用医療資器材、応急用医薬品、テント、発電機等設備、災害時通信用設備②災害・感染症医療業務従事者の派遣に費用な緊急車両
負担割合　　：国2/3、都1/3",5,民間団体,"42,023 ",福祉局障害者施策推進部精神保健医療課,03-5320-4464,
2026,13,福祉局,03,障害者,災害時精神科医療体制整備事業,東京都災害拠点精神科病院応急用資器材整備事業に関する補助金,"補助金の目的：災害時に、被災した精神疾患を有する患者を一時的避難所に受け入れ医療を提供すること及び最低限の生活環境の確保を図ることを目的とする
補助対象者　：東京都災害拠点精神科病院の開設者
補助対象経費：応急用資器材の購入費等
負担割合　　：都10/10",5,民間団体,"1,981 ",福祉局障害者施策推進部精神保健医療課,03-5320-4462,
2026,13,福祉局,03,障害者,障害者（児）施設整備助成,障害者（児）施設整備費補助,"補助金の目的：障害者（児）施設の施設整備に要る経費について補助を行い、障害者（児）の福祉の向上を図る
補助対象者　：社会福祉法人等
補助対象経費：施設整備に必要な工事費等
負担割合： 国1/2、都1/4（本則）、　（事業者負担1/4）",5,民間団体,"8,675,252 ",福祉局障害者施策推進部施設サービス支援課,03-5320-4152,https://www.fukushi.metro.tokyo.lg.jp/shougai/jigyo/seikatukibanseibi/jigyoukeikakusetsumeikai.html
2026,13,福祉局,03,障害者,障害者（児）施設整備助成,障害者通所施設等整備費補助（ショートステイ除く）,"補助金の目的：障害者通所施設等の施設整備等に要する経費について補助を行い、障害者の地域での自立生活の促進及び特別支援学校卒業者の進路の拡大、福祉の向上を図る
補助対象者　：社会福祉法人等
補助対象経費：施設等の整備に必要な施設整備費及び設備整備費
負担割合　　：　　3/4（本則）、（事業者負担1/4）　※事業や対象者により負担割合が異なる",5,民間団体,"1,715,192 ",福祉局障害者施策推進部施設サービス支援課,03-5320-4152,https://www.fukushi.metro.tokyo.lg.jp/shougai/jigyo/seikatukibanseibi/06tsuushoseibihi
2026,13,福祉局,03,障害者,障害者（児）施設整備助成,障害者通所施設等整備費補助（ショートステイ）,"補助金の目的：障害者通所施設等の施設整備等に要する経費について補助を行い、障害者の地域での自立生活の促進及び特別支援学校卒業者の進路の拡大、福祉の向上を図る
補助対象者　：社会福祉法人等
補助対象経費：施設等の整備に必要な施設整備費及び設備整備費
負担割合　　：　　１/2（本則）　、（事業者負担1/2）",5,民間団体,"342,432 ",福祉局障害者施策推進部施設サービス支援課,03-5320-4152,https://www.fukushi.metro.tokyo.lg.jp/shougai/jigyo/seikatukibanseibi/06tsuushoseibihi
2026,13,福祉局,03,障害者,障害者（児）施設整備助成,障害者（児）施設の防災・減災対策推進事業,"補助金の目的：緊急災害時用の非常用自家発電設備等の整備に係る費用の一部を補助することで、障害者（児）施設の利用者の安全確保を図る。
補助対象者　：社会福祉法人等
補助対象経費：緊急災害時用の非常用自家発電設備等の整備で必要となる工事に係る費用
負担割合： 国1/2、都1/4　（事業者負担1/4）",5,民間団体,"38,269 ",福祉局障害者施策推進部施設サービス支援課,03-5320-4152,https://www.fukushi.metro.tokyo.lg.jp/shougai/jigyo/seikatukibanseibi/bousaigensai.html
2026,13,福祉局,03,障害者,障害者（児）施設整備助成,障害者（児）施設の感染症対策推進事業,"補助金の目的：感染症対策の環境整備に係る費用の一部を補助することで、障害者（児）施設等おける感染症対策の推進及び徹底を図る。
補助対象者　：社会福祉法人等
補助対象経費：感染症対策の観点から必要となる設備工事に係る費用
負担割合： 国1/2、都1/4　（事業者負担1/4）",5,民間団体,"19,933 ",福祉局障害者施策推進部施設サービス支援課,03-5320-4152,https://www.fukushi.metro.tokyo.lg.jp/shougai/jigyo/seikatukibanseibi/kansenshotaisaku.html
2026,13,福祉局,03,障害者,障害者（児）施設整備助成,受注促進・工賃向上設備整備費補助事業,"補助金の目的：福祉施設の工賃水準の向上及び障害者就労施設で就労する障害者の自立促進
補助対象者　：都内の就労継続支援B型事業所を運営する法人
補助対象経費：新たな販路開拓や生産性の向上のために必要な設備整備費用（ただし単に老朽化等に伴う既存設備の更新費用を除く）
負担割合　　：都1/2、事業者1/2",5,民間団体,"5,288 ",福祉局障害者施策推進部地域生活支援課,03-5320-4158,https://www.shougaifukushi.metro.tokyo.lg.jp/Lib/LibDspList.php?catid=066-001
2026,13,福祉局,03,障害者,災害拠点精神科病院等自家発電設備等整備強化事業,災害拠点精神科病院等自家発電設備等整備費補助金,"補助金の目的：災害拠点精神科病院及び災害拠点精神科連携病院が行う自家発電設備等の新設、増設、更新等に要する工事費用を支援することにより、発災時に診療を継続するための電力等の確保を推進すること。
補助対象者　：災害拠点病院及び災害拠点精神科連携病院の開設者
補助対象経費：自家発電設備等の新設、増設、更新等に要する工事費用、電源接続盤の新設等
負担割合　　：補助対象者や補助対象経費による。①都7/8、事業者1/8、②都10/10、③国1/2、都3/8、事業者1/8、④国1/3、都13/24、事業者1/8",5,民間団体,"207,797 ",福祉局障害者施策推進部精神保健医療課,03-5320-4585,
2026,13,福祉局,03,障害者,社会福祉施設等への非常用電源等の整備促進事業,社会福祉施設等への非常用電源等の整備費補助金,"補助金の目的：社会福祉施設に対して、緊急災害時用に非常用電源等の整備に係る費用の一部を補助することで、施設利用者の安全確保を図る。
補助対象者　：社会福祉施設等
補助対象経費：可搬型電源、非常用電源等整備に要する経費
負担割合　　：都3/4、事業者1/4",5,民間団体,"263,250 ",福祉局障害者施策推進部企画課,03-5320-4142,
2026,13,福祉局,03,障害者,強度行動障害者等の受入れ環境整備事業,強度行動障害者等の受入れ環境整備補助金,"補助金の目的：グループホーム及び短期入所における強度行動障害の特性に応じた居室環境等を整備することにより、強度行動障害者などの重度障害者の受入促進を図る。
補助対象者　：共同生活援助（グループホーム）及び短期入所事業者
補助対象経費：強度行動障害者等を円滑に受け入れるために実施する居室環境等の整備に係る費用
負担割合　　：都7/8、事業者1/8",5,民間団体,"8,750 ",福祉局障害者施策推進部地域生活支援課,03-5320-4151,
2026,13,福祉局,03,障害者,障害児通所支援事業所における安全対策支援事業,障害児通所支援事業所における安全対策支援事業補助金,"補助金の目的：障害児通所支援事業所が行う安全対策に対し、必要な費用を予算の範囲内において補助し、事業の円滑な執行を図ること
補助対象者：①児童発達支援、②放課後等デイサービスのいずれかの事業所
補助対象経費：置き去り事故・午睡時等の事故防止
負担割合：国3/5、都2/5",5,民間団体,"51,411 ",福祉局障害者施策推進部療育課,03-5320-4374,
2026,13,福祉局,03,障害者,発達障害児等巡回支援専門員整備事業,発達障害児等巡回支援専門員整備事業補助金,"補助金の目的：保育所等への巡回支援を実施し、早期に支援を行うための体制整備を図り、発達障害児やその家族への支援の強化等を図る区市町村を支援
補助対象者：区市町村
補助対象経費：巡回支援専門員の整備に必要な経費
負担割合：国1/2、都1/4、事業者1/4",1,区市町村,"35,520 ",福祉局障害者施策推進部療育課,03-5320-4464,
2026,13,福祉局,03,障害者,重症心身障害児（者）等の支援,重症心身障害児施設における看護師確保対策事業,"補助金の目的：重症心身障害の看護に必要な特定の看護分野において熟練した看護技術と知識を用いて看護実践ができ、他の看護職員のケア向上に資する人材を育成
補助対象者　：都内医療型障害児入所施設を設営または運営する社会福祉法人又は財団法人
補助対象経費：認定看護師教育課程入学検定料、入学金、授業料等
負担割合　　：都1/2、法人1/2",5,民間団体,"4,500 ",福祉局障害者施策推進部療育課,03-5320-4376,
2026,13,福祉局,03,障害者,医療的ケア児訪問看護ステーション体制整備事業,医療的ケア児訪問看護ステーション体制整備事業補助金,"補助金の目的：医療的ケア児に対応する訪問看護ステーションの受入拡充のため。
補助対象者：初めて医療的ケア児を受入れる訪問看護ステーション
補助対象経費：医療的ケア児の受入れを目的とした設備導入経費等
負担割合：都10/10",5,民間団体,"1,942 ",福祉局障害者施策推進部療育課,03-5320-4360,
2026,13,福祉局,03,障害者,医療的ケア児に対する支援のための体制整備事業,東京都医療的ケア児等総合支援事業補助金（コーディネーター支援体制整備促進）,"補助金の目的：地域の医療的ケア児等コーディネータ―の質の向上・定着を図ること。
補助対象者：区市町村
補助対象経費：①区市町村の基盤整備に係る業務、②サービス等利用計画策定前の業務
負担割合：①国1/2、都1/2、②国1/2、都1/4、区市町村1/4",1,区市町村,"5,098 ",福祉局障害者施策推進部療育課,03-5320-4360,
2026,13,福祉局,03,障害者,医療的ケア児に対する支援のための体制整備事業,東京都医療的ケア児等総合支援事業補助金（その他）,"補助金の目的：医療的ケア児や重症心身障害児の地域における受入れが促進されるよう、区市町村の体制整備に係る取組を支援
補助対象者：区市町村
補助対象経費：区市町村が実施する医療的ケア児等の地域生活支援の向上に資する事業の実施に係る経費
負担割合：国1/2、都1/4、区市町村1/4",1,区市町村,"19,853 ",福祉局障害者施策推進部療育課,03-5320-4376,
2026,13,福祉局,03,障害者,重症心身障害児者施設における医師等確保対策事業,重症心身障害児者施設における医師等確保対策事業補助金,"補助金の目的：学会に参加する経費を補助することで、医師・看護師等の資質向上を図る
補助対象者　：都内医療型障害児入所施設を設営または運営する社会福祉法人又は財団法人
補助対象経費：学会参加経費
負担割合　　：都10/10",5,民間団体,"1,800 ",福祉局障害者施策推進部療育課,03-5320-4376,
2026,13,福祉局,03,障害者,医療的ケア児日中預かり支援事業,医療的ケア児日中預かり支援事業補助金,"補助金の目的：医療的ケア児の保護者の就労支援
補助対象者：医療的ケア児の日中預かりを行う事業所
補助対象経費：人件費、運営費等
負担割合：都10/10",5,民間団体,"51,061 ",福祉局障害者施策推進部療育課,03-5320-4376,
2026,13,福祉局,03,障害者,在宅レスパイト・就労等支援事業,在宅レスパイト・就労等支援事業補助金,"補助金の目的：重症心身障害児(者)や医療的ケア児の家族の休養（レスパイト）や就労等を支援
補助対象者　：区市町村
補助対象経費：訪問看護ステーション等の看護師を本事業利用対象者の自宅に派遣する際に要した経費、医師指示書を徴する際に要した経費
負担割合　　：都1/2、区市町村1/2",1,区市町村,"233,250 ",福祉局障害者施策推進部療育課,03-5320-4376,
2026,13,福祉局,03,障害者,児童発達支援センター地域支援体制強化事業,児童発達支援センター地域支援体制強化事業,"補助金の目的：障害児の地域支援体制整備の促進を図る
補助対象者　：児童福祉法に基づく児童発達支援センターの事業を行う者として指定権者から指定を受けている事業者
補助対象経費：給料及び職員手当、需用費、備品購入費等
負担割合　　：国1/2、都1/2",5,民間団体,"235,179 ",福祉局障害者施策推進部療育課,03-5320-4374,
2026,13,福祉局,03,障害者,発達検査体制整備支援事業,発達検査体制整備支援事業補助金（検査体制整備）,"補助金の目的：区市町村が実施する発達検査の人件費や外部委託経費等に対して緊急支援を実施することで、区市町村における検査体制の充実を図る
補助対象者　：区市町村
補助対象経費：発達検査の人件費や外部委託経費等
負担割合　　：都1/2 、区市町村1/2",1,区市町村,"220,000 ",福祉局障害者施策推進部療育課,03-5320-4464,
2026,13,福祉局,03,障害者,発達検査体制整備支援事業,発達障害専門医療機関初診待機解消事業補助金,"補助金の目的：発達障害の診断を行っている医療機関が行っている発達障害のアセスメント等について、当該医療機関にアセスメントを行う職員を配置またはアセスメントを外部へ委託するなど、アセスメントの強化を行う。
補助対象者　：医療機関
補助対象経費：診断医療機関における発達検査の人件費
負担割合　　：国1/2 、都1/2",5,民間団体,"96,705 ",福祉局障害者施策推進部療育課,03-5320-4464,
2026,13,福祉局,03,障害者,発達検査体制整備支援事業,発達検査体制整備支援事業補助金（デジタル技術導入）,"補助金の目的：区市町村が実施する発達検査の人件費や外部委託経費等に対して緊急支援を実施することで、区市町村における検査体制の充実を図る
補助対象者　：区市町村
補助対象経費：発達検査に係るデジタル技術導入経費等
負担割合　　：都10/10",1,区市町村,"70,000 ",福祉局障害者施策推進部療育課,03-5320-4464,
2026,13,福祉局,03,障害者,障害児通所支援事業,障害児通所支援事業,"補助金の目的：障害児の福祉の増進
補助対象者　：区市町村
補助対象経費：障害児施設措置費、障害児施設給付費等の支給に要する費用
負担割合　　：国1/2、都1/4、区市町村1/4",1,区市町村,"19,927,163 ",福祉局障害者施策推進部療育課,03-5320-4374,
2026,13,福祉局,03,障害者,障害児の放課後等支援事業,障害児の放課後等支援事業,"補助金の目的：学齢期の医療的ケア児及び重症心身障害児の福祉の向上を図る
補助対象者　：区市町村
補助対象経費：医療的ケア児及び重症心身障害児の放課後等支援の充実のため、放課後等デイサービスや日中一時支援を対象に事業を実施する場合の必要経費
負担割合　　：都1/2、区市町村1/2",1,区市町村,"155,231 ",福祉局障害者施策推進部療育課,03-5320-4374,
2026,13,福祉局,03,障害者,長期休暇期間中の障害児の居場所づくり促進事業,長期休暇期間中の障害児の居場所づくり促進事業補助金,"補助金の目的：長期休暇期間中に、障害児が身近な地域で支援を受けられ、その保護者が見守りや介助により離職せず働き続けられる体制を整備する区市町村を支援
補助対象者　：区市町村
補助対象経費：区市町村が実施する長期休暇期間中の障害児の居場所の確保に当たり必要な経費
負担割合　　：都3/4、区市町村1/4（一部都10/10）",1,区市町村,"218,563 ",福祉局障害者施策推進部療育課,03-5320-4374,
2026,13,福祉局,03,障害者,都型放課後等デイサービス事業,都型放課後等デイサービス事業補助金,"補助金の目的：「放課後等デイサービスガイドライン」で定める支援を基本に、質の高いサービスの実施を推進する
補助対象者　：都型放課後等デイサービス事業を実施する事業者
補助対象経費：都型放課後等デイサービス事業実施に要する人件費・事務費・事業費等
負担割合　　：都10/10",5,民間団体,"349,940 ",福祉局障害者施策推進部療育課,03-5320-4374,https://www.fukushi.metro.tokyo.lg.jp/shougai//jigyo/togatajissi.html
2026,13,福祉局,03,障害者,児童発達支援事業所等利用支援事業,児童発達支援事業所等利用支援事業補助金,"補助金の目的：児童発達支援事業等を利用する児童の保護者の自己負担を、世帯収入に関わらず無償化することで、安心して子育てできる環境づくりを推進
補助対象者　：児童発達支援事業等を利用する児童のいる世帯等の保護者
補助対象経費：0～２歳の利用者負担
負担割合　　：都10/10",6,一般都民,"347,744 ",福祉局障害者施策推進部療育課,03-5320-4374,
2026,13,福祉局,03,障害者,障害者（児）施設整備助成,重症心身障害児（者）等短期入所事業所設備整備費補助金,"補助金の目的：新たに医療型短期入所事業に参画する等、より多くの医療的ケア児等を受け入れるための環境を整備する際に必要となる医療機器等の整備費用を補助することにより、医療型短期入所における医療的ケア児等の受入れを促進すること。
補助対象者　：医療型短期入所事業者
補助対象経費：医療的ケア児等の受入れに必要となる医療機器等の整備費用
負担割合　　：都3/4",5,民間団体,"49,657 ",福祉局障害者施策推進部療育課,03-5320-4376,
2026,14,保健医療局,05,保健、医療,ＰＭＨ接続促進補助,ＰＭＨ接続促進補助,"補助金の目的：医療機関・薬局におけるマイナンバーカードを医療費助成の受給者証として利用可能とするためのPMH（パブリック･メディカル･ハブ）の導入促進
補助対象者：医療機関・薬局
補助対象経費：レセプトコンピューターをPMHに接続する費用
負担割合：病院・大手チェーン薬局：国1/2、都1/4、事業者1/4
診療所・薬局：国3/4、都1/4
※国実施事業(医療機関等におけるマイナンバーカード利活用推進事業)への追加補助",5,民間団体,"102,000 ",保健医療局企画部企画政策課,03-5320-4092,
2026,14,保健医療局,05,保健、医療,人工神経接続装置開発の推進,人工神経接続装置開発の推進,"補助金の目的：人工神経接続装置の開発研究の推進
補助対象者　：（公財）東京都医学総合研究所
補助対象経費：職員費及び事務費等
負担割合　　：都10/10",3,政策連携団体,"60,000 ",保健医療局企画部企画政策課,03-5320-4202,https://www.igakuken.or.jp/
2026,14,保健医療局,17,その他,（公財）東京都医学総合研究所の運営,東京都医学総合研究所運営費補助金,"補助金の目的：（公財）東京都医学総合研究所の運営
補助対象者　：（公財）東京都医学総合研究所
補助対象経費：職員費及び事務費等
負担割合　　：都10/10",3,政策連携団体,"3,756,183 ",保健医療局企画部企画政策課,03-5320-4202,https://www.igakuken.or.jp/
2026,14,保健医療局,05,保健、医療,認知症発症メカニズム解明と新規治療法等の研究の推進,認知症発症メカニズム解明と新規治療法等の研究の推進,"補助金の目的：認知症発症メカニズム解明と新規治療法等の研究の推進
補助対象者　：（公財）東京都医学総合研究所
補助対象経費：職員費及び事務費等
負担割合　　：都10/10",3,政策連携団体,"130,000 ",保健医療局企画部企画政策課,03-5320-4202,https://www.igakuken.or.jp/
2026,14,保健医療局,05,保健、医療,発がんメカニズム解明と新規がん免疫療法等の研究推進,発がんメカニズム解明と新規がん免疫療法等の研究推進,"補助金の目的：発がんメカニズム解明と新規がん免疫療法等の研究推進
補助対象者　：（公財）東京都医学総合研究所
補助対象経費：職員費及び事務費等
負担割合　　：都10/10",3,政策連携団体,"100,000 ",保健医療局企画部企画政策課,03-5320-4202,https://www.igakuken.or.jp/
2026,14,保健医療局,05,保健、医療,保健医療政策区市町村包括補助事業,保健医療政策区市町村包括補助事業,"補助金の目的：区市町村が、地域の実情等を踏まえたきめ細かい保健医療サービスを展開するために実施する保健医療分野にわたる事業に対し支援を行う。
補助対象者　：区市町村
補助対象経費：事業に要する経費
負担割合　　：先駆的事業：都10/10、選択事業：都1/2、区市町村1/2、一般事業：ポイントによる               ",1,区市町村,"2,500,000 ",保健医療局保健政策部保健政策課,03-5320-4365,
2026,14,保健医療局,05,保健、医療,地域自殺対策強化事業,東京都地域自殺対策強化交付金,"補助金の目的：区市町村が実施する自殺対策強化事業について財政支援を行うことにより、地域における更なる自殺対策の強化を図る。
補助対象者　：区市町村
補助対象経費：地域における自殺対策の強化に資する効果的な取組に係る経費
負担割合　　：国1/2～10/10、区市町村0～1/2",1,区市町村,"132,000 ",保健医療局保健政策部健康推進課,03-5320-4310,
2026,14,保健医療局,05,保健、医療,地域自殺対策強化事業,東京都地域自殺対策強化補助事業補助金等,"補助金の目的：民間団体が実施する自殺対策強化事業について財政支援を行うことにより、地域における更なる自殺対策の強化を図る。
補助対象者　：民間団体
補助対象経費： 地域における自殺対策の強化に資する効果的な取組に係る経費
負担割合　　：国1/2～10/10、都0～1/4、民間団体0～1/2",5,民間団体,"91,000 ",保健医療局保健政策部健康推進課,03-5320-4310,https://www.hokeniryo.metro.tokyo.lg.jp/kenkou/tokyokaigi/minkandantai.html
2026,14,保健医療局,05,保健、医療,健康教育,健康増進事業費補助金（健康教育費）,"補助金の目的：健康増進事業の円滑な執行を図り、もって都民の健康の保持増進を図る。
補助対象者　：区市町村
補助対象経費：事業の実施に必要な経費
負担割合　　：国1/3、都1/3、区市町村1/3",1,区市町村,"14,748 ",保健医療局保健政策部健康推進課,03-5320-4367,https://www.hokeniryo.metro.tokyo.lg.jp/kensui//etc/zoushin/
2026,14,保健医療局,05,保健、医療,健康相談,健康増進事業費補助金（健康相談費）,"補助金の目的：健康増進事業の円滑な執行を図り、もって都民の健康の保持増進を図る。
補助対象者　：区市町村
補助対象経費：事業の実施に必要な経費
負担割合　　：国1/3、都1/3、区市町村1/3",1,区市町村,"13,981 ",保健医療局保健政策部健康推進課,03-5320-4367,https://www.hokeniryo.metro.tokyo.lg.jp/kensui//etc/zoushin/
2026,14,保健医療局,05,保健、医療,健康診査,健康増進事業費補助金（健康診査費）,"補助金の目的：健康増進事業の円滑な執行を図り、もって都民の健康の保持増進を図る。
補助対象者　：法定事業（全区市町村）、任意事業（島しょのみ）
補助対象経費：事業の実施に必要な経費
負担割合　　：法定事業（国1/3、都1/3、区市町村1/3）、任意事業（都2/3、区市町村1/3）",1,区市町村,"472,005 ",保健医療局保健政策部健康推進課,03-5320-4367,https://www.hokeniryo.metro.tokyo.lg.jp/kensui//etc/zoushin/
2026,14,保健医療局,05,保健、医療,訪問指導,健康増進事業費補助金（訪問指導費）,"補助金の目的：健康増進事業の円滑な執行を図り、もって都民の健康の保持増進を図る。
補助対象者　：区市町村
補助対象経費：事業の実施に必要な経費
負担割合　　：国1/3、都1/3、区市町村1/3",1,区市町村,"1,190 ",保健医療局保健政策部健康推進課,03-5320-4367,https://www.hokeniryo.metro.tokyo.lg.jp/kensui//etc/zoushin/
2026,14,保健医療局,05,保健、医療,受動喫煙防止対策の推進,受動喫煙防止対策支援補助金,"補助金の目的：都内中小・個人規模の飲食店の受動喫煙防止対策に係る環境の整備を支援する。
補助対象者　：飲食施設の運営事業者（要綱にて詳細な規定あり）
補助対象経費：事業の実施に必要な経費
負担割合　　：都（客席面積により）2/3または9/10、事業者（客席面積により）1/3または1/10",5,民間団体,"2,400 ",保健医療局保健政策部健康推進課,03-5320-4361,https://www.hokeniryo.metro.tokyo.lg.jp/kensui/kitsuen/insyokutentaisaku/insyokutenhojo/
2026,14,保健医療局,05,保健、医療,総合的な保健推進事業,健康増進事業費補助金（総合的な保健推進事業）,"補助金の目的：健康増進事業の円滑な執行を図り、もって都民の健康の保持増進を図る。
補助対象者　：区市町村
補助対象経費：事業の実施に必要な経費
負担割合　　：国1/3、都1/3、区市町村1/3",1,区市町村,"128,596 ",保健医療局保健政策部健康推進課,03-5320-4367,https://www.hokeniryo.metro.tokyo.lg.jp/kensui//etc/zoushin/
2026,14,保健医療局,05,保健、医療,肝炎ウイルス検診,健康増進事業費補助金（肝炎ウイルス検診費）,"補助金の目的：健康増進事業の円滑な執行を図り、もって都民の健康の保持増進を図る。
補助対象者　：区市町村
補助対象経費：事業の実施に必要な経費
負担割合　　：国1/3、都1/3、区市町村1/3（一部国10/10）",1,区市町村,"259,175 ",保健医療局保健政策部健康推進課,03-5320-4367,https://www.hokeniryo.metro.tokyo.lg.jp/kensui//etc/zoushin/
2026,14,保健医療局,05,保健、医療,臨床調査個人票電子化等推進事業,臨床調査個人票電子化等推進事業補助金,"補助金の目的：臨床調査個人票のオンライン登録の促進を図る。
補助対象者　：医療機関
補助対象経費：臨床調査個人票のオンライン化に対応するために必要な業務システムの改修その他環境整備に係る経費
負担割合　　：国1/2、事業者1/2",5,民間団体,"1,023 ",保健医療局保健政策部疾病対策課,03-5320-4471,https://www.hokeniryo.metro.tokyo.lg.jp/kenkou/nanbyo/portal/shiteikikan/kikan-oshirase
2026,14,保健医療局,05,保健、医療,在宅難病患者医療機器貸与･整備事業,在宅難病患者医療機器貸与に係る訪問看護補助金,"補助金の目的：在宅難病患者に対する訪問看護の充実と安定した療養生活を確保する。
補助対象者　：特別区並びに八王子市及び町田市
補助対象経費：本事業の被貸与者に対する訪問看護の実施
負担割合　　：都10/10",1,区市町村,"4,902 ",保健医療局保健政策部疾病対策課,03-5320-4477,
2026,14,保健医療局,05,保健、医療,在宅人工呼吸器使用難病患者非常用電源設備整備事業,在宅人工呼吸器使用難病患者非常用電源設備整備事業補助金,"補助金の目的：在宅人工呼吸器使用難病患者の災害等による停電時の安全を確保する。
補助対象者　：医療機関
補助対象経費：患者に無償貸与するための自家発電装置、無停電電源装置、蓄電池の購入費
負担割合　　：国0～1/3、都2/3～10/10",5,民間団体,"6,339 ",保健医療局保健政策部疾病対策課,03-5320-4477,https://www.hokeniryo.metro.tokyo.lg.jp/kenkou/nanbyo/portal/service/zaitaku/dengen.html
2026,14,保健医療局,05,保健、医療,診療ネットワーク整備事業,肝炎初回精密検査費用助成・肝炎定期検査費用助成,"補助金の目的：ウイルス性肝炎の重症化予防を図る。
補助対象者　：【初回精密検査】肝炎ウイルス検査で陽性と判定された方　【定期検査】肝炎ウイルスによる慢性肝疾患で療養中の方（各検査とも要綱に詳細な規定あり）
補助対象経費：検査費用
負担割合　　：国1/2、都1/2",6,一般都民,"2,784 ",保健医療局保健政策部疾病対策課,03-5320-4476,https://www.hokeniryo.metro.tokyo.lg.jp/kenkou/kenkou/kanen_senryaku/kanen_kensahiyou_josei
2026,14,保健医療局,05,保健、医療,難病医療ネットワーク,東京都神経難病患者在宅医療支援事業補助金,"補助金の目的：国の直接補助対象外の病院でプリオン病の剖検を行う際に支援チームの派遣や剖検にかかる費用を補助し、都における剖検の体制を整備する。
補助対象者：剖検等実施施設（「国立大学法人」、「国立高度医療専門医療研究センター」又は「国立病院機構」以外）
補助対象経費：支援チーム派遣経費、確定診断（剖検等）経費
負担割合：　国1/2、都1/2",5,民間団体,"1,036 ",保健医療局保健政策部疾病対策課,03-5320-4477,
2026,14,保健医療局,05,保健、医療,腎臓移植組織適合性検査費助成,腎移植にかかる組織適合検査補助,"補助金の目的：腎移植を推進し、患者の負担軽減を図る。
補助対象者　：献腎移植を希望し、（公社）日本臓器移植ネットワークに移植希望の登録をする方
補助対象経費：腎臓移植組織適合性検査費
負担割合　　：都10/10",6,一般都民,930 ,保健医療局保健政策部疾病対策課,03-5320-4506,https://www.hokeniryo.metro.tokyo.lg.jp/kenkou/k_isyoku/annai.html
2026,14,保健医療局,05,保健、医療,献血広報事業,献血広報活動,"補助金の目的：献血事業の円滑な運営及び安定的な血液の確保を図る。
補助対象者　：日本赤十字社東京都支部
補助対象経費：マスメディア等の広報媒体を活用した献血推進を図るための事業に要する経費。
負担割合　　：都10/10",5,民間団体,"3,605 ",保健医療局保健政策部疾病対策課,03-5320-4506,
2026,14,保健医療局,05,保健、医療,献血者登録推進事業,献血登録者確保,"補助金の目的：献血事業の円滑な運営及び安定的な血液の確保を図る。
補助対象者　：日本赤十字社東京都支部
補助対象経費：献血登録者の確保事業に要する経費。
負担割合　　：都1/2、事業者1/2",5,民間団体,"1,200 ",保健医療局保健政策部疾病対策課,03-5320-4506,
2026,14,保健医療局,05,保健、医療,保険基盤安定負担金,国民健康保険保険基盤安定都負担金（保険料（税）軽減分）,"補助金の目的：区市町村が軽減した低所得者の保険料（税）応益分を都が一部負担することで、被保険者の保険料（税）の緩和を図るとともに、保険財政基盤の安定化を図る。
補助対象者　：区市町村
補助対象経費：保険料（税）を軽減した額を基礎として、一般会計から国民健康保険特別会計に繰入れた額
負担割合　　：都3/4、区市町村1/4",1,区市町村,"33,296,045 ",保健医療局保健政策部国民健康保険課,03-5320-4165,
2026,14,保健医療局,05,保健、医療,保険基盤安定負担金,国民健康保険保険基盤安定都負担金（保険者支援分）,"補助金の目的：保険料（税）軽減の対象となった被保険者の数に応じた平均保険料の一定割合の一部を都が負担することで、保険料（税）負担を軽減するとともに、保険財政基盤の安定化を図る。
補助対象者　：区市町村
補助対象経費：区市町村が保険料（税）軽減対象者数に応じて一般会計から国民健康保険特別会計に繰入れた額
負担割合　　：国1/2、都1/4、区市町村1/4",1,区市町村,"10,565,080 ",保健医療局保健政策部国民健康保険課,03-5320-4165,
2026,14,保健医療局,05,保健、医療,国保・市町村に対する補助,市町村国民健康保険都費補助金,"補助金の目的：国民健康保険事業を行う市町村の保険財政の健全化を図り、国民健康保険事業の円滑な運営を図ることを目的とする。
補助対象者　：市町村
補助対象経費：特定健診受診率・特定保健指導実施率、がん検診受診率、糖尿病等の重症化予防の取組及び収納率の各評価指標を定め、一定の基準を満たした市町村に対して補助する。
負担割合　　：都10/10",1,区市町村,"2,039,462 ",保健医療局保健政策部国民健康保険課,03-5320-4165,
2026,14,保健医療局,05,保健、医療,未就学児均等割保険料負担金,未就学児均等割保険料都負担金,"補助金の目的：国民健康保険における未就学児である被保険者が属する世帯の保険料（税）負担の軽減を図ることを目的とする。
補助対象者　：区市町村
補助対象経費：区市町村が未就学児につき保険料（税）を軽減した額を基礎として、一般会計から国民健康保険特別会計に繰入れた額
負担割合　　：国1/2、都1/4、区市町村1/4",1,区市町村,"245,395 ",保健医療局保健政策部国民健康保険課,03-5320-4165,
2026,14,保健医療局,05,保健、医療,産前産後保険料負担金,産前産後保険料都負担金,"補助金の目的：国民健康保険の出産する被保険者の保険料（税）の負担軽減を図ることを目的とする。
補助対象者　：区市町村
補助対象経費：免除した産前産後期間相当分（4か月分（多胎の場合は６か月分））の保険料（税）
負担割合　　：国1/2、都1/4、区市町村1/4",1,区市町村,"96,834 ",保健医療局保健政策部国民健康保険課,03-5320-4165,
2026,14,保健医療局,05,保健、医療,国民健康保険組合に対する補助,国民健康保険組合都費補助金,"補助金の目的：国民健康保険組合に対して補助を行うことにより、被保険者の負担の軽減を図るとともに、保険財政の健全化を図る。
補助対象者　：国民健康保険組合
補助対象経費：　(1) 医療費相当分　(2) 事務費相当分　(3) 付加給付相当分
負担割合　　：都10/10（上記対象経費のうち国庫補助金等を除いた分について補助）",5,民間団体,"4,335,782 ",保健医療局保健政策部国民健康保険課,03-5320-4165,
2026,14,保健医療局,05,保健、医療,国民健康保険組合に対する補助,国民健康保険組合特定健康診査・保健指導都費補助金,"補助金の目的：国民健康保険組合が行う、特定健康診査及び特定保健指導の実施を支援することにより生活習慣病の予防を推進し、高齢期における医療に要する費用の適正化を図る。
補助対象者　：国民健康保険組合
補助対象経費：被保険者に対する特定健康診査・特定保健指導に対し、1/3を補助
負担割合　　：国1/3、都1/3、国民健康保険組合1/3",5,民間団体,"92,069 ",保健医療局保健政策部国民健康保険課,03-5320-4165,
2026,14,保健医療局,05,保健、医療,国民健康保険団体連合会に対する補助,東京都国民健康保険団体連合会都費補助金,"補助金の目的：東京都国民健康保険団体連合会が行う事業の円滑な運営と内容の向上を図る。
補助対象者　：東京都国民健康保険団体連合会
補助対象経費：国民健康保険診療報酬請求書等の審査及び診療報酬支払のために要する経費の一部
負担割合：補助単価に審査支払件数を乗じた額を基礎として算出した経費に対し都10/10",5,民間団体,"1,133,254 ",保健医療局保健政策部国民健康保険課,03-5320-4164,
2026,14,保健医療局,05,保健、医療,区市町村の国民健康保険事業に対する取組支援,区市町村の国民健康保険事業に対する取組支援,"補助金の目的：区市町村の保健事業を一層推進するため、健診・医療等データと区市町村施策の好事例を組み合わせ、最も効果的な施策フローをＡＩ技術で可視化するなど、区市町村の国民健康保険事業に対する取組を支援する。
補助対象者　：東京都国民健康保険団体連合会
補助対象経費：KDBデータと最新のデジタル技術を活用した新たな保険者支援策として、統計手法によるシミュレーションに基づき保健事業の施策効果を可視化し、施策の改善策を区市町村に提示するために要する経費の一部
負担割合：１/２",5,民間団体,"41,421 ",保健医療局保健政策部国民健康保険課,03-5320-4164,
2026,14,保健医療局,05,保健、医療,後期高齢者医療財政安定化基金交付金,後期高齢者医療財政安定化基金交付金,"補助金の目的：保険料不足に起因する財政不足に対して、基金の交付を行う。
補助対象者　：東京都後期高齢者医療広域連合
補助対象経費：保険料未納による財政不足分
負担割合　　：都1/2、広域連合１/2",7,その他団体,"8,700,000 ",保健医療局保健政策部国民健康保険課,03-5320-4285,
2026,14,保健医療局,05,保健、医療,後期高齢者医療給付費等負担金,後期高齢者医療給付費等負担金,"補助金の目的：後期高齢者医療費の確保のため、法定された医療等にかかる費用を負担する。
補助対象者　：東京都後期高齢者医療広域連合
補助対象経費：医療等に要する費用（現役並み所得者に対して行われるものを除く。）の6/12
負担割合　　：国4/12、都1/12、区市町村1/12　（ただし、国負担の4/12のうちの1/12は財政調整交付金）",7,その他団体,"126,216,412 ",保健医療局保健政策部国民健康保険課,03-5320-4285,
2026,14,保健医療局,05,保健、医療,後期高齢者医療高額医療費負担金,後期高齢者医療高額医療費負担金,"補助金の目的：高額な医療費の発生による広域連合の財政運営の不安定性を緩和する。
補助対象者　：東京都後期高齢者医療広域連合
補助対象経費：レセプト1件当たり85万円を超える医療費のうち、保険料で賄うべき部分
負担割合　　：国1/4、都1/4、広域連合（保険料）2/4",7,その他団体,"12,586,864 ",保健医療局保健政策部国民健康保険課,03-5320-4285,
2026,14,保健医療局,05,保健、医療,後期高齢者保険基盤安定負担金,後期高齢者医療保険基盤安定負担金,"補助金の目的：広域連合の財政基盤安定を図るため低所得者等への保険料軽減分を負担する。
補助対象者　：区市町村
補助対象経費：低所得者に対する保険料軽減措置分、元被扶養者に対する保険料軽減措置分
負担割合　　：都3/4、区市町村1/4",1,区市町村,"24,140,759 ",保健医療局保健政策部国民健康保険課,03-5320-4285,
2026,14,保健医療局,05,保健、医療,後期高齢者医療健康診査事業,後期高齢者医療健康診査事業,"補助金の目的：広域連合の努力義務とされている後期高齢者に対する健康診査を推進する。
補助対象者　：東京都後期高齢者医療広域連合
補助対象経費：後期高齢者に対して実施する健康診査経費
負担割合　　：国1/3、都1/3、広域連合（保険料）1/3",7,その他団体,"1,795,547 ",保健医療局保健政策部国民健康保険課,03-5320-4285,
2026,14,保健医療局,05,保健、医療,後期高齢者医療歯科健康診査事業,後期高齢者医療歯科健康診査事業,"補助金の目的：オーラルフレイル対策のため、口腔機能評価を含めた後期高齢者歯科健康診査を被保険者の自己負担なしで実施する区市町村を支援
補助対象者　：東京都後期高齢者医療広域連合
補助対象経費：後期高齢者に対して実施する歯科健康診査経費
負担割合　　：国1/3、都1/3、区市町村1/3",7,その他団体,"138,597 ",保健医療局保健政策部国民健康保険課,03-5320-4285,
2026,14,保健医療局,05,保健、医療,国民健康保険直営診療施設等施設整備助成,国民健康保険診療施設整備費都費補助金,"補助金の目的：区市町村に対し、施設及び設備の整備に要する経費の一部を交付することにより、保険給付の円滑化及び国民健康保険事業の健全な運営の推進を図る。
補助対象者　：国民健康保険診療施設を運営する区市町村
補助対象経費：施設及び設備の整備に要する経費
負担割合　　：国1/3、都1/3、区市町村1/3",1,区市町村,"1,100 ",保健医療局保健政策部国民健康保険課,03-5320-4165,
2026,14,保健医療局,05,保健、医療,医学技術振興事業補助金,医学技術振興事業補助金,"補助金の目的：地域における保健医療の確保及び充実
補助対象者　：東京都医師会、東京都歯科医師会
補助対象経費：講演会・研修会の開催及び雑誌・パンフレットの発行に係る経費等
負担割合　　：都1/2、事業者1/2",5,民間団体,"81,766 ",保健医療局医療政策部医療人材課,03-5320-4441,
2026,14,保健医療局,05,保健、医療,医療機関診療情報デジタル推進事業,病院診療情報デジタル推進事業補助金、診療所診療情報デジタル推進事業補助金,"補助金の目的：地域における診療情報の共有、連携の促進
補助対象者　：病院、医科診療所
補助対象経費：電子カルテシステムの導入及び更新（更新は病院のみ）等、医療機関同士の情報共有の取組を推進する業務等を専ら行う者の給与費等
負担割合　　：都 3/4、事業者 1/4（都 1/2 、 大規模病院 1/2）",5,民間団体,"4,182,380 ",保健医療局医療政策部医療政策課,03-5320-4448,https://www.hokeniryo.metro.tokyo.lg.jp/iryo/jigyo/ictkiban.html
2026,14,保健医療局,05,保健、医療,医学的リハビリテーション施設施設設備整備費補助,東京都医学的リハビリテーション施設施設設備整備費補助金,"補助金の目的：医学的リハビリテーションを提供する体制の確保
補助対象者　：日本赤十字社、社会福祉法人恩賜財団済生会、全国厚生農業協同組合連合会、社会福祉法人北海道社会事業協会、国民健康保険組合（施設のみ）及び国民健康保険団体連合会（施設のみ）
補助対象経費：機能訓練棟及び診療棟の新築、増改築に要する工事費又は工事請負費（施設）医療機器の備品購入費（設備）
負担割合　　：：国2/9、都1/9、事業者2/3",7,その他団体,"2,953 ",保健医療局医療政策部医療政策課,03-5320-4417,
2026,14,保健医療局,05,保健、医療,医療機器管理室施設整備事業,東京都医療機器管理室施設整備費補助金,"補助金の目的：医療機器管理室の整備
補助対象者　：地域における中核的医療機関等
補助対象経費：新築、増改修及び改修に要する工事費又は工事請負費
負担割合　　：国1/3、都1/3、事業者1/3",5,民間団体,"8,483 ",保健医療局医療政策部医療政策課,03-5320-4417,https://www.hokeniryo.metro.tokyo.lg.jp/iryo/jigyo/h_gaiyou/k_shisetsu.html
2026,14,保健医療局,05,保健、医療,医療施設近代化施設整備費補助（一般）,東京都医療施設近代化施設整備費補助金（一般）,"補助金の目的：病院の環境改善及びへき地や都市部の診療所の円滑な承継のための整備
補助対象者　：病院及び診療所等
補助対象経費：患者及び医療従事者等の処遇改善処遇改善等に係る工事費又は工事請負費
負担割合　　：国1/3、都1/6、事業者1/2　国1/3、都1/25、事業者5/8　国1/3、都2/25、事業者44/75のいずれか",5,民間団体,"591,493 ",保健医療局医療政策部医療政策課,03-5320-4417,https://www.hokeniryo.metro.tokyo.lg.jp/iryo/jigyo/h_gaiyou/kindaika.html
2026,14,保健医療局,05,保健、医療,医療施設近代化施設整備費補助（精神）,東京都医療施設近代化施設整備費補助金（精神）,"補助金の目的：病院の環境改善及びへき地や都市部の診療所の円滑な承継のための整備
補助対象者　：病院及び診療所等
補助対象経費：患者及び医療従事者等の処遇改善処遇改善等に係る工事費又は工事請負費
負担割合　　：国1/3、都1/6、事業者1/2",5,民間団体,"1,113,460 ",福祉局障害者施策推進部精神保健医療課,03-5320-4461,https://www.hokeniryo.metro.tokyo.lg.jp/iryo/jigyo/h_gaiyou/kindaika.html
2026,14,保健医療局,05,保健、医療,医療施設耐震化促進事業,東京都医療施設耐震化促進事業（耐震補強）,"補助金の目的：医療施設における安全性の向上及び、震災時における医療体制の確保
補助対象者　：医療機関（ただし、国、都及び市町村又はその一部事務組合並びに地方独立行政法人、日本赤十字社、及び社会福祉法人恩賜財団済生会を除く。）
補助対象経費：地震防災上緊急に整備すべき耐震化整備に必要な新築、増改築に伴う補強及び既存建物に対する補強に要する工事費又は工事請負費
負担割合　　：国1/2、都1/3、事業者1/6",5,民間団体,"10,394 ",保健医療局医療政策部救急災害医療課,03-5320-4445,https://www.hokeniryo.metro.tokyo.lg.jp/iryo/kyuukyuu/taishinka.html
2026,14,保健医療局,05,保健、医療,災害拠点病院等自家発電設備等整備強化事業,災害拠点病院等自家発電設備等強化事業（移設・防水・配管）（災害拠点病院）,"補助金の目的：災害時における傷病者の医療を確保及び、医療救護の体系的な整備
補助対象者　：医療機関
補助対象経費：防水、移設工事、設備・配管工事に要する経費
負担割合　　：都2/3、事業者1/3",5,民間団体,"18,666 ",保健医療局医療政策部救急災害医療課,03-5320-4445,https://www.hokeniryo.metro.tokyo.lg.jp/iryo/kyuukyuu/saigai/kyotenbyouinlist.html
2026,14,保健医療局,05,保健、医療,災害拠点病院等自家発電設備等整備強化事業,災害拠点病院等自家発電設備等強化事業（自家発等の更新）（災害拠点連携病院）,"補助金の目的：災害時における傷病者の医療を確保及び、医療救護の体系的な整備
補助対象者　：医療機関
補助対象経費：自家発等の更新に要する経費
負担割合　　：都7/8、事業者1/8",5,民間団体,"226,901 ",保健医療局医療政策部救急災害医療課,03-5320-4445,https://www.hokeniryo.metro.tokyo.lg.jp/iryo/kyuukyuu/saigai/kyotenbyouinlist.html
2026,14,保健医療局,05,保健、医療,災害拠点病院等自家発電設備等整備強化事業,災害拠点病院等自家発電設備等強化事業（自家発電設備の浸水対策に必要な移設工事費用等）（災害医療支援病院）,"補助金の目的：災害時における傷病者の医療を確保及び、医療救護の体系的な整備
補助対象者　：医療機関
補助対象経費：自家発電設備の浸水対策に必要な移設工事費用等
負担割合　　：都7/8、事業者1/8",5,民間団体,"28,350 ",保健医療局医療政策部救急災害医療課,03-5320-4445,https://www.hokeniryo.metro.tokyo.lg.jp/iryo/kyuukyuu/saigai/kyotenbyouinlist.html
2026,14,保健医療局,05,保健、医療,院内感染対策施設設備整備費補助金,院内感染対策施設設備整備費補助金,"補助金の目的：院内感染対策施設における整備
補助対象者　：地域における中核的医療機関等
補助対象経費：対象設備整備に必要な新築、増改修及び改修に要する工事費又は工事請負費
負担割合　　：国1/3、都1/3、事業者1/3",5,民間団体,"148,829 ",保健医療局医療政策部医療政策課,03-5320-4417,https://www.hokeniryo.metro.tokyo.lg.jp/iryo/jigyo/h_gaiyou/innaikansen.html
2026,14,保健医療局,05,保健、医療,ＮＩＣＵ等入院児の在宅移行支援事業,ＮＩＣＵ等入院児の在宅移行支援事業補助金,"補助金の目的：退院に向けた支援の充実及び、退院後に医療ケア等が必要なNICU等入院児の在宅療養への円滑な移行の推進
補助対象者　：都内において、NICU等入院支援コーディネーター及びその役割と同等の役割を担う職員を配置している医療機関の開設者、訪問看護事業者
補助対象経費：在宅療養に向けた外泊支援等に要する経費
負担割合　　：都10/10",5,民間団体,"1,535 ",保健医療局医療政策部救急災害医療課,03-5320-4547,
2026,14,保健医療局,05,保健、医療,外国人看護師受入支援事業,外国人看護師候補者受入施設研修費補助金,"補助金の目的：ＥＰＡにより受入れ予定である外国人看護師候補者に対する都内医療機関の受入れ体制の整備
補助対象者　：都内医療機関
補助対象経費：看護師国家試験対策研修及び日本語学習に要する経費
負担割合　　：国10/10　又は　都10/10",5,民間団体,"2,970 ",保健医療局医療政策部医療人材課,03-5320-4441,
2026,14,保健医療局,05,保健、医療,外国人旅行者等への医療情報提供体制整備,東京都外国人患者受入れ体制整備支援事業補助金,"補助金の目的：都内医療機関の外国人患者受入れ体制の充実
補助対象者　：都内医療機関（歯科診療所は除く。）
補助対象経費：医療機関が外国人患者受入体制に要する経費
負担割合　　：都 1/2 、 事業者 1/2",5,民間団体,"14,168 ",保健医療局医療政策部医療政策課,03-5320-4448,https://www.hokeniryo.metro.tokyo.lg.jp/iryo/iryo_hoken/gaikokujin/ukeiretaisei/taiseiseibi.html
2026,14,保健医療局,05,保健、医療,看護外来相談開設整備費補助,東京都看護外来相談開設促進事業施設整備費補助金,"補助金の目的：専門的な看護の実践による看護職員の資質向上や労働意欲の向上による定着の促進
補助対象者　：新たに看護外来相談を実施する都内の病院
補助対象経費：看護外来相談実施のための施設整備に係る工事費及び設備整備に係る備品購入費
負担割合　　：都1/2、事業者1/2",5,民間団体,"2,887 ",保健医療局医療政策部医療人材課,03-5320-4447,https://www.hokeniryo.metro.tokyo.lg.jp/iryo/jigyo/hojo/kangogairai.html
2026,14,保健医療局,05,保健、医療,看護師勤務環境改善施設整備費補助金,看護師勤務環境改善施設整備費補助金,"補助金の目的：都内医療機関看護職員の離職防止
補助対象者　：看護職員の勤務環境改善に取り組む病院
補助対象経費：ナース・ステーション、処置室、会議室等の新築、増改築及び改修に要する工事費
負担割合　　：国4/9、都2/9、事業者1/3",5,民間団体,"48,230 ",保健医療局医療政策部医療人材課,03-5320-4447,https://www.hokeniryo.metro.tokyo.lg.jp/iryo/jigyo/hojo/kinmu.html
2026,14,保健医療局,05,保健、医療,看護師宿舎施設整備費補助金,看護師宿舎施設整備費補助金,"補助金の目的：都内医療機関看護職員の離職防止
補助対象者　：看護職員の勤務環境改善に取り組む病院
補助対象経費：看護師宿舎の個室整備に伴う新築、増改築及び改修に要する工事費
負担割合　　：国4/9、都2/9、事業者1/3",5,民間団体,"650,898 ",保健医療局医療政策部医療人材課,03-5320-4447,https://www.hokeniryo.metro.tokyo.lg.jp/iryo/jigyo/hojo/syukusya.html
2026,14,保健医療局,05,保健、医療,看護師等養成所運営費補助金,看護師等養成所運営費補助金（区市町村）,"補助金の目的：看護師等の学校又は養成所に対する教育内容の充実と都内の看護師等の充足
補助対象者　：保健師助産師看護師法による指定を受けた学校、養成所
補助対象経費：教員経費、生徒経費、事務職員経費、実習施設謝金、新任看護教員研修事業実施経費、看護教員養成講習会参加促進事業実施経費、助産師学生実践能力向上事業実施経費等
負担割合　　：（自治体立）国1/3、都1/6、区市町村1/2　（民間団体）国2/3、都1/3",1,区市町村,"5,664 ",保健医療局医療政策部医療人材課,03-5320-4517,https://www.hokeniryo.metro.tokyo.lg.jp/iryo/jigyo/hojo/uneihi.html
2026,14,保健医療局,05,保健、医療,看護師等養成所運営費補助金,看護師等養成所運営費補助金（民間団体）,"補助金の目的：看護師等の学校又は養成所に対する教育内容の充実と都内の看護師等の充足
補助対象者　：保健師助産師看護師法による指定を受けた学校、養成所
補助対象経費：教員経費、生徒経費、事務職員経費、実習施設謝金、新任看護教員研修事業実施経費、看護教員養成講習会参加促進事業実施経費、助産師学生実践能力向上事業実施経費等
負担割合　　：（自治体立）国1/3、都1/6、区市町村1/2　（民間団体）国2/3、都1/3",5,民間団体,"501,535 ",保健医療局医療政策部医療人材課,03-5320-4517,https://www.hokeniryo.metro.tokyo.lg.jp/iryo/jigyo/hojo/uneihi.html
2026,14,保健医療局,05,保健、医療,看護師等養成所施設整備費等補助,看護師等養成所施設整備事業補助金、看護師等養成所設備整備事業補助金,"補助金の目的：看護師等養成所における教育環境の充実
補助対象者　：看護師等養成所
補助対象経費：看護師等養成所の施設設備整備事業に要する経費
負担割合　　：国1/2、都1/4、事業者1/4",5,民間団体,"224,212 ",保健医療局医療政策部医療人材課,03-5320-4447,https://www.hokeniryo.metro.tokyo.lg.jp/iryo/jigyo/hojo/jigyou.html
2026,14,保健医療局,05,保健、医療,がん診療施設整備費補助,東京都がん診療施設施設・設備整備費補助金,"補助金の目的：良質かつ適切ながん医療を提供する体制の確保・充実
補助対象者　：都内のがん診療連携拠点病院、地域がん診療病院、東京都がん診療連携拠点病院、東京都がん診療連携協力病院（国公立、独立行政法人及び地方独立行政法人等除く）並びにがん診療を実施する日本赤十字社及び社会福祉法人恩賜財団済生会
補助対象経費：がん診療に係る施設整備及び設備整備に要する経費
負担割合　　：国2/9、都1/9、事業者2/3",5,民間団体,"320,344 ",保健医療局医療政策部医療政策課,03-5320-4389,
2026,14,保健医療局,05,保健、医療,がん診療連携拠点病院事業,東京都がん診療連携拠点病院機能強化事業補助金（公立病院）,"補助金の目的：質の高いがん医療の提供体制の確立
補助対象者　：都内の都道府県がん診療連携拠点病院及び地域がん診療連携拠点病院の開設者（独立行政法人病院及び国立病院の開設者を除く）
補助対象経費：東京都がん診療連携拠点病院機能強化事業実施要綱第４の規定に基づき実施する事業に必要な経費
負担割合　　：国1/2　都1/2　（都加算分）　都10/10",1,区市町村,"25,069 ",保健医療局医療政策部医療政策課,03-5320-4389,
2026,14,保健医療局,05,保健、医療,がん診療連携拠点病院事業,東京都がん診療連携拠点病院機能強化事業補助金（民間病院）,"補助金の目的：質の高いがん医療の提供体制の確立
補助対象者　：都内の都道府県がん診療連携拠点病院及び地域がん診療連携拠点病院の開設者（独立行政法人病院及び国立病院の開設者を除く）
補助対象経費：東京都がん診療連携拠点病院機能強化事業実施要綱第４の規定に基づき実施する事業に必要な経費
負担割合　　：国1/2　都1/2　（都加算分）　都10/10",5,民間団体,"309,893 ",保健医療局医療政策部医療政策課,03-5320-4389,
2026,14,保健医療局,05,保健、医療,緩和ケア推進事業,がん看護専門看護師等資格取得支援事業補助金,"補助金の目的：緩和ケアを担う専門看護師・専門薬剤師等の資格取得支援
補助対象者　：要件を満たす都内の病院
補助対象経費：資格取得に要する経費や、研修中の代替人員雇用のための経費
負担割合　　：都1/2、事業者1/2",5,民間団体,"3,460 ",保健医療局医療政策部医療政策課,03-5320-4389,
2026,14,保健医療局,05,保健、医療,緩和ケア推進事業,東京都がん診療連携協力病院緩和ケア研修会事業補助金,"補助金の目的：医師等向け緩和ケア研修会の開催経費補助
補助対象者　：緩和ケア研修会を開催する東京都がん診療連携協力病院（国及び独立行政法人病院の開設者を除く）
補助対象経費：緩和ケア研修会に要する経費
負担割合　　：都10/10",5,民間団体,"3,178 ",保健医療局医療政策部医療政策課,03-5320-4389,
2026,14,保健医療局,05,保健、医療,緩和ケア病棟施設整備費補助,東京都緩和ケア病棟施設設備整備費補助金（民間病院）,"補助金の目的：悪性腫瘍の患者及びその家族に対する身体的ケア及び精神的ケアの充実
補助対象者　：緩和ケア病棟の運営施設として指定を受けた病院の開設者
補助対象経費：緩和ケア病棟の新築、増改築及び改修に要する工事費並びに緩和ケアのために必要な設備の購入費
負担割合　　：（自治体立）都1/3、区市町村2/3　（民間事業者）都1/3、事業者2/3",5,民間団体,"61,560 ",保健医療局医療政策部医療政策課,03-5320-4389,https://www.hokeniryo.metro.tokyo.lg.jp/iryo/jigyo/h_gaiyou/kanwakeabyoutouseibijigyou.html
2026,14,保健医療局,05,保健、医療,緩和ケア病棟施設整備費補助,東京都緩和ケア病棟施設設備整備費補助金（公立病院）,"補助金の目的：悪性腫瘍の患者及びその家族に対する身体的ケア及び精神的ケアの充実
補助対象者　：緩和ケア病棟の運営施設として指定を受けた病院の開設者
補助対象経費：緩和ケア病棟の新築、増改築及び改修に要する工事費並びに緩和ケアのために必要な設備の購入費
負担割合　　：（自治体立）都1/3、区市町村2/3　（民間事業者）都1/3、事業者2/3",1,区市町村,807 ,保健医療局医療政策部医療政策課,03-5320-4389,https://www.hokeniryo.metro.tokyo.lg.jp/iryo/jigyo/h_gaiyou/kanwakeabyoutouseibijigyou.html
2026,14,保健医療局,05,保健、医療,救急医療機関勤務医師確保事業,東京都救急医療機関勤務医師確保事業補助金,"補助金の目的：救急医療を担う医師の処遇改善を図り、安定的な救急医療体制の確保
補助対象者　：都内の救急告示医療機関、総合周産期母子医療センター及び地域周産期母子医療センターを有する医療機関の開設者。ただし、国立及び都立を除く。
補助対象経費：休日及び夜間において救急医療に従事する医師に支払う救急勤務医手当。
負担割合　　：国4/9、都2/9、事業者1/3",5,民間団体,"427,121 ",保健医療局医療政策部救急災害医療課,03-5320-4427,
2026,14,保健医療局,05,保健、医療,休日・全夜間診療事業参画医療機関施設整備費等補助,休日・全夜間診療事業参画医療機関施設整備費等補助金（施設整備）,"補助金の目的：休日又は夜間における入院治療等を必要とする重症救急患者の医療の確保
補助対象者　：休日・全夜間診療事業参画医療機関の開設者
補助対象経費：診療部門及び専用病室等の新築または増改築に要する工事費又は工事請負費
負担割合　　：国1/3、都1/3、事業者1/3",5,民間団体,"36,566 ",保健医療局医療政策部救急災害医療課,03-5320-4427,
2026,14,保健医療局,05,保健、医療,休日・全夜間診療事業参画医療機関施設整備費等補助,休日・全夜間診療事業参画医療機関施設整備費等補助金（設備整備）,"補助金の目的：休日又は夜間における入院治療等を必要とする重症救急患者の医療の確保
補助対象者　：休日・全夜間診療事業参画医療機関の開設者
補助対象経費：休日・全夜間診療事業の入院施設として必要な医療機器の備品購入費
負担割合　　：国1/3、都2/3",5,民間団体,"82,604 ",保健医療局医療政策部救急災害医療課,03-5320-4427,
2026,14,保健医療局,05,保健、医療,休日・全夜間診療事業参画医療機関施設整備費等補助（小児）,休日・全夜間診療事業参画医療機関施設整備費等補助（小児）,"補助金の目的：休日・全夜間における入院治療等を必要とする小児の重症救急患者の医療の確保
補助対象者　：休日・全夜間診療事業参画医療機関（小児）
補助対象経費：休日・全夜間診療事業参画医療機関として必要な施設整備費（各部門の新築、増改築に要する工事費用）及び設備整備費（医療機器の備品購入費）
負担割合　　：国1/3、都2/3",5,民間団体,"20,108 ",保健医療局医療政策部救急災害医療課,03-5320-4449,
2026,14,保健医療局,05,保健、医療,休日夜間急患センター施設整備等補助,東京都休日夜間急患センター施設整備費等補助金,"補助金の目的：地域住民の休日若しくは夜間における診療体制の確保
補助対象者　：区市町村及び地方自治法に定める区市町村の組合等
補助対象経費：施設の新築等に係る工事費、医療機器等購入費
負担割合　　：国1/3、都1/3、区・市町村1/3",1,区市町村,"2,000 ",保健医療局医療政策部救急災害医療課,03-5320-4427,
2026,14,保健医療局,05,保健、医療,救命救急センター運営費補助,東京都救命救急センター施設整備等補助金（運営費）,"補助金の目的：重篤・重症救急患者の医療の確保
補助対象者　：救命救急センターを設置する医療機関
補助対象経費：救命救急センターの運営に必要な経費
負担割合　　：国1/3、都1/3、事業者1/3",5,民間団体,"1,154,596 ",保健医療局医療政策部救急災害医療課,03-5320-4427,
2026,14,保健医療局,05,保健、医療,救命救急センター運営費補助,東京都救命救急センター施設整備等補助金（ドクターカー）,"補助金の目的：重篤・重症救急患者の医療の確保
補助対象者　：救命救急センターを設置する医療機関
補助対象経費：救命救急センターの運営に必要な経費
負担割合　 ：国1/2、都1/4、事業者1/4",5,民間団体,"16,384 ",保健医療局医療政策部救急災害医療課,03-5320-4427,
2026,14,保健医療局,05,保健、医療,救命救急センター施設整備費等補助,東京都救命救急センター施設整備等補助金（施設整備・設備整備）,"補助金の目的：重篤・重症救急患者の医療の確保
補助対象者　：救命救急センターを設置する医療機関
補助対象経費：救命救急センターとして必要な施設の新築等に係る工事費、医療機器等購入費
負担割合　　：国1/3、都1/3、事業者1/3",5,民間団体,"417,745 ",保健医療局医療政策部救急災害医療課,03-5320-4427,
2026,14,保健医療局,05,保健、医療,小児集中治療室施設整備費補助事業,小児集中治療施設施設整備費等補助金,"補助金の目的：小児重症患者の適切な医療の確保
補助対象者　：小児集中治療室を整備する医療機関（小児集中治療室病床6床以上）
補助対象経費：小児集中治療室として必要な施設の施設整備費（新築、増改築等の工事費用）及び設備整備費（医療機器等の備品購入費）
負担割合　　：国1/3、都1/3、事業者1/3",5,民間団体,"21,064 ",保健医療局医療政策部救急災害医療課,03-5320-4449,
2026,14,保健医療局,05,保健、医療,区市町村在宅療養推進事業,区市町村在宅療養推進事業費補助金,"補助金の目的：地域における在宅療養体制の構築
補助対象者　：区市町村
補助対象経費：報酬、共済費、賃金、報償費、旅費、需用費、役務費、委託料、使用料及賃借料、負担金補助及び交付金、扶助費、備品購入費、工事請負費
負担割合　　：国2/3、都1/3",1,区市町村,"557,263 ",保健医療局医療政策部医療政策課,03-5320-4446,
2026,14,保健医療局,05,保健、医療,災害拠点病院事業,東京都災害拠点病院応急用資器材整備事業に関する補助金,"補助金の目的：災害時における重症者の医療確保及び医療救護の体系的な整備
補助対象者　：東京都災害拠点病院
補助対象経費：災害拠点病院の整備に要する経費
負担割合　　：都10/10",5,民間団体,"116,497 ",保健医療局医療政策部救急災害医療課,03-5320-4445,
2026,14,保健医療局,05,保健、医療,災害拠点病院事業,災害拠点病院移行支援事業補助金,"補助金の目的：災害発生時に重症患者を確実に受け入れるため、令和４年５月に公表した新たな被害想定等に基づき、災害拠点病院の整備を促進
補助対象者　：東京都災害拠点連携病院
補助対象経費：災害業務を主として担う人員確保に要する経費
負担割合　　：都1/2、事業者1/2",5,民間団体,"8,400 ",保健医療局医療政策部救急災害医療課,03-5320-4445,
2026,14,保健医療局,05,保健、医療,災害拠点病院施設整備費補助,ＮＢＣ災害・テロ対策設備整備費補助事業（区市町村）,"補助金の目的：ＮＢＣ(核・生物剤・化学剤)災害及びテロの発生時において、医療機関による円滑な医療活動が実施できるための災害・救急医療提供体制の整備
補助対象者　：東京都災害拠点病院の開設者。ただし、国及び東京都を除く。
補助対象経費：ＮＢＣ災害の被害者の診断等に必要な医療機器等の整備に要する経費
負担割合　　：国1/2、都1/2",1,区市町村,"64,637 ",保健医療局医療政策部救急災害医療課,03-5320-4445,https://www.hokeniryo.metro.tokyo.lg.jp/iryo/kyuukyuu/saigai/kyotenbyouinlist.html
2026,14,保健医療局,05,保健、医療,災害拠点病院施設整備費補助,東京都災害拠点病院等施設整備費補助金,"補助金の目的：災害時における医療施設の機能の低下を防ぎ、重症者の適切な医療の確保
補助対象者　：①東京都災害拠点病院の開設者、②救命救急センター及び周産期母子医療センターの開設（ただし、地方公共団体及び地方独立行政法人を除く。）
補助対象経費：施設整備に要する経費
負担割合　　：国1/3、都1/3、事業者1/3",5,民間団体,"134,608 ",保健医療局医療政策部救急災害医療課,03-5320-4445,https://www.hokeniryo.metro.tokyo.lg.jp/iryo/kyuukyuu/saigai/kyotenbyouinlist.html
2026,14,保健医療局,05,保健、医療,災害拠点病院施設整備費補助,ＮＢＣ災害・テロ対策設備整備費補助事業（民間団体）,"補助金の目的：ＮＢＣ(核・生物剤・化学剤)災害及びテロの発生時において、医療機関による円滑な医療活動が実施できるための災害・救急医療提供体制の整備
補助対象者　：東京都災害拠点病院の開設者。ただし、国及び東京都を除く。
補助対象経費：ＮＢＣ災害の被害者の診断等に必要な医療機器等の整備に要する経費
負担割合　　：国1/2、都1/2",5,民間団体,"661,851 ",保健医療局医療政策部救急災害医療課,03-5320-4445,https://www.hokeniryo.metro.tokyo.lg.jp/iryo/kyuukyuu/saigai/kyotenbyouinlist.html
2026,14,保健医療局,05,保健、医療,災害拠点病院等事業継続計画（BCP）策定等支援事業,東京都災害拠点病院等事業継続計画（ＢＣＰ）策定等支援補助金,"補助金の目的：災害時における病院機能の維持のための体制整備を支援
補助対象者　：東京都災害拠点病院、東京都災害拠点連携病院、東京都災害医療支援病院
補助対象経費：事業継続計画の改定等に要する経費
負担割合　　：　（災害拠点病院）都1/2、事業者1/2　（災害拠点連携病院、災害医療支援病院）都10/10",5,民間団体,"38,500 ",保健医療局医療政策部救急災害医療課,03-5320-4445,
2026,14,保健医療局,05,保健、医療,災害拠点連携病院事業,東京都災 害拠点連携病院ライフライン確保用資器材等の 整備事業に関する補助金,"補助金の目的：災害時における医療提供体制の強化
補助対象者　：東京都災害拠点連携病院
補助対象経費：ライフライン確保用資器材等の購入に要する経費
負担割合　　：都10/10",5,民間団体,"9,713 ",保健医療局医療政策部救急災害医療課,03-5320-4445,
2026,14,保健医療局,05,保健、医療,災害時訓練,東京都災害拠点病院防災訓練等参加支援事業に関する補助金,"補助金の目的：国又は国と地方公共団体との合同で実施される防災訓練等への災害派遣医療チームの参加の促進
補助対象者　：訓練等の参加に当たり、東京都から協力依頼を受けた東京都災害拠点病院の開設者。ただし、国及び東京都を除く。
補助対象経費：防災訓練等に参加するために必要な経費
負担割合　　：国10/10",5,民間団体,"12,856 ",保健医療局医療政策部救急災害医療課,03-5320-4445,
2026,14,保健医療局,05,保健、医療,在宅移行支援病床運営事業,東京都在宅移行支援病床運営事業補助金,"補助金の目的：NICUの満床の解消及び在宅療養等への円滑な移行。
補助対象者　：市町村、地方独立行政法人、公的団体及び都知事が認めるもの
補助対象経費：在宅移行支援病床運営事業に必要な経費
負担割合　　：国1/2、事業者1/2",5,民間団体,"200,271 ",保健医療局医療政策部救急災害医療課,03-5320-4547,
2026,14,保健医療局,05,保健、医療,在宅移行支援病床整備費補助,東京都在宅移行支援病床整備費補助金,"補助金の目的：新生児集中治療管理室等の満床の解消及び在宅療養等への円滑な移行の促進
補助対象者　：公的団体及び知事が認めるものとする。ただし、東京都、地方独立行政法人、区市町村及びその一部事務組合は除く。
補助対象経費：新築、増改築及び改修に要する工事費又は工事請負費や医療機器等の備品購入費
負担割合　　：国1/2、事業者1/2",5,民間団体,"4,849 ",保健医療局医療政策部救急災害医療課,03-5320-4379,
2026,14,保健医療局,05,保健、医療,在宅歯科診療設備整備事業,東京都在宅歯科診療設備整備費補助金,"補助金の目的：在宅歯科医療機器等における設備の整備
補助対象者　： 東京都在宅歯科医療設備整備費補助金交付要綱「別表」で定める研修を受講した歯科医師が常に勤務している診療所の開設者
補助対象経費：在宅歯科医療に必要な医療機器等の備品購入費
負担割合　　：国4/9、都 2/9、事業者1/3",5,民間団体,"72,760 ",保健医療局医療政策部医療政策課,03-5320-4433,https://www.hokeniryo.metro.tokyo.lg.jp/iryo/jigyo/h_gaiyou/zaitakusikairyousetubiseibi.html
2026,14,保健医療局,05,保健、医療,在宅療養児一時受入支援事業,東京都在宅療養児一時受入支援事業補助金,"補助金の目的：在宅等に移行したNICU等長期入院児等の定期的医学管理及びその保護者の労力の一時支援
補助対象者　：実施主体は市町村、地方独立行政法人、公的団体及び都知事が認めるもの
補助対象経費：病床確保経費・看護師等確保経費
負担割合　　：国1/3、事業者2/3",5,民間団体,"44,018 ",保健医療局医療政策部救急災害医療課,03-5320-4547,
2026,14,保健医療局,05,保健、医療,産科医育成支援事業,東京都産科医等育成・確保支援事業補助金（医療機関）,"補助金の目的：将来の産科医療を担う医師の育成
補助対象者　：医療機関
補助対象経費：臨床研修修了後、指導医の下、研修カリキュラムに基づき産科・産婦人科の研修を受けている者に対して、処遇改善を目的として支給される手当(研修医手当等）
負担割合　　：国4/9、都2/9、事業者1/3（国立大学法人・独立行政法人・都立は国2/9、都1/9、事業者2/3）",5,民間団体,"23,005 ",保健医療局医療政策部救急災害医療課,03-5320-4379,https://www.hokeniryo.metro.tokyo.lg.jp/iryo/kyuukyuu/syusankiiryo/sankaikakuho
2026,14,保健医療局,05,保健、医療,産科医等確保支援事業,東京都産科医等育成・確保支援事業補助金（分娩施設）,"補助金の目的：将来の産科医療を担う医師の育成
補助対象者　：分娩施設
補助対象経費：分娩を取り扱う産科・産婦人科医及び助産師に対して、処遇改善を目的として分娩取扱件数に応じて支給される手当（分娩手当等）
負担割合　　：国4/9、都2/9、事業者1/3（国立大学法人・独立行政法人・都立は国2/9、都1/9、事業者2/3）",5,民間団体,"96,357 ",保健医療局医療政策部救急災害医療課,03-5320-4379,https://www.hokeniryo.metro.tokyo.lg.jp/iryo/kyuukyuu/syusankiiryo/sankaikakuho
2026,14,保健医療局,05,保健、医療,歯科保健意識の向上,歯科保健普及啓発事業費補助金,"補助金の目的：かかりつけ歯科医機能に関する都民等の理解に基づく、歯科医療連携の効果的な展開と一層の都民の歯の健康づくりの推進
補助対象者　：公益社団法人東京都歯科医師会
補助対象経費：かかりつけ歯科医機能の普及のために要する経費（歯科医師会員対象の研修会、都民対象の講演会等普及啓発事業、広報資料等の作成、必要な調査の実施）
負担割合　　：都10/10",5,民間団体,"4,125 ",保健医療局医療政策部医療政策課,03-5320-4433,
2026,14,保健医療局,05,保健、医療,歯周疾患改善指導事業,健康増進法等による健康増進事業に係る都補助金,"補助金の目的：歯周疾患予防対策の推進
補助対象者　：区市町村
補助対象経費：区市町村が行う歯周疾患検診に要する経費の一部補助
負担割合　　：国1/3、都1/3、区市町村1/3",1,区市町村,"174,326 ",保健医療局医療政策部医療政策課,03-5320-4433,
2026,14,保健医療局,05,保健、医療,市町村公立病院運営事業補助金,市町村公立病院運営事業補助金,"補助金の目的：自治体病院等の経営健全化
補助対象者　：自治体病院等
補助対象経費：運営事業費、救命救急センター運営事業費、特殊診療部門運営事業費
負担割合　　：都10/10",1,区市町村,"3,872,624 ",保健医療局医療政策部医療政策課,03-5320-4417,
2026,14,保健医療局,05,保健、医療,市町村公立病院整備事業費償還補助金,市町村公立病院整備事業費償還補助金,"補助金の目的：市町村等が設置管理する病院の整備事業費の起債償還に対する助成
補助対象者　：市町村等
補助対象経費：施設整備事業費及び設備整備事業費
負担割合　　：都1/4～1/2、市町村1/2～3/4",1,区市町村,"893,274 ",保健医療局医療政策部医療政策課,03-5320-4417,
2026,14,保健医療局,05,保健、医療,周産期医療システムの整備,東京都周産期母子医療センター運営費等補助金（総合周産期母子医療センター）,"補助金の目的：周産期母子医療センターにおける24時間体制でハイリスク患者を受け入れる機能の確保
補助対象者　：総合周産期母子医療センターの開設者（都立を除く）
補助対象経費：病床に係る運営費等
負担割合　　：国1/3、都1/3、事業者1/3
※国立大学法人・独立行政法人が開設者の医療機関は国庫分のみ",5,民間団体,"965,709 ",保健医療局医療政策部救急災害医療課,03-5320-4378,
2026,14,保健医療局,05,保健、医療,周産期医療システムの整備,東京都周産期母子医療センター運営費等補助金（地域周産期母子医療センター）（区市町村）,"補助金の目的：周産期母子医療センターにおける24時間体制でハイリスク患者を受け入れる機能の確保
補助対象者　：地域周産期母子医療センターの開設者（都立を除く）
補助対象経費：病床に係る運営費等
負担割合　　：（自治体立）国1/3、都1/6、区・市町村1/2　（民間事業者）国1/3、都1/6、事業者1/2
※国立大学法人・独立行政法人が開設者の医療機関は国庫分のみ",1,区市町村,"43,633 ",保健医療局医療政策部救急災害医療課,03-5320-4378,
2026,14,保健医療局,05,保健、医療,周産期医療システムの整備,東京都周産期母子医療センター運営費等補助金（地域周産期母子医療センター）（民間団体）,"補助金の目的：周産期母子医療センターにおける24時間体制でハイリスク患者を受け入れる機能の確保
補助対象者　：地域周産期母子医療センターの開設者（都立を除く）
補助対象経費：病床に係る運営費等
負担割合　　：（自治体立）国1/3、都1/6、区・市町村1/2　（民間事業者）国1/3、都1/6、事業者1/2
※国立大学法人・独立行政法人が開設者の医療機関は国庫分のみ",5,民間団体,"554,597 ",保健医療局医療政策部救急災害医療課,03-5320-4378,
2026,14,保健医療局,05,保健、医療,周産期医療システムの整備,東京都周産期母子医療センター運営費等補助金（都単独事業分）（区市町村）,"補助金の目的：周産期母子医療センターにおける24時間体制でハイリスク患者を受け入れる機能の確保
補助対象者　：総合・地域周産期母子医療センターの開設者（都立、独立行政法人及び国立大学法人を除く）
補助対象経費：搬送調整・搬送受入業務支援に係る経費、ＮＩＣＵ入院児支援コーディネーター配置に係る経費、理学療法士配置に係る経費
負担割合　　：都10/10または1/2",1,区市町村,"13,372 ",保健医療局医療政策部救急災害医療課,03-5320-4378,
2026,14,保健医療局,05,保健、医療,周産期医療システムの整備,東京都周産期母子医療センター運営費等補助金（都単独事業分）（民間団体）,"補助金の目的：周産期母子医療センターにおける24時間体制でハイリスク患者を受け入れる機能の確保
補助対象者　：総合・地域周産期母子医療センターの開設者（都立、独立行政法人及び国立大学法人を除く）
補助対象経費：搬送調整・搬送受入業務支援に係る経費、ＮＩＣＵ入院児支援コーディネーター配置に係る経費、理学療法士配置に係る経費
負担割合　　：都10/10または1/2",5,民間団体,"199,150 ",保健医療局医療政策部救急災害医療課,03-5320-4378,
2026,14,保健医療局,05,保健、医療,周産期医療システムの整備,東京都周産期連携病院NICU運営費補助金,"補助金の目的：周産期連携病院における新生児搬送受入機能を強化し、もって高度な新生児医療等の確保など、体系的な周産期医療体制の整備
補助対象者　： 周産期連携病院。ただし、 東京都 、独立行政法人及び国立大学法人を除く。
補助対象経費：NICU の運営 に必要な経費
負担割合　　：都1/2、事業者1/2",5,民間団体,"22,158 ",保健医療局医療政策部救急災害医療課,03-5320-4379,
2026,14,保健医療局,05,保健、医療,周産期医療施設等整備補助,東京都周産期母子医療センター施設整備費等補助金（民間団体）,"補助金の目的：地域において出産前後の母体・胎児から新生児に至る一貫した高度専門医療を提供する母子医療体制の充実
補助対象者　：都立を除く周産期母子医療センターの開設者
補助対象経費：新築、増改築、改修に要する工事費又は工事請負費、医療機器等の購入費
負担割合　　：（国庫補助分）国1/3、都１/3、事業者1/3　（都単独事業・自治体立）都1/2、区市町村1/2　（都単独事業・民間事業者）都1/2、事業者1/2
※国立大学法人・独立行政法人が開設者の医療機関は周産期研修用物品の購入費のみ対象",5,民間団体,"401,426 ",保健医療局医療政策部救急災害医療課,03-5320-4379,
2026,14,保健医療局,05,保健、医療,周産期医療施設等整備補助,東京都周産期母子医療センター施設整備費等補助金（区市町村）,"補助金の目的：地域において出産前後の母体・胎児から新生児に至る一貫した高度専門医療を提供する母子医療体制の充実
補助対象者　：都立を除く周産期母子医療センターの開設者
補助対象経費：新築、増改築、改修に要する工事費又は工事請負費、医療機器等の購入費
負担割合　　：（都単独事業のみ対象）都1/2、区市町村1/2　",1,区市町村,"18,170 ",保健医療局医療政策部救急災害医療課,03-5320-4379,
2026,14,保健医療局,05,保健、医療,周産期連携病院等施設設備整備費補助,休日・全夜間診療事業参画医療機関施設整備費等補助金（周産期連携病院）（区市町村）,"補助金の目的：ミドルリスク分娩に対応する周産期医療体制の整備
補助対象者　：周産期連携病院（二次医療機関）事業の対象となる医療機関
補助対象経費：新築、増改築、改修に要する工事費又は工事請負費、医療機器等の購入費
負担割合　　：（自治体立）都1/2、区市町村1/2　（民間事業者）都1/2、事業者1/2",1,区市町村,"15,191 ",保健医療局医療政策部救急災害医療課,03-5320-4379,
2026,14,保健医療局,05,保健、医療,周産期連携病院等施設設備整備費補助,休日・全夜間診療事業参画医療機関施設整備費等補助金（周産期連携病院）（民間団体）,"補助金の目的：ミドルリスク分娩に対応する周産期医療体制の整備
補助対象者　：周産期連携病院（二次医療機関）事業の対象となる医療機関
補助対象経費：新築、増改築、改修に要する工事費又は工事請負費、医療機器等の購入費
負担割合　　：（自治体立）都1/2、区市町村1/2　（民間事業者）都1/2、事業者1/2",5,民間団体,"49,562 ",保健医療局医療政策部救急災害医療課,03-5320-4379,
2026,14,保健医療局,05,保健、医療,小児救命救急センター運営費補助,東京都小児救命救急センター運営費補助金,"補助金の目的：小児三次救急医療体制の充実
補助対象者　：小児救命救急センターを設置する医療機関
補助対象経費：小児救命救急センターの運営に必要な経費
負担割合　　：国1/3、事業者2/3",5,民間団体,"81,983 ",保健医療局医療政策部救急災害医療課,03-5320-4449,
2026,14,保健医療局,05,保健、医療,小児集中治療室医療従事者研修事業,小児集中治療室医療従事者研修事業費補助金,"補助金の目的：小児の救命救急、集中治療体制の確保
補助対象者　：小児救命救急センターとして都知事の指定を受けた医療機関
補助対象経費：給与費・需用費・賃金等
負担割合　　：国1/3、都１/6、事業者1/2",5,民間団体,"12,612 ",保健医療局医療政策部救急災害医療課,03-5320-4449,
2026,14,保健医療局,05,保健、医療,小児初期救急医療施設等整備費事業,小児初期救急施設整備費等補助,"補助金の目的：地域における平日夜間の小児初期救急医療体制の確保をはかるため
補助対象者　：平日夜間診療事業を実施する区市町村等
補助対象経費：平日夜間診療事業を実施している固定施設の施設整備費（新築・改築等の工事費）及び設備整備費（医療機器等の備品費）
負担割合　　：都1/2、区市町村1/2",1,区市町村,"4,320 ",保健医療局医療政策部救急災害医療課,03-5320-4449,
2026,14,保健医療局,05,保健、医療,新人看護職員研修体制整備事業,東京都新人看護職員研修事業費補助金（民間団体）,"補助金の目的：看護の質の向上及び早期離職防止
補助対象者　：新人看護職員を採用する都内の病院等
補助対象経費：新人看護職員研修の実施に必要な経費
負担割合　　：（自治体立）国1/3、都1/6、区市町村1/2　（民間事業者）国1/3、都1/6、事業者1/2",5,民間団体,"110,815 ",保健医療局医療政策部医療人材課,03-5320-4447,https://www.hokeniryo.metro.tokyo.lg.jp/iryo/jigyo/hojo/shinjinkango.html
2026,14,保健医療局,05,保健、医療,新人看護職員研修体制整備事業（自治体立）,東京都新人看護職員研修事業費補助金（区市町村）,"補助金の目的：看護の質の向上及び早期離職防止
補助対象者　：新人看護職員を採用する都内の病院等
補助対象経費：新人看護職員研修の実施に必要な経費
負担割合　　：（自治体立）国1/3、都1/6、区市町村1/2　（民間事業者）国1/3、都1/6、事業者1/2",1,区市町村,"4,536 ",保健医療局医療政策部医療人材課,03-5320-4447,https://www.hokeniryo.metro.tokyo.lg.jp/iryo/jigyo/hojo/shinjinkango.html
2026,14,保健医療局,05,保健、医療,心身障害児（者）施設歯科診療事業運営費補助,心身障害児（者）施設歯科診療事業運営費補助金,"補助金の目的：心身障害児施設の利用者並びに地域の心身障害児（者）の歯科診療体制の確保
補助対象者　：心身障害児施設
補助対象経費：心身障害児施設運営費
負担割合　　：都1/2、事業者1/2",5,民間団体,"10,562 ",保健医療局医療政策部医療政策課,03-5320-4433,
2026,14,保健医療局,05,保健、医療,新生児医療担当医育成支援事業,東京都新生児医療担当医育成・確保支援事業補助金,"補助金の目的：将来の新生児医療を担う医師の育成
補助対象者　：要件をすべて満たす医療機関
補助対象経費：処遇改善を目的として支給される手当(研修医手当等）、NICUに入院する新生児に応じて支給される手当（新生児担当医手当等）
負担割合　　：国4/9、都2/9、事業者1/3（国立大学法人・独立行政法人・都立は国2/9、都1/9、事業者2/3）",5,民間団体,"30,987 ",保健医療局医療政策部救急災害医療課,03-5320-4379,
2026,14,保健医療局,05,保健、医療,台東区立病院整備事業費償還補助,台東区立病院整備事業費償還補助金,"補助金の目的：区市町村等が設置管理する病院の整備事業費の起債償還に対する助成
補助対象者　：区市町村等
補助対象経費：施設整備事業費及び設備整備事業費
負担割合　　：都10/10",1,区市町村,"37,398 ",保健医療局医療政策部医療政策課,03-5320-4417,
2026,14,保健医療局,05,保健、医療,地域医療構想推進事業,東京都地域医療構想推進事業（開設準備経費支援）補助金、東京都地域医療構想推進事業（開設後人件費支援）補助金,"補助金の目的：地域医療医療構想に基づく病棟又は病室の整備
補助対象者　：都内の病院及び診療所の開設者
補助対象経費：人件費、職員募集に係る経費、普及啓発費
負担割合　　：国1/2、都1/4、事業者1/4",5,民間団体,"73,074 ",保健医療局医療政策部医療政策課,03-5320-4417,https://www.hokeniryo.metro.tokyo.lg.jp/iryo/jigyo/h_gaiyou
2026,14,保健医療局,05,保健、医療,地域医療構想推進事業(施設設備整備),東京都地域医療構想推進事業（施設設備整備）費補助金、東京都地域医療構想推進事業（中小病院支援）費補助金,"補助金の目的：地域医療医療構想に基づく病棟又は病室の整備
補助対象者　：都内の病院及び診療所の開設者
補助対象経費：工事請負費及び備品購入費
負担割合　　：国1/2、都1/4、事業者1/4",5,民間団体,"1,429,373 ",保健医療局医療政策部医療政策課,03-5320-4417,https://www.hokeniryo.metro.tokyo.lg.jp/iryo/jigyo/h_gaiyou
2026,14,保健医療局,05,保健、医療,地域がん診療病院事業,地域がん診療病院機能強化事業補助金,"補助金の目的：質の高いがん医療の提供体制の確立
補助対象者　：都内の地域がん診療病院の開設者
補助対象経費：がん医療従事者研修事業、がん相談支援事業、普及啓発・情報提供事業、在宅緩和ケア地域連携事業に要する経費
負担割合　　：国1/2、都1/2",5,民間団体,"7,931 ",保健医療局医療政策部医療政策課,03-5320-4389,
2026,14,保健医療局,05,保健、医療,地球温暖化対策施設整備費補助,東京都地球温暖化対策施設整備費補助金,"補助金の目的：病院等における地球温暖化対策の推進
補助対象者　：都内病院及び診療所の開設者
補助対象経費：地球温暖化対策に資する病院等の整備に必要な工事費又は工事請負費
負担割合　　：国1/3、都1/3、事業者1/3",5,民間団体,"88,719 ",保健医療局医療政策部医療政策課,03-5320-4417,https://www.hokeniryo.metro.tokyo.lg.jp/iryo/jigyo/h_gaiyou/chikyuondanka.html
2026,14,保健医療局,05,保健、医療,東京DMAT（災害医療派遣チーム）,東京ＤＭＡＴにおける現場携行用資器材整備事業に関する補助金,"補助金の目的：東京ＤＭＡＴ活動 における傷病者への医療提供体制の確保及び、医療救護の体系的な整備
補助対象者　：東京ＤＭＡＴ指定病院の開設者（初度整備については、東京ＤＭＡＴ運営協議会の了承を得て指定予定となっている病院の開設者を含むものとする。）
補助対象経費：現場携行用資器材の初度整備及び耐用年数経過等による更新に要する経費
負担割合　　：都10/10",5,民間団体,"48,488 ",保健医療局医療政策部救急災害医療課,03-5320-4445,
2026,14,保健医療局,05,保健、医療,東京DMAT（災害医療派遣チーム）,東京ＤＭＡＴにおけるＮＢＣ災害対処用資器材整備事業に関する補助金,"補助金の目的：ＮＢＣ災害発生時における傷病者への医療の確保及び、医療救護の体系的な整備
補助対象者　：東京ＤＭＡＴ特殊災害チームを有する病院の開設者。ただし、東京都は除く。
補助対象経費：医療活動用診療材料及び医薬品の整備及び更新に係る経費
負担割合　　：都10/10",5,民間団体,280 ,保健医療局医療政策部救急災害医療課,03-5320-4445,
2026,14,保健医療局,05,保健、医療,東京都がん診療連携拠点病院事業,東京都がん診療連携拠点病院 （都指定） 機能強化事業補助金,"補助金の目的：都民に安心かつ適切ながん医療が提供される体制の確保
補助対象者　：東京都がん診療連携拠点病院の開設者（独立行政法人病院及び国立病院の開設者を除く）。
補助対象経費：がん医療従事者研修事業、がん相談支援事業、普及啓発・情報提供事業、がん診療連携拠点病院との連携等に要する経費
負担割合　　：都10/10",5,民間団体,"91,828 ",保健医療局医療政策部医療政策課,03-5320-4389,
2026,14,保健医療局,05,保健、医療,東京都救急搬送患者受入体制強化事業,救急搬送患者受入体制強化事業補助金,"補助金の目的：救急搬送患者の受入体制の強化
補助対象者　：東京都指定二次救急医療機関（国公立医療機関を除く）
補助対象経費：救急外来において、医師や看護師の支援業務を行う救急救命士の配置に必要な人件費
負担割合　　：国1/3、都1/6、事業者1/2　又は　国1/2、都1/4、事業者1/4",5,民間団体,"394,740 ",保健医療局医療政策部救急災害医療課,03-5320-4427,
2026,14,保健医療局,05,保健、医療,東京都災害拠点強靭化緊急促進事業,東京都災害拠点病院災害時拠点強靭化緊急促進事業,"補助金の目的：東京都災害拠点病院の機能の拡充
補助対象者　：東京都災害拠点病院の開設者（ただし、国及び東京都を除く。）
補助対象経費：受入スペースの整備、備蓄倉庫の整備、受入関連設備の整備に要する経費
負担割合　　：国2/3、都1/3",5,民間団体,"110,611 ",保健医療局医療政策部救急災害医療課,03-5320-4445,https://www.hokeniryo.metro.tokyo.lg.jp/iryo/kyuukyuu/saigai/kyotenbyouinlist.html
2026,14,保健医療局,05,保健、医療,東京都専門医認定支援事業,東京都専門医認定支援事業補助金,"補助金の目的：専門医の質の一層の向上及び医療提供体制の改善
補助対象者　：都内の病院又は診療所
補助対象経費：専門研修プログラムの策定に必要な経費、指導医の派遣及び出張指導に必要な経費及びへき地・離島における総合診療研修に必要な経費
負担割合　　：国1/2、事業者1/2",5,民間団体,"10,993 ",保健医療局医療政策部医療人材課,03-5320-4552,https://www.hokeniryo.metro.tokyo.lg.jp/iryo/sonota/jinzai-senmoni_hojo.html
2026,14,保健医療局,05,保健、医療,東京都地域医療支援ドクター,市町村公立病院等医師派遣事業補助金（東京都地域医療支援ドクター事業）,"補助金の目的：医師の確保が困難な地域や診療科の医師の確保
補助対象者　：公立医療機関を設置する市町村及び市町村の組合
補助対象経費：東京都地域医療支援ドクター事業及び東京都へき地勤務医師等確保事業に基づき派遣される医師に対して、医師業務に従事した日数に応じて支給する医師派遣手当。
負担割合　　：国2/3、都1/3",1,区市町村,"9,660 ",保健医療局医療政策部医療人材課,03-5320-4552,
2026,14,保健医療局,05,保健、医療,東京都地域医療連携システムデジタル環境整備推進事業,東京都地域医療連携システムデジタル環境整備推進事業（デジタル技術活用医療情報共有ツール整備推進事業）補助金,"補助金の目的：急性期循環器病患者の転院搬送の円滑化
補助対象者　：脳卒中急性期医療機関・ＣＣＵネットワーク参画医療機関
補助対象経費：ツール導入初期費用の一部
負担割合　　：国1/3、都1/6、事業者1/2",5,民間団体,"31,584 ",保健医療局医療政策部救急災害医療課,03-5320-4427,
2026,14,保健医療局,05,保健、医療,東京都地域医療連携システムデジタル環境整備推進事業,東京都地域医療連携システムデジタル環境整備推進事業補助金,"補助金の目的：東京都全域においてデジタル技術を活用したネットワークを構築し、診療情報の共有等の推進
補助対象者　：病院若しくは診療所 
補助対象経費：地域医療連携での情報共有に必要なサーバーシステムを導入、更新するために必要な経費等
負担割合　　：国1/3、都1/6、事業者1/2　又は　国1/2、都1/4、事業者1/4",5,民間団体,"120,000 ",保健医療局医療政策部医療政策課,03-5320-4448,https://www.hokeniryo.metro.tokyo.lg.jp/iryo/jigyo/ict.html
2026,14,保健医療局,05,保健、医療,アスベスト対策整備事業費補助,東京都医療施設等アスベスト（石綿）除去等整備費補助金（アスベスト除去等整備事業）,"補助金の目的：アスベスト（石綿）等除去における整備の推進
補助対象者　：都内病院の開設者
補助対象経費： アスベスト等の除去等に要する工事費又は工事請負費
負担割合　　：国1/3、都1/3、事業者1/3",5,民間団体,"2,256 ",保健医療局医療政策部医療政策課,03-5320-4417,https://www.hokeniryo.metro.tokyo.lg.jp/iryo/jigyo/h_gaiyou/asubesutojokyo.html
2026,14,保健医療局,05,保健、医療,入退院時連携強化事業,入退院時連携支援事業補助金,"補助金の目的：医療機関における入退院支援体制の充実及び、病院と地域の医療・介護関係者との連携支援
補助対象者　：病床の合計数が200床未満の都内病院
補助対象経費：入退院時連携強化研修又は退院支援人材育成研修を修了する（した）、入退院支援を行う看護師又は社会福祉士等の人件費
負担割合　　：国1/3、都1/6、事業者1/2　又は　国1/2、都1/4、事業者1/4",5,民間団体,"112,642 ",保健医療局医療政策部医療政策課,03-5320-4446,https://www.hokeniryo.metro.tokyo.lg.jp/iryo/iryo_hoken/zaitakuryouyou/nyutaiin
2026,14,保健医療局,05,保健、医療,病院勤務者勤務環境改善事業,病院勤務者勤務環境改善事業補助金,"補助金の目的：病院が実施する医師及び看護職員の勤務環境を改善し、都内の医療体制の安定的な確保
補助対象者　：都内の病院、ただし、国、独立行政法人、地方独立行政法人及び都が設置する病院及びその他知事が定める病院を除く。
補助対象経費：人件費、その他必要と認める経費
負担割合　　：国1/3、都1/6、事業者1/2　又は　都1/2、事業者1/2",5,民間団体,"219,387 ",保健医療局医療政策部医療人材課,03-5320-4441,https://www.hokeniryo.metro.tokyo.lg.jp/iryo/sonota/kinmukankyoukaizen/kinmukankyoukaizenji/index.html
2026,14,保健医療局,05,保健、医療,病院勤務者勤務環境改善事業,病院勤務者勤務環境改善事業補助金（施設整備等）,"補助金の目的：病院が実施する医師及び看護職員の勤務環境を改善し、都内の医療体制の安定的な確保
補助対象者　：都内の病院、ただし、国、独立行政法人、地方独立行政法人及び都が設置する病院及びその他知事が定める病院を除く。
補助対象経費：院内助産・助産師外来に必要な施設の整備。休憩室・当直室の新築、増改築又は改修に係る施設の整備
負担割合　　：国4/9、都2/9、事業者1/3　又は　都2/3、事業者1/3",5,民間団体,"9,260 ",保健医療局医療政策部医療人材課,03-5320-4441,https://www.hokeniryo.metro.tokyo.lg.jp/iryo/sonota/kinmukankyoukaizen/kinmukankyoukaizenji/index.html
2026,14,保健医療局,05,保健、医療,へき地医療運営費等補助金,へき地医療運営費等補助金（ヘリコプター等添乗医師等確保事業（災害補償費））,"補助金の目的：へき地医療の確保
補助対象者　：東京都の島しょ地域の町村、西多摩郡檜原村、奥多摩町及び東京都島嶼町村一部事務組合
補助対象経費：ヘリコプター等の航空機及び船舶により、医師、助産師、看護師、准看護師、その他知事が認めた者を添乗させて搬送する事業に要する経費のうち生命保険料
負担割合　　：国1/3、都1/3、区・市町村1/3",1,区市町村,620 ,保健医療局医療政策部救急災害医療課,03-5320-4428,
2026,14,保健医療局,05,保健、医療,へき地医療運営費等補助金,へき地医療運営費等補助金（ヘリコプター等添乗医師等確保事業（医師等添乗経費））,"補助金の目的：へき地医療の確保
補助対象者　：東京都の島しょ地域の町村、西多摩郡檜原村、奥多摩町及び東京都島嶼町村一部事務組合
補助対象経費：ヘリコプター等の航空機及び船舶により、医師、助産師、看護師、准看護師、その他知事が認めた者を添乗させて搬送する事業に要する経費のうち添乗手当
負担割合　　：都1/2、区・市町村1/2",1,区市町村,"3,187 ",保健医療局医療政策部救急災害医療課,03-5320-4428,
2026,14,保健医療局,05,保健、医療,へき地医療運営費等補助金,へき地医療運営費等補助金（へき地専門医療確保事業）,"補助金の目的：へき地医療の確保
補助対象者　：東京都の島しょ地域の町村、西多摩郡檜原村、奥多摩町及び東京都島嶼町村一部事務組合
補助対象経費：へき地医療対策の一つとして、当該町村内では確保することが困難で、当該町村外から専門の医師等を確保し、診療を実施する場合の医師等の確保に要する経費及びオンラインにて遠方の専門医の助言を受けながら、町村の医師が診察を行う遠隔連携診療の実施及び事前調整に必要な経費
負担割合　　：都10/10",1,区市町村,"65,149 ",保健医療局医療政策部救急災害医療課,03-5320-4428,
2026,14,保健医療局,05,保健、医療,へき地医療運営費等補助金,へき地医療運営費等補助金（へき地診療所勤務医師等の給与等に対する補助事業）,"補助金の目的：へき地の医療を確保する。
補助対象者　：東京都の島しょ地域の町村、西多摩郡檜原村、奥多摩町及び東京都島嶼町村一部事務組合
補助対象経費：町村が運営する診療所に係る医師及び歯科医師の雇用（診療業務を委託する場合にあっては、医師及び歯科医師が行う役務の提供に限る。）に要する経費
負担割合　　：都10/10",1,区市町村,"202,556 ",保健医療局医療政策部救急災害医療課,03-5320-4428,
2026,14,保健医療局,05,保健、医療,へき地医療運営費等補助金,へき地医療運営費等補助金（小笠原村診療所運営事業）,"補助金の目的：島民の医療の確保とその質的向上
補助対象者　：東京都の島しょ地域の町村、西多摩郡檜原村、奥多摩町及び東京都島嶼町村一部事務組合
補助対象経費：小笠原村診療所（父島及び母島）の管理運営及び備品整備に要する経費
負担割合　　：都10/10",1,区市町村,"16,126 ",保健医療局医療政策部救急災害医療課,03-5320-4428,
2026,14,保健医療局,05,保健、医療,へき地医療運営費等補助金,へき地医療運営費等補助金（医療用画像電送システム運営事業）,"補助金の目的：島しょ地域の医療水準の向上・充実
補助対象者　：東京都の島しょ地域の町村、西多摩郡檜原村、奥多摩町及び東京都島嶼町村一部事務組合
補助対象経費：島しょ地域の町村が運営する診療所及び病院が行う医療用画像電送システムの運営に要する経費
負担割合　　：都3/4、区・市町村1/4",1,区市町村,"18,464 ",保健医療局医療政策部救急災害医療課,03-5320-4428,
2026,14,保健医療局,05,保健、医療,へき地医療運営費等補助金,へき地医療運営費等補助金（人工透析医療運営事業）,"補助金の目的：島しょ地域での透析医療体制の整備
補助対象者　：東京都の島しょ地域の町村、西多摩郡檜原村、奥多摩町及び東京都島嶼町村一部事務組合
補助対象経費：島しょ地域の町村が運営する診療所及び病院が行う人工透析医療の運営に要する経費
負担割合　　：都1/2、区・市町村1/2",1,区市町村,"4,200 ",保健医療局医療政策部救急災害医療課,03-5320-4428,
2026,14,保健医療局,05,保健、医療,へき地医療運営費等補助金,へき地医療運営費等補助金（へき地患者輸送車運行事業）,"補助金の目的：へき地における住民の医療の確保
補助対象者　：東京都の島しょ地域の町村、西多摩郡檜原村、奥多摩町及び東京都島嶼町村一部事務組合
補助対象経費：町村が行う患者輸送車の運行に要する経費
負担割合　　：国1/2、都1/4、区・市町村1/4",1,区市町村,573 ,保健医療局医療政策部救急災害医療課,03-5320-4428,
2026,14,保健医療局,05,保健、医療,へき地勤務医師確保事業等,市町村公立病院等医師派遣事業補助金（東京都へき地勤務医師等確保事業）,"補助金の目的：医師の確保が困難な地域や診療科の医師の確保
補助対象者　：公立医療機関を設置する市町村及び市町村の組合
補助対象経費：東京都地域医療支援ドクター事業及び東京都へき地勤務医師等確保事業に基づき派遣される医師に対して、医師業務に従事した日数に応じて支給する医師派遣手当。
負担割合　　：都10/10",1,区市町村,"34,537 ",保健医療局医療政策部救急災害医療課,03-5320-4428,
2026,14,保健医療局,05,保健、医療,へき地産科医療機関運営費補助事業,東京都へき地産科医療機関運営費補助金,"補助金の目的：身近な地域で安心して出産できる環境の整備
補助対象者　：東京都の島しょ地域の町村、西多摩郡檜原村、奥多摩町 のうち、実際に分娩を取り扱う産科医療機関を 有する 町村
補助対象経費：産科医療機関の運営に必要な経費（報酬、給料、職員手当等、法定福利費、報償費（謝金））
負担割合　　：国1/2、都1/2",1,区市町村,"7,094 ",保健医療局医療政策部救急災害医療課,03-5320-4428,
2026,14,保健医療局,05,保健、医療,へき地診療所施設等整備費補助,東京都へき地診療所医療機器整備費補助金,"補助金の目的：へき地における住民福祉の向上
補助対象者　：へき地町村
補助対象経費：へき地診療所として必要な医療機器購入費。ただし、当該補助事業が他の都費補助金の交付の対象となる場合は除く。
負担割合　　：国1/2、都1/4、区・市町村1/4",1,区市町村,"51,490 ",保健医療局医療政策部救急災害医療課,03-5320-4428,
2026,14,保健医療局,05,保健、医療,病床機能再編支援事業,病床機能再編支援事業給付金,"補助金の目的：地域医療構想の実現に向けた取組の推進
補助対象者　：都内の病院又は診療所であって、療養病床又は一般病床を有するもの
補助対象経費：支給要件を満たす医療機関への給付金
負担割合　　：国10/10",5,民間団体,"292,296 ",保健医療局医療政策部医療政策課,03-5320-4417,https://www.hokeniryo.metro.tokyo.lg.jp/iryo/jigyo/h_gaiyou/byoushoukinousaihen.html
2026,14,保健医療局,05,保健、医療,東京都地域医療支援センター事業,東京都認定制度を活用した医師少数区域における勤務の推進事業補助金,"補助金の目的：都内の医師偏在解消
補助対象者　：都内医師少数区域に所在する病院又は診療所
補助対象経費：医師少数区域で必要な医療等を学ぶための研修受講料、図書購入費等
負担割合　　：国1/2、都1/2",5,民間団体,"10,188 ",保健医療局医療政策部医療人材課,03-5320-4552,https://www.hokeniryo.metro.tokyo.lg.jp/iryo/sonota/jinnzai-syousuukuiki_hojyo.html
2026,14,保健医療局,05,保健、医療,地域医療勤務環境改善体制整備事業,地域医療勤務環境改善体制整備事業補助金（地域医療勤務環境改善体制整備事業）,"補助金の目的：チーム医療の推進やデジタル技術の活用等による業務改革の推進
補助対象者　：要件を満たす都内の医療機関
補助対象経費：医療機関が作成した「医師労働時間短縮計画計画」に基づく総合的な取組に要する経費
負担割合　　：国2/3、都1/3",5,民間団体,"2,060,428 ",保健医療局医療政策部医療人材課,03-5320-4441,https://www.hokeniryo.metro.tokyo.lg.jp/iryo/sonota/kinmukankyoukaizen/tiikiiryoukinmukankyoukaizen.html
2026,14,保健医療局,05,保健、医療,遠隔医療補助事業,東京都地域医療充実のための遠隔医療補助事業補助金,"補助金の目的：医療の地域格差を解消し、医療の質及び信頼性の確保
補助対象者　：東京都内に医療機関を開設する者
補助対象経費：遠隔医療の実施に必要なコンピュータ機器・通信機器等（ソフトウェアの導入を含む。）の購入費。ただし、専ら遠隔医療の用に供するものに限る。
負担割合　　：国1/2、事業者1/2",5,民間団体,"14,614 ",保健医療局医療政策部医療政策課,03-5320-4448,https://www.hokeniryo.metro.tokyo.lg.jp/iryo/jigyo/h_gaiyou/enkaku.html
2026,14,保健医療局,05,保健、医療,地域医療勤務環境改善体制施設・設備整備事業,地域医療勤務環境改善体制整備事業補助金（地域医療勤務環境改善体制施設・設備整備事業）,"補助金の目的：チーム医療の推進やデジタル技術の活用等による業務改革の推進
補助対象者　：要件を満たす都内の医療機関
補助対象経費：医療機関が作成した「医師労働時間短縮計画」に基づく総合的な取組に要する経費
負担割合　　：国3/5、都3/10、事業者1/10",5,民間団体,"770,522 ",保健医療局医療政策部医療人材課,03-5320-4441,https://www.hokeniryo.metro.tokyo.lg.jp/iryo/sonota/kinmukankyoukaizen/tiikiiryoukinmukankyoukaizen.html
2026,14,保健医療局,05,保健、医療,へき地医療拠点病院運営事業補助,東京都へき地医療拠点病院運営費補助金,"補助金の目的：へき地住民の医療を安定的に確保
補助対象者　：へき地医療拠点病院
補助対象経費：へき地医療活動経費、研修費、医療費及び情報通信機器等経費
負担割合　　：国1/2、都1/2",5,民間団体,"29,669 ",保健医療局医療政策部救急災害医療課,03-5320-4428,
2026,14,保健医療局,05,保健、医療,へき地医療拠点病院運営事業補助,へき地医療拠点病院運営事業補助（島しょ妊産婦宿泊施設確保）,"補助金の目的：へき地住民の医療を安定的に確保
補助対象者　：へき地医療拠点病院
補助対象経費：島しょ妊産婦宿泊施設確保に要した経費
負担割合　　：都10/10",5,民間団体,"33,215 ",保健医療局医療政策部救急災害医療課,03-5320-4428,
2026,14,保健医療局,05,保健、医療,東京都解剖・死亡時画像診断等に係る施設・設備整備費補助金,東京都解剖・死亡時画像診断等に係る施設・設備整備費補助金,"補助金の目的： 死亡時の病態把握や死因究明体制の推進
補助対象者　：死因究明の中核的な役割を果たしている施設であって、東京都、医療関係団体、大学医学部法医学教室、警察との協力体制が整っている施設
補助対象経費：解剖の実施に必要な施設及び死亡時画像診断の実施に必要な施設の新築、増築、改築に要する工事費又は医療機器購入費
負担割合　　：国1/2、事業者1/2",5,民間団体,"45,440 ",保健医療局医療政策部医療安全課,03-5320-4431,
2026,14,保健医療局,05,保健、医療,助産所設備整備費補助,東京都助産所設備整備費補助金,"補助金の目的：妊婦の多様なニーズに応え、身近な地域で安全・安心に出産できる環境を整備するため、医療機器や情報通信機器等の設備整備を促進
補助対象者　：都内分娩取扱助産所
補助対象経費：分娩取扱助産所として必要な医療機器の購入費、分娩取扱助産所として嘱託医師等への相談等を行うために使用する画像等が共有可能な情報通信機器等の初期経費（パソコン、タブレット（スマートフォンは除く。）、カメラ、マイク、ヘッドセット、ルーター等）
負担割合　　：都3/4、事業者1/4",5,民間団体,"7,280 ",保健医療局医療政策部救急災害医療課,03-5320-4379,
2026,14,保健医療局,05,保健、医療,救急医療体制強化事業,救急医療体制強化事業補助金,"補助金の目的：医療従事者の勤務環境改善に向けた体制整備を支援し、安定的な救急医療体制の確保
補助対象者　：年間救急車受入台数が2,000台以上の病院、ただし、国、独立行政法人、地方独立行政法人及び都が設置する病院及びその他知事が定める病院を除く。
補助対象経費：病院勤務者勤務環境改善事業経費の1/4
負担割合　　：国2/3、都1/3　又は　都10/10",5,民間団体,"30,915 ",保健医療局医療政策部医療人材課,03-5320-4427,https://www.hokeniryo.metro.tokyo.lg.jp/iryo/sonota/kinmukankyoukaizen/kinmukankyoukaizenji
2026,14,保健医療局,05,保健、医療,医療施設浸水対策計画策定支援事業,医療施設浸水対策計画策定支援補助金,"補助金の目的：浸水想定区域に所在する都内の病院を対象として、浸水対策計画の策定に向けた設計コンサルタント等の活用を支援し、浸水対策を促進
補助対象者　：浸水想定区域に所在する都内の病院
補助対象経費：浸水対策を実施するための設計コンサルタント等の活用に要する経費
負担割合　　：　都4/5、事業者1/5",5,民間団体,"25,019 ",保健医療局医療政策部救急災害医療課,03-5320-4445,
2026,14,保健医療局,05,保健、医療,医療機関診療情報デジタル導入支援事業,医療機関診療情報デジタル導入支援事業補助金,"補助金の目的：医療機関のＤＸ推進に向け、電子カルテシステムの導入を支援
補助対象者　：病院、医科診療所
医療機関補助対象経費：コンサルタントの活用等に要する費用
負担割合　　：　都3/4、事業者1/4（都1/2、大規模病院1/2）",5,民間団体,"268,500 ",保健医療局医療政策部医療政策課,03-5320-4448,https://www.hokeniryo.metro.tokyo.lg.jp/iryo/jigyo/h_gaiyou/digital_dounyu.html
2026,14,保健医療局,05,保健、医療,医療機関におけるAI技術活用促進事業,医療機関におけるAI技術活用促進事業補助金,"補助金の目的： 医療従事者の負担軽減等、勤務環境を整備するため、医療機関における「働き方改革」等に資するＡＩ技術活用の取組を支援
補助対象者　：中小病院、有床診療所
補助対象経費：AI問診、AIによる音声自動入力、多言語対応等に要する経費、コンサルティング費用
負担割合　　：　都1/2、事業者1/2",5,民間団体,"255,000 ",保健医療局医療政策部医療政策課,03-5320-4448,https://www.hokeniryo.metro.tokyo.lg.jp/iryo/jigyo/ai
2026,14,保健医療局,05,保健、医療,勤務環境改善医師派遣等推進事業,勤務環境改善医師派遣等推進事業補助金,"補助金の目的：医師の時間外・休日労働時間を短縮すること及び地域医療提供体制を確保することを目的に、長時間労働医療機関への医師派遣を行う医療機関等を支援
補助対象者　：都内大学病院等
補助対象経費：医師派遣に係る逸失利益補填
負担割合　　：　国2/3、都1/3",5,民間団体,"606,480 ",保健医療局医療政策部医療人材課,03-5320-4441,https://www.hokeniryo.metro.tokyo.lg.jp/iryo/sonota/kinmukankyoukaizen/isihaken
2026,14,保健医療局,05,保健、医療,病院救急車購入支援事業,病院救急車購入支援事業補助金,"補助金の目的：医療機関自身での転院搬送手段の確保を支援
補助対象者　：救急告示医療機関
補助対象経費：病院救急車、病院救急車に搭載する資器材
負担割合　　：都2/3、事業者1/3",5,民間団体,"383,044 ",保健医療局医療政策部救急災害医療課,03-5320-4427,
2026,14,保健医療局,05,保健、医療,東京都障害者歯科医療設備整備補助事業,障害者歯科医療設備整備補助事業補助金,"補助金の目的：障害者への歯科医療提供体制の充実を図るため、全身麻酔等の全身管理下での歯科医療を提供する医療機関に対して、必要な医療機器等の整備を促進
補助対象者　：歯科医療機関
補助対象経費：全身管理による専門的な歯科治療を行う際に必要となる医療機器に要する費用
負担割合　　：都2/3、事業者1/3",5,民間団体,"37,931 ",保健医療局医療政策部医療政策課,03-5320-4433,
2026,14,保健医療局,05,保健、医療,医療機関診療情報サイバーセキュリティ対策支援事業,医療機関診療情報サイバーセキュリティ対策支援事業補助金,"補助金の目的：医療機関のデジタル化の促進及び安定的な医療提供体制の確保
補助対象者　：病院、医科診療所
補助対象経費：サイバーセキュリティ対策の強化に要する費用
負担割合　　：都1/2、事業者1/2",5,民間団体,"332,813 ",保健医療局医療政策部医療政策課,03-5320-4448,https://www.hokeniryo.metro.tokyo.lg.jp/iryo/jigyo/h_gaiyou/cybersecurity
2026,14,保健医療局,05,保健、医療,ドナーミルク利用支援事業,ドナーミルク利用支援事業補助金,"補助金の目的：NICU入院児がドナーミルクを使用できる体制の整備
補助対象者　：医療機関
補助対象経費：ドナーミルク使用料及びドナー登録にかかる経費
負担割合　　：都10/10",5,民間団体,"22,845 ",保健医療局医療政策部救急災害医療課,03-5320-4378,https://www.hokeniryo.metro.tokyo.lg.jp/iryo/kyuukyuu/syusankiiryo/donor_milk
2026,14,保健医療局,05,保健、医療,在宅医療現場におけるハラスメント対策事業,在宅医療現場における防犯機器等導入支援事業補助金,"補助金の目的：在宅医療に関わる医療関係者に対する利用者・家族からの暴力・ハラスメント対策として、セキュリティ確保に必要な防犯機器の初度整備に係る経費を補助
補助対象者　：訪問診療・訪問歯科診療を行う病院・診療所
補助対象経費：位置検索機能・緊急呼び出し機能付き防犯ブザー、防犯ボタン付き携帯電話等
負担割合　　：国1/3、都1/6、事業者1/2",5,民間団体,"23,200 ",保健医療局医療政策部医療政策課,03-5320-4446,
2026,14,保健医療局,05,保健、医療,地域医療確保緊急支援事業（小児・産科・救急医療受入推進事業）,小児・産科・救急医療受入推進事業補助金,"補助金の目的：小児・産科・救急医療において、患者の受入れを推進するための体制を確保する病院を支援
補助対象者　：小児・産科・救急医療を行う病院
補助対象経費：診療体制を組んで医療を提供するために必要な人件費等
負担割合　　：都10/10",5,民間団体,"5,737,100 ",保健医療局医療政策部救急災害医療課,"（小児・産科について）
０３－５３２０－４４４９
（救急医療について）
 ０３－５３２０－４４２７",https://www.hokeniryo.metro.tokyo.lg.jp/iryo/jigyo/h_gaiyou/shonisankakyukyu
2026,14,保健医療局,05,保健、医療,地域医療確保緊急支援事業（地域医療確保に係る緊急・臨時支援事業）,地域医療確保に係る緊急・臨時支援事業支援金,"補助金の目的：緊急的・臨時的な対応として、都内民間病院に対し、地域差による都内の物価を考慮した支援を実施
補助対象者　：病院
補助対象経費：地域医療の確保に必要な経費
負担割合　　：都10/10",5,民間団体,"14,489,000 ",保健医療局医療政策部医療政策課,03-5320-4446,https://www.hokeniryo.metro.tokyo.lg.jp/iryo/jigyo/h_gaiyou/iryo-kinkyurinji
2026,14,保健医療局,05,保健、医療,地域医療確保緊急支援事業（急性期医療臨時支援事業）,急性期医療臨時支援事業支援金,"補助金の目的：急性期医療を担う都内民間病院への臨時的な支援を実施
補助対象者　：病院
補助対象経費：急性期医療に必要な経費
負担割合　　：都10/10",5,民間団体,"1,048,000 ",保健医療局医療政策部医療政策課,03-5320-4446,
2026,14,保健医療局,05,保健、医療,医療ＤＸ人材育成支援事業,医療ＤＸ人材育成支援事業補助金,"補助金の目的：医療機関職員のIT資格取得経費等を支援
補助対象者：病院、医科診療所
補助対象経費：（１）IT・DX関連の研修受講経費（医療機関への出張研修含む）、資格取得経費（通信講座受講経費等含む）及び技能認定試験受験経費、（２）研修・資格取得期間に不在となる職員の代替職員の雇用経費
負担割合：都10/10",5,民間団体,"379,287 ",保健医療局医療政策部医療政策課,03-5320-4448,https://www.hokeniryo.metro.tokyo.lg.jp/iryo/jigyo/h_gaiyou/dx_zinzai
2026,14,保健医療局,05,保健、医療,看護職員等宿舎借り上げ支援事業,看護職員等宿舎借り上げ支援事業補助金,"補助金の目的：医療機関に勤務する看護職員等の宿舎の借り上げを支援
補助対象者：病院
補助対象経費：看護職員等の宿舎の借り上げにかかる経費
負担割合：都3/4、事業者1/4",5,民間団体,"3,955,975 ",保健医療局医療政策部医療人材課,03-5320-4447,https://kango-shukusha.metro.tokyo.lg.jp/
2026,14,保健医療局,05,保健、医療,在宅療養体制支援医療機関緊急整備事業,在宅療養体制支援医療機関緊急整備事業補助金,"補助金の目的：自ら24時間対応体制の在宅医療を提供するとともに他の医療機関の支援も行いながら、在宅療養の現場での多職種連携の支援を行う医療機関が実施する取組への補助を行うことにより、地域の在宅療養体制の構築を促進する
補助対象者：都内の在宅療養において積極的役割を担う医療機関（ただし、東京都が開設している病院・診療所を除く）
補助対象経費：①地域の実情に応じた在宅医療人材の確保・育成（相談支援・同行訪問等）
②平時における多職種・多機関の連携推進（勉強会、講演会、事例検討、意見交換会等）
③災害時における多職種・多機関の連携推進（勉強会、講演会、事例検討、意見交換会等）
（ただし、診療報酬の算定対象となる取組等は対象外とする。）
負担割合：国2/3、都1/3",5,民間団体,"124,000 ",保健医療局医療政策部医療政策課,03-5320-4446,
2026,14,保健医療局,05,保健、医療,入院中のこどもの家族の付添い等に関する環境改善事業,入院中のこどもの家族の付添い等に関する環境改善事業補助金,"補助金の目的：入院中のこどもやその家族が安心して入院生活を送ることができるようにするための環境改善
補助対象者：小児入院医療管理料を算定する医療機関、二次救急医療機関（小児科）等
補助対象経費：医療機関の施設の改修費、物品の購入費
負担割合：国1/2、都1/2",5,民間団体,"21,900 ",保健医療局医療政策部救急災害医療課,03-5320-4449,
2026,14,保健医療局,05,保健、医療, 東京都実践的な手術手技向上研修設備整備費補助事業,東京都実践的な手術手技向上研修設備整備費補助金,"補助金の目的：遺体を使用した手術手技向上のための研修の実施に必要な設備整備に要する経費を財政支援することにより、東京都における遺体を使用した手術手技向上のための研修の普及、医療技術及び医療安全の向上を図ることを目的とする。
補助対象者：手術手技向上のための研修で、中核的な役割を果たしている施設（医学部又は歯学部を有する大学）であって、日本外科学会・日本解剖学会が示している「臨床医学の教育及び研究における死体解剖のガイドライン」をを遵守した研修実施体制が確保されている施設。
補助対象経費：実践的手術手技向上研修実施機関として必要な医療機器等購入費
負担割合　　：国1/2、事業者1/2",5,民間団体,"35,593 ",保健医療局医療政策部医療安全課,03-5320-4431,
2026,14,保健医療局,05,保健、医療,重点医師偏在対策支援区域における診療所の承継・開業支援事業（地域への定着支援事業）,医療施設運営費等補助金,"補助金の目的：支援区域において、承継又は開業する診療所の地域への定着に対する支援を行う
補助対象者：③地域への定着支援事業：診療所を承継又は開業する場合の地域への定着に必要な経費
※負担割合及び補助率
③国4/9 都道府県2/9 事業者1/3",5,民間団体,"19,213 ",保健医療局医療政策部医療人材課,03-5320-4552,https://www.hokeniryo.metro.tokyo.lg.jp/about/soshiki/isei/ijin/oshirase/jyuutenishi
2026,14,保健医療局,05,保健、医療,"重点医師偏在対策支援区域における診療所の承継・開業支援事業（施設・設備整備）																							
",医療施設等施設整備費補助金／医療施設等設備整備費補助金,"補助金の目的：支援区域において、承継又は開業する診療所の施設・設備整備及び地域への定着に対する支援を行う
①施設整備事業：診療所の運営に必要な診療部門（診察室、処置室等）や、診療部門と一体となった医師・看護師住宅の整備費
②設備整備事業：診療所の運営に必要な医療機器等の購入費
※負担割合及び補助率
①及び②　国1/3 都道府県1/6 事業者1/2																	",5,民間団体,"9,750 ",保健医療局医療政策部医療人材課,03-5320-4552,https://www.hokeniryo.metro.tokyo.lg.jp/about/soshiki/isei/ijin/oshirase/jyuutenishi
2026,14,保健医療局,05,保健、医療,東京都立病院機構への支援,東京都立病院機構への支援,"補助金の目的：地方独立行政法人東京都立病院機構への支援
補助対象者　：地方独立行政法人東京都立病院機構
補助対象経費：病院運営に係る経費等
負担割合　　：都10/10",5,民間団体,"53,201,069 ",保健医療局都立病院支援部法人調整課,03-5320-5868,
2026,14,保健医療局,05,保健、医療,総合診療体制の強化,総合診療体制の強化,"補助金の目的：地方独立行政法人東京都立病院機構への支援
補助対象者　：地方独立行政法人東京都立病院機構
補助対象経費：総合診療体制の充実・強化に係る経費
負担割合　　：都10/10",5,民間団体,"211,527 ",保健医療局都立病院支援部法人調整課,03-5320-5865,
2026,14,保健医療局,05,保健、医療,粒子線治療提供体制の整備,粒子線治療提供体制の整備,"補助金の目的：地方独立行政法人東京都立病院機構への支援
補助対象者　：地方独立行政法人東京都立病院機構
補助対象経費：粒子線治療提供体制の整備に係る経費
負担割合　　：都10/10",5,民間団体,"29,023 ",保健医療局都立病院支援部法人調整課,03-5320-5865,
2026,14,保健医療局,05,保健、医療,生殖補助医療提供体制の整備,生殖補助医療提供体制の整備,"補助金の目的：地方独立行政法人東京都立病院機構への支援
補助対象者　：地方独立行政法人東京都立病院機構
補助対象経費：生殖補助医療提供体制の整備に係る経費
負担割合　　：都10/10",5,民間団体,"44,663 ",保健医療局都立病院支援部法人調整課,03-5320-5865,
2026,14,保健医療局,05,保健、医療,出産・子育てに関する講演会事業,出産・子育てに関する講演会事業,"補助金の目的：地方独立行政法人東京都立病院機構への支援
補助対象者　：地方独立行政法人東京都立病院機構
補助対象経費：出産・子育てに関する講演会事業に係る経費
負担割合　　：都10/10",5,民間団体,"59,872 ",保健医療局都立病院支援部法人調整課,03-5320-5865,
2026,14,保健医療局,06,健康安全、感染症,医薬分業の推進,医薬分業推進事業補助金,"補助金の目的：医薬分業の推進及び質の向上
補助対象者　：公益社団法人東京都薬剤師会
補助対象経費：機能整備に必要な経費
負担割合　　：都1/2　事業者1/2",7,その他団体,"5,000 ",保健医療局健康安全部薬務課,03-5320-4511,
2026,14,保健医療局,06,健康安全、感染症,医薬分業の推進,防犯機器等導入支援事業補助金,"補助金の目的：薬剤師が安心して在宅医療に従事できる環境整備
補助対象者　：薬局
補助対象経費：防犯機器等の導入経費
負担割合　　：都1/2　事業者1/2　",5,民間団体,"31,050 ",保健医療局健康安全部薬務課,03-5320-4511,
2026,14,保健医療局,06,健康安全、感染症,身近な健康相談システムの構築,医薬品の適正使用推進事業補助金,"補助金の目的：スポーツ選手に対する医薬品の適正使用の啓発
補助対象者　：公益社団法人東京都薬剤師会
補助対象経費：ドーピング防止に関する啓発事業に必要な経費
負担割合　　：都1/2　事業者1/2",7,その他団体,750 ,保健医療局健康安全部薬務課,03-5320-4511,
2026,14,保健医療局,06,健康安全、感染症,薬学振興助成等,薬学技術振興事業補助金,"補助金の目的：地域における保健衛生の増進
補助対象者　：公益社団法人東京都薬剤師会
補助対象経費：薬学、薬務行政に関する講習会等の開催に必要な経費
負担割合　　：都1/2　事業者1/2",7,その他団体,"1,500 ",保健医療局健康安全部薬務課,03-5320-4511,
2026,14,保健医療局,06,健康安全、感染症,薬物乱用防止推進協議会助成等,薬物乱用防止推進協議会助成,"補助金の目的：組織的、効果的な薬物乱用防止啓発活動等の推進
補助対象者　：東京都薬物乱用防止推進協議会
補助対象経費：薬物乱用防止啓発活動等に必要な経費
負担割合　　：都10/10",7,その他団体,"7,210 ",保健医療局健康安全部薬務課,03-5320-4505,
2026,14,保健医療局,06,健康安全、感染症,生活衛生営業指導センター運営費,生活衛生関係営業対策事業費補助金,"補助金の目的：生活衛生関係営業の経営の健全化及び振興
補助対象者　：公益財団法人東京都生活衛生営業指導センター
補助対象経費：運営費
負担割合　　：　国1/2、都1/2",7,その他団体,"50,458 ",保健医療局健康安全部環境保健衛生課,03-5320-4385,
2026,14,保健医療局,06,健康安全、感染症,生活衛生営業指導センター運営費,（公財）東京都生活衛生営業指導センター生活衛生関係営業振興事業費補助金,"補助金の目的：生活衛生関係営業の経営の健全化及び振興
補助対象者　：公益財団法人東京都生活衛生営業指導センター
補助対象経費：運営費
負担割合　　：　都10/10",7,その他団体,"24,294 ",保健医療局健康安全部環境保健衛生課,03-5320-4385,
2026,14,保健医療局,06,健康安全、感染症,大気汚染健康障害者医療費助成,区市町村臨時交付金,"補助金の目的：PMH実施に伴うシステムの改修
補助対象者　：区・特例市
補助対象経費：PMH実施に伴うシステムの改修経費
負担割合：（補助対象額から国庫補助額を除いた額について、補助基準額の範囲内で）都10/10",1,区市町村,"180,000 ",保健医療局健康安全部環境保健衛生課,03-5320-4385,
2026,14,保健医療局,06,健康安全、感染症,獣医公衆衛生学術振興助成,獣医公衆衛生学術助成,"補助金の目的：適切な獣医公衆衛生行政の推進
補助対象者　：公益社団法人東京都獣医師会
補助対象経費：学術講演会、学術研修、学術資料
負担割合　　：都1/2、獣医師会1/2",7,その他団体,430 ,保健医療局健康安全部環境保健衛生課,03-5320-4412,
2026,14,保健医療局,06,健康安全、感染症,治験施設整備費補助事業,東京都治験施設施設整備費補助金,"補助金の目的：効率的な治験の遂行の推進
補助対象者　：都内医療機関
補助対象経費：施設整備に要する工事費又は工事請負費
負担割合　　：国1/3　事業者2/3",7,その他団体,"11,063 ",保健医療局健康安全部薬務課,03-5320-4511,
2026,14,保健医療局,06,健康安全、感染症,簡易水道事業等補助,東京都簡易水道事業等補助金,"補助金の目的：簡易水道事業等を助成し、水道の普及及び整備促進を図る。
補助対象者　：町村
補助対象経費：簡易水道事業等の施設整備等に対する経費
負担割合：（補助基本額に対し）　国　1／4～1／2　都　1／4～1／2　町村　1／4～1／3",1,区市町村,"1,422,466 ",保健医療局健康安全部環境保健衛生課,03-5320-4393,
2026,14,保健医療局,06,健康安全、感染症,感染症対策強化事業,感染症対策強化事業,"補助金の目的：一類感染症患者受入時の感染防御体制の強化
補助対象者　：特定感染症指定医療機関及び第一種感染症指定医療機関
補助対象経費：感染防止に要する資機材及び定期的な感染防御訓練実施に要する経費
負担割合　　：都１０／１０",5,民間団体,"23,690 ",保健医療局感染症対策部医療体制整備課,03-5320-4528,
2026,14,保健医療局,06,健康安全、感染症,アジア感染症対策プロジェクト（アジア感染症海外派遣研修）,アジア感染症対策海外派遣研修に係る代替職員雇用経費補助（医師等代替雇上）,"補助金の目的：研修受講促進のための、研修生の不在に係る代替職員を雇用する費用負担
補助対象者　：研修受講者の所属する感染症指定医療機関及び感染症診療協力医療機関
補助対象経費：研修期間中に代替職員を雇い上げた場合の雇用費用
負担割合　　：都10/10",7,その他団体,494 ,保健医療局感染症対策部防疫課,03-5320-4538,
2026,14,保健医療局,06,健康安全、感染症,保菌者検索等,感染症予防費都負担金,"補助金の目的：地域住民の健康増進並びに疾病の予防
補助対象者　：市町村
補助対象経費：感染症法第５７条の規定により市町村が行う支弁事業を対象とする。
負担割合　　：国1/3　都1/3　市町村1/3",1,区市町村,125 ,保健医療局感染症対策部防疫課,03-5320-4381,
2026,14,保健医療局,06,健康安全、感染症,感染症医療対策,感染症指定病床管理運営費補助,"補助金の目的：感染症指定医療機関の運営に要する経費の補助
補助対象者　：第一種感染症指定医療機関及び第二種感染症指定医療機関
補助対象経費：①感染症指定医療機関の維持管理及び運営に必要な経費　②常勤職員費及び研究・研修経費
負担割合　　：①国1/2、都1/2　②都10/10",5,民間団体,"295,200 ",保健医療局感染症対策部医療体制整備課,03-5320-4528,
2026,14,保健医療局,06,健康安全、感染症,HPVワクチン男性接種補助事業,HPVワクチン男性接種補助金,"補助金の目的：ＨＰＶ（ヒトパピローマウイルス）ワクチン接種に係る個人負担の軽減を行う区市町村の支援
補助対象者　：区市町村
補助対象経費：任意接種対象者の負担軽減のため区市町村が公費負担した1/2の経費、本事業の周知のために要する経費
負担割合　　：都1/2　区市町村1/2",1,区市町村,"542,716 ",保健医療局感染症対策部防疫課,03-5320-5892,
2026,14,保健医療局,06,健康安全、感染症,小児インフルエンザワクチン任意接種補助事業,小児インフルエンザワクチン任意接種補助金,"補助金の目的：子育て支援の観点から、13歳未満の方に対し、ワクチン接種に係る個人負担の軽減を行う区市町村の支援
補助対象者　：区市町村
補助対象経費：任意接種対象者の負担軽減のため区市町村が公費負担した1/2の経費
負担割合　　：都1/2　区市町村1/2",1,区市町村,"1,035,401 ",保健医療局感染症対策部防疫課,03-5320-5892,
2026,14,保健医療局,06,健康安全、感染症,院内感染対策人材育成支援事業,感染管理認定看護師等資格取得支援事業補助金,"補助金の目的：感染管理認定看護師等資格取得支援
補助対象者　：都内の病院（但し、国及び都が開設した病院は、対象外）
補助対象経費：資格取得にかかる経費
負担割合　　：都1/2、事業者1/2",5,民間団体,"101,050 ",保健医療局感染症対策部医療体制整備課,03-5320-4495,https://www.hokeniryo.metro.tokyo.lg.jp/kansen/info/corona/corona_portal/iryokikan/kansenkanri
2026,14,保健医療局,06,健康安全、感染症,予防接種健康被害者救済措置,予防接種健康被害者救済措置（救済措置費）,"補助金の目的：予防接種を受けた者に健康被害が生じた場合の医療費等の給付
補助対象者　：区市町村
補助対象経費：健康被害者に支給した額
負担割合　　：国1/2、都1/4、区市町村1/4",1,区市町村,"235,827 ",保健医療局感染症対策部防疫課,03-5320-5892,
2026,14,保健医療局,06,健康安全、感染症,予防接種健康被害者救済措置,予防接種健康被害者救済措置（予防接種事故調査事業費）,"補助金の目的：予防接種を受けた者に健康被害が生じた場合の調査手数料等の給付
補助対象者　：区市町村
補助対象経費：健康被害者に支給した額
負担割合　　：国1/2、都1/4、区市町村1/4",1,区市町村,"3,047 ",保健医療局感染症対策部防疫課,03-5320-5892,
2026,14,保健医療局,06,健康安全、感染症,結核予防費補助（私立学校等）,結核予防費補助,"補助金の目的：学校施設が実施する健康診断の経費負担を軽減し健康診断の促進を目的とする。
補助対象者　：学校又は施設設置者
補助対象経費：学校又は施設が行う定期の健康診断に要する費用
負担割合　　：　都　2/3　　事業者　1/3",5,民間団体,"79,208 ",保健医療局感染症対策部防疫課,03-5320-4483,https://www.hokeniryo.metro.tokyo.lg.jp/kansen/kekkaku/hojokin.html
2026,14,保健医療局,06,健康安全、感染症,ハンセン病対策,療養所入所患者見舞,"補助金の目的：ハンセン病療養所入所者に対し、見舞金及び見舞い品を支給することにより、社会復帰への意欲の高揚と長期にわたる療養生活の慰安に資する
補助対象者　：東京都出身ハンセン病療養所入所者
補助対象経費：見舞金及び見舞品
負担割合　　：都10/10",6,一般都民,50 ,保健医療局感染症対策部防疫課,03-5320-4483,
2026,14,保健医療局,06,健康安全、感染症,ハンセン病対策,患者郷土訪問補助,"補助金の目的：社会交流（郷土訪問等）をすることにより入所者の社会復帰への意欲の高揚を図り、また長期にわたる療養生活の慰安に資する
補助対象者　：東京都出身ハンセン病療養所入所者
補助対象経費：目的地までの往復交通費、宿泊費、食卓料
負担割合　　：都10/10（宿泊料上限10,000円（施設所在地の隣県は11,000円、卓料上限2,200円）",6,一般都民,200 ,保健医療局感染症対策部防疫課,03-5320-4483,
2026,14,保健医療局,06,健康安全、感染症,新型コロナウイルス等予防ワクチン開発研究の推進,新型コロナウイルス等予防ワクチン開発研究の推進,"補助金の目的：新型コロナウイルス等予防ワクチンの開発研究に要する経費
補助対象者　：（公財）東京都医学総合研究所
補助対象経費：職員費及び事務費等
負担割合　　：都10/10",3,政策連携団体,"100,000 ",保健医療局企画部企画政策課,03-5320-4202,https://www.igakuken.or.jp/
2026,14,保健医療局,06,健康安全、感染症,感染症医療対策,感染症指定病床整備費補助,"補助金の目的：感染症指定医療機関の整備に要する経費の補助
補助対象者　：第一種感染症指定医療機関及び第二種感染症指定医療機関
補助対象経費：施設整備費及び設備整備費
負担割合　　：国１／３、都１／３、事業者1/3",5,民間団体,"1,000 ",保健医療局感染症対策部医療体制整備課,03-5320-4528,
2026,14,保健医療局,06,健康安全、感染症,協定締結医療機関施設・設備整備事業,協定締結医療機関施設・設備整備補助金,"補助金の目的：各協定締結医療機関の感染症対応力強化のための施設整備等の補助
補助対象者　：協定締結医療機関
補助対象経費　：感染症患者の受入に要する施設・設備整備
　　　　　　　　　　 個人防護具保管庫の整備費
負担割合　　：国1/2,1/3　都1/2,1/3",5,民間団体,"1,640,952 ",保健医療局感染症対策部医療体制整備課,03-5320-4543,
2026,15,産業労働局,16,国際金融都市、特区・外国企業誘致,フィンテック企業等に対するイノベーション支援事業,フィンテック企業等に対するイノベーション支援事業（金融サービス事業化支援）補助金,"補助金の目的：フィンテック企業等と金融事業者等が協働して行う実証的な取組に対して、必要な経費の一部を補助することで、金融分野におけるイノベーションの創出を促進していく
補助対象者　：民間事業者
補助対象経費：フィンテック事業者と大手金融機関等の間で実施される実証実験に係る経費
負担割合　　：2分の１or３分の２",5,民間団体,"24,000 ",産業労働局総務部国際金融都市推進課,03-5320-6274,https://www.sangyo-rodo.metro.tokyo.lg.jp/gfct/initiatives/nurturing-players/fintech/post-35
2026,15,産業労働局,16,国際金融都市、特区・外国企業誘致,デジタル証券（セキュリティトークン）市場拡大促進事業,デジタル証券（セキュリティトークン）市場拡大促進事業,"補助金の目的：デジタル証券市場の活性化
補助対象者　：デジタル証券の発行体
補助対象経費：デジタル証券の発行に際して追加的に発生するコスト
負担割合　　：2分の１or3分の2",5,民間団体,"50,000 ",産業労働局総務部国際金融都市推進課,03-5320-6274,https://www.sangyo-rodo.metro.tokyo.lg.jp/gfct/initiatives/nurturing-players/fintech/security-token
2026,15,産業労働局,16,国際金融都市、特区・外国企業誘致,フィンテック企業に対する海外進出支援事業,フィンテック企業等に対する海外進出支援事業（①海外進出のフィジビリティ確認に必要な調査費用・②海外展示会の出展支援）補助金,"補助金の目的：海外進出を希望するフィンテック企業を支援し、更なる成長を後押し
補助対象者　：民間事業者
補助対象経費：①海外進出のフィジビリティ確認に必要な調査費用および②海外展示会の出展に係る経費
負担割合　　：2分の１",5,民間団体,"15,000 ",産業労働局総務部国際金融都市推進課,03-5320-6274,https://www.sangyo-rodo.metro.tokyo.lg.jp/gfct/initiatives/nurturing-players/fintech/global
2026,15,産業労働局,16,国際金融都市、特区・外国企業誘致,フィンテック産業における協業基盤整備支援事業,フィンテック産業における協業基盤整備支援事業,"補助金の目的：ガバナンスやシステムのセキュリティ体制等の要件について対応事例の紹介等による知見の普及活動を行う
補助対象者　：民間事業者
補助対象経費：解説書等の策定に係る経費、普及啓発に必要となる経費
負担割合　　：2分の１",5,民間団体,"20,000 ",産業労働局総務部国際金融都市推進課,03-5320-6274,https://www.sangyo-rodo.metro.tokyo.lg.jp/gfct/initiatives/nurturing-players/fintech/collaboration
2026,15,産業労働局,16,国際金融都市、特区・外国企業誘致,Tokyo Sustainable Finance Weekの実施,"金融プロモーション等の実施に係る補助金
(Tokyo Sustainable Finance Weekの実施)","補助金の目的：Tokyo Sustainable Finance Weekの効率的かつ効果的な実施
補助対象者　：一般社団法人東京国際金融機構
補助対象経費：Tokyo Sustainable Finance Weekの実施、その他関連費
負担割合　　：10分の10",5,民間団体,"30,000 ",産業労働局総務部国際金融都市推進課,03-5320-6274,
2026,15,産業労働局,16,国際金融都市、特区・外国企業誘致,独立系資産運用業者の育成、創業及び高度化に係る補助金,独立系資産運用業者育成、創業及び高度化に関する補助金,"（１）育成型
補助金の目的：将来の投資運用業者となるファンドマネージャー等の育成を支援し、国内の資産運用業の創業者数の増加・高度化を推進
補助対象者　：①契約型ファンドマネージャー・②新興投資助言・代理業者（東京に拠点がある）
補助対象経費：資産運用業の特有の費用等
負担割合　　：2分の１

（２）創業型
補助金の目的：独立系資産運用会社の創業支援
補助対象者　：創業から３年以内の独立系資産運用会社
補助対象経費：投資運用業の独立に必要な経費
負担割合　　：2分の１

（３）高度化版
補助金の目的：独立系資産運用会社の業務の高度化支援
補助対象者　：業登録又は業務方法書の高度化変更を行ってから３年以内の者
補助対象経費：投資運用業の業務内容の高度化（業方書の変更等）に係る経費
負担割合　　：2分の１",5,民間団体,"93,000 ",産業労働局総務部国際金融都市推進課,03-5320-6274,https://www.sangyo-rodo.metro.tokyo.lg.jp/gfct/initiatives/nurturing-players/asset-management/post-10
2026,15,産業労働局,16,国際金融都市、特区・外国企業誘致,EMPの普及促進事業,EMPの普及促進に係る補助金,"補助金の目的：新興資産運用業者育成プログラムの促進
補助対象者　：一般社団法人東京国際金融機構
補助対象経費：ＥＭＰ懇談会開催、東京アセットマネジメントフォーラムの開催、海外ＡＯと国内新興資産運用業者とのマッチングイベント開催
負担割合　　：10分の10",5,民間団体,"51,900 ",産業労働局総務部国際金融都市推進課,03-5320-6274,
2026,15,産業労働局,16,国際金融都市、特区・外国企業誘致,SDGｓファイナンス促進支援事業,SDGｓファイナンス促進支援事業補助金,"補助金の目的：SDGｓファイナンスを促進支援
補助対象者　：
①グリーンファイナンス　
・環境省が実施するグリーンファイナンス拡大に向けた市場基盤整備支援事業補助金（脱炭素関連部門及び環境保全対策関連部門）の交付決定を受けた者
②ソーシャルファイナンス
・以下の要件を全て満たす評価機関
一 金融庁公表の「ＥＳＧ評価・データ提供機関に係る行動規範」への受け入れを表明していること。
二 ソーシャルファイナンスについての外部レビューの付与の実績があること。
③トランジションファイナンス
・経済産業省が実施する温暖化対策促進事業費補助金（クライメート・イノベーション・ファイナンス推進事業）の交付決定を受けた者
補助対象経費：外部レビューの付与に係る経費
④SDGｓ預金
・連携金融機関が預金者の対象として個人を含む預金性商品のフレームワークを策定する際に受ける外部評価業務
負担割合　　：
①グリーンファイナンス　10分の２（上限200万円）※ブルーファイナンス、個人向け債はさらに10分の5上乗せ、②ソーシャルファイナンス　10分の６（上限300万円）※個人向けはさらに10分の４上乗せ 、③トランジションファイナンス　10分の1（上限100万円）※個人向けはさらに10分の6上乗せ、④SDGｓ預金　10分の５（上限100万円）",5,民間団体,"34,520 ",産業労働局総務部国際金融都市推進課,03-5320-6274,https://www.sangyo-rodo.metro.tokyo.lg.jp/gfct/initiatives/green-finance/green-subsidy
2026,15,産業労働局,16,国際金融都市、特区・外国企業誘致,金融機関と連携したサステナビリティ経営促進事業,金融機関と連携したサステナビリティ経営促進事業補助金,"補助金の目的：都内中堅・中小企業の経営をサステナビリティに配慮したものへと転換を促す
補助対象者　：1.中堅・中小企業、2.連携金融機関
補助対象経費：1.中堅・中小企業がＳＬＬ等の調達の際に受ける各種コンサルティング業務等や、通常の融資と比べ追加的にかかる費用（融資手数料等）2.連携金融機関がフレームワークを策定する際に受ける外部評価業務等
負担割合　　：都が必要と認めた補助対象経費のうち、
1.①50%（サステナビリティ・リンク・ローン及びポジティブ・インパクト・ファイナンス。上限200万円）
1.②50%（金融機関からの提案を受けて都が認定した各金融機関独自のサステナブルファイナンスに関する融資メニュー。上限100万円）
2.50%（連携金融機関がフレームワークを策定する際に受ける外部評価業務等、上限100万円）",5,民間団体,"153,500 ",産業労働局総務部国際金融都市推進課,03-5320-6274,https://www.sangyo-rodo.metro.tokyo.lg.jp/gfct/initiatives/green-finance/sustainability-management/
2026,15,産業労働局,16,国際金融都市、特区・外国企業誘致,金融プロモーション事業,"金融プロモーション等の実施に係る補助金
(金融プロモーション事業)","補助金の目的：金融プロモーション事業の効率的かつ効果的な実施
補助対象者　：一般社団法人東京国際金融機構
補助対象経費：１．国際金融都市としての東京に関連する国内外情報発信 及び国内外でのネットワーキング推進、政策提言　２．その他関連費
負担割合　　：10分の10",5,民間団体,"451,710 ",産業労働局総務部国際金融都市推進課,03-5320-6274,
2026,15,産業労働局,16,国際金融都市、特区・外国企業誘致,海外メディアを活用した認知度向上施策,"金融プロモーション等の実施に係る補助金
(海外メディアを活用した認知度向上施策)","補助金の目的：海外メディアを活用した認知度向上施策の効率的かつ効果的な実施
補助対象者　：一般社団法人東京国際金融機構
補助対象経費：1．海外向けプレスリリースの発出、インタビュー・取材記事掲載等の誘導等　2．金融専門誌等メディアへの記事広告の掲載等　3. ＳＮＳ等を活用したターゲティング広告　4．その他関連費
負担割合　　：10分の10",5,民間団体,"91,000 ",産業労働局総務部国際金融都市推進課,03-5320-6274,
2026,15,産業労働局,16,国際金融都市、特区・外国企業誘致,グローバルファイナンシャル企業等誘致・進出支援事業,金融系外国企業発掘事業費補助金,"補助金の目的：金融系外国企業発掘事業の効率的かつ効果的な実施
補助対象者　：一般社団法人東京国際金融機構
補助対象経費：金融系外国企業の発掘に係る事業、その他関連費
負担割合　　：１０分の１０",5,民間団体,"66,000 ",産業労働局総務部国際金融都市推進課,03-5320-6274,
2026,15,産業労働局,16,国際金融都市、特区・外国企業誘致,ステーブルコイン社会実装促進事業,ステーブルコイン社会実装促進事業補助金,"補助金の目的：新しい決済インフラとして期待されるステーブルコインのユースケース創出による市場の活性化
補助対象者　：都民又は都内事業者が抱える社会課題の解決及び決済・送金の利便性向上に資するユースケースを創出する事業者
補助対象経費：円建てステーブルコインのユースケースを創出する事業者が負担する経費
負担割合　　：3分の2",5,民間団体,"200,000 ",産業労働局総務部国際金融都市推進課,03-5320-6274,
2026,15,産業労働局,16,国際金融都市、特区・外国企業誘致,グローバルファイナンシャル企業等誘致・進出支援事業,グローバルファイナンシャル企業等誘致・進出事業に係る補助金,"補助金の目的：海外の資産運用業者・テック系企業の東京への進出定着を図るため一部経費の補助を実施
補助対象者　：
　　　　　　　①申請を行う年度と同一年度内に 、海外の資産運用業者やテック系企業が東京都内に拠点設立した日本法人等
　　　　　　　②申請日の属する年度の前年度または前々年度に 、海外の資産運用業者やテック系企業（金融系のみ）が東京都内に拠点設立した日本法人等
　　　　　　　③令和5年度にグリーンファイナンスに取り組む金融系外国企業が東京都内に拠点設立した日本法人等
補助対象経費：東京への進出・定着期において必要となる経費　　　　　　
負担割合　　：①、②は2分の１、③は3分の１",5,民間団体,"262,500 ",産業労働局総務部国際金融都市推進課,03-5320-6274,
2026,15,産業労働局,09,中小企業支援,中小企業新戦略支援事業（団体向け）,中小企業新戦略・事業承継支援事業（団体向け）補助金,"補助金の目的：中小企業の経営改善と持続的成長及び都内経済の活性化に寄与すること
補助対象者　：東京都中小企業団体中央会
補助対象経費：中小企業新戦略・事業承継支援事業（団体向け）の実施に必要かつ適当と認めるもの
負担割合　　：10/10以内",5,民間団体,"487,782 ",産業労働局商工部経営支援課,03-5320-4665,"https://www.tokyochuokai.or.jp/sienseido/jyoseijigyou/shinsenryaku.html

https://www.tokyochuokai.or.jp/sienseido/jyoseijigyou/dantairenkeigatajigyoshokeisien.html"
2026,15,産業労働局,09,中小企業支援,サプライチェーン強化等に向けた企業変革促進事業,サプライチェーン強化等に向けた企業変革促進事業補助金,"補助金の目的：中小企業の企業変革の推進
補助対象者　：（公財）東京都中小企業振興公社
補助対象経費：サプライチェーン強化等に向けた企業変革促進事業に要する経費
負担割合　　：10/10以内",3,政策連携団体,"197,529 ",産業労働局商工部経営支援課,03-5320-4784,https://www.tokyo-kosha.or.jp/support/shien/kigyohenkaku-sokushin/index.html
2026,15,産業労働局,09,中小企業支援,経営統合等による産業力強化支援事業,経営統合等による産業力強化支援事業補助金,"補助金の目的：中小企業の企業変革の推進
補助対象者　：（公財）東京都中小企業振興公社
補助対象経費：経営統合等による産業力強化支援事業に要する経費
負担割合　　：10/10以内",3,政策連携団体,"23,708 ",産業労働局商工部経営支援課,03-5320-4784,https://www.tokyo-kosha.or.jp/support/josei/keiei_togo/index.html
2026,15,産業労働局,09,中小企業支援,持続的な成長に向けた経営強靭化事業,持続的な成長に向けた経営強靭化事業補助金,"補助金の目的：中小企業の企業改革力を高め成長・発展を図ること
補助対象者　：（公財）東京都中小企業振興公社
補助対象経費：持続的な成長に向けた経営強靭化事業事業に要する経費
負担割合　　：10/10以内",3,政策連携団体,"197,698 ",産業労働局商工部経営支援課,03-5320-4784,
2026,15,産業労働局,09,中小企業支援,中小企業団体における課題解決促進事業,中小企業団体における課題解決促進事業補助金,"補助金の目的：各業界の構造改革を促進し、東京の産業活性化を図ること
補助対象者　：東京都中小企業団体中央会
補助対象経費：中小企業団体における課題解決促進事業事業に要する経費
負担割合　　：10/10以内",5,民間団体,"157,661 ",産業労働局商工部経営支援課,03-5320-4784,
2026,15,産業労働局,09,中小企業支援,商工会等助成,東京都小規模事業経営支援事業費補助金,"補助金の目的：商工会、商工会議所、商工会連合会及び中央会がその機能を活用して小規模事業者の経営の改善発達を支援する事業の経費を補助することで、もって地域経済社会の形成に大きな役割を果たしている小規模事業者等の振興と安定に寄与すること
補助対象者　：商工会連合会(商工会)、商工会議所等
補助対象経費：①商工会・商工会議所等が行う経営改善普及事業等に要する経費
　　　　　　　　 　②商工会連合会が経営改善普及事業に関し商工会を指導する事業に要する経費
負担割合　　：都が全額負担",5,民間団体,"4,020,479 ",産業労働局商工部地域産業振興課,03-5320-4757,
2026,15,産業労働局,09,中小企業支援,商工会等助成,東京都商工会連合会指導強化事業費補助金,"補助金の目的：東京都商工会連合会が行う商工会への指導事業に要する経費を補助することにより、商工会に対しての運営指導の強化を図り、もって地域商工業の振興と安定を推進すること
補助対象者　：商工会連合会
補助対象経費：東京都商工会連合会の行う商工会への指導事業に必要な活動に要する経費
負担割合　　：都が全額負担",5,民間団体,"8,257 ",産業労働局商工部地域産業振興課,03-5320-4757,
2026,15,産業労働局,09,中小企業支援,中小企業活力向上プロジェクトアドバンスプラス,中小企業活力向上プロジェクトアドバンスプラス補助金,"補助金の目的：商工会議所及び商工会連合会がその機能を活用して、都内中小企業における、経営課題の発見・認識から短期・中長期の課題解決までを切れ目なく一気通貫に支援する中小企業活力向上プロジェクトアドバンスプラス事業に要する経費を補助することにより、都内中小企業の経営安定と活力向上に寄与すること
補助対象者　：商工会議所、商工会連合会
補助対象経費：商工会議所、商工会連合会が行う中小企業活力向上事業に要する経費
負担割合　　：都が全額負担",5,民間団体,"424,615 ",産業労働局商工部地域産業振興課,03-5320-4757,
2026,15,産業労働局,09,中小企業支援,中小受託取引の支援,東京都中小受託事業者支援事業補助金,"補助金の目的：中小受託事業者の受注機会の確保及び経営の安定
補助対象者　：（公財）東京都中小企業振興公社
補助対象経費：中小受託取引の支援のうち、取引情報収集及び提供に要する経費、取引改善指導（ADR）に要する経費
負担割合　　：10/10以内",3,政策連携団体,"151,975 ",産業労働局商工部経営支援課,03-5320-4783,https://www.tokyo-kosha.or.jp/support/jutaku/torihiki/index.html
2026,15,産業労働局,09,中小企業支援,倒産防止特別支援事業,東京都倒産防止特別相談事業費補助金,"補助金の目的：中小企業の倒産に伴う社会的混乱の未然防止
補助対象者　：東京商工会議所及び東京都商工会連合会
補助対象経費：東京都倒産防止特別相談事業の実施に要する経費
負担割合　　：10/10以内",5,民間団体,"6,807 ",産業労働局商工部経営支援課,03-5320-4783,
2026,15,産業労働局,09,中小企業支援,フリーランス取引適正化支援事業,フリーランス取引適正化支援事業補助金,"補助金の目的：フリーランスと発注事業者間の取引の適正化を推進
補助対象者　：（公財）東京都中小企業振興公社
補助対象経費：フリーランス取引適正化支援事業の実施に要する経費
負担割合　　：10/10以内",3,政策連携団体,"5,859 ",産業労働局商工部経営支援課,03-5320-4783,https://www.tokyo-kosha.or.jp/support/jutaku/freelance_torihiki/index.html
2026,15,産業労働局,09,中小企業支援,明日にチャレンジ中小企業基盤強化事業,明日にチャレンジ中小企業基盤強化事業補助金,"補助金の目的：都内の受注型中小企業の技術・経営基盤の強化を支援
補助対象者　：東京都中小企業団体中央会
補助対象経費：明日にチャレンジ中小企業基盤強化事業の実施に要する経費
負担割合　　：10/10以内",5,民間団体,"1,562,701 ",産業労働局商工部経営支援課,03-5320-4783,https://www.tokyochuokai.or.jp/sienseido/jyoseijigyou/asuchare.html
2026,15,産業労働局,09,中小企業支援,目指せ！中小企業経営力強化アドバンスプラス事業,目指せ！中小企業経営力強化アドバンスプラス事業補助金,"補助金の目的：新たな課題に直面する都内中小企業や、将来に向けて経営基盤の強化に取り組む都内中小企業の販路開拓を支援すること
補助対象者　：（公財）東京都中小企業振興公社
補助対象経費：目指せ！中小企業経営力強化アドバンスプラス事業のうち、公益財団法人東京都中小企業振興公社が行う展示会出展助成事業に要する経費
負担割合　　：10/10以内",3,政策連携団体,"79,295 ",産業労働局商工部経営支援課,03-5320-4726,https://www.tokyo-kosha.or.jp/support/josei/jigyo/r7tenjikai.html
2026,15,産業労働局,09,中小企業支援,東京都ＢＣＰ策定支援事業,BCP策定支援事業補助金,"補助金の目的：都内中小企業の事業継続力の強化
補助対象者　：（公財）東京都中小企業振興公社
補助対象経費：BCP策定支援事業の実施に要する経費
負担割合　　：10/10以内",3,政策連携団体,"190,056 ",産業労働局商工部経営支援課,03-5320-4783,https://www.tokyo-kosha.or.jp/support/shien/bcp/sakutei.html
2026,15,産業労働局,09,中小企業支援,事業承継・再生支援事業,事業承継・再生支援事業補助金,"補助金の目的：都内中小企業の持続的な成長及び発展に向けた円滑な事業承継・再生
補助対象者　：（公財）東京都中小企業振興公社
補助対象経費：事業承継・再生支援事業の実施に要する経費
負担割合　　：10/10以内",3,政策連携団体,"333,595 ",産業労働局商工部経営支援課,03-5320-4783,https://www.tokyo-kosha.or.jp/support/revival/index.html
2026,15,産業労働局,09,中小企業支援,倒産防止特別支援事業,倒産防止特別支援事業補助金,"補助金の目的：都内中小企業の倒産防止、都内経済の着実な回復を図ること
補助対象者　：（公財）東京都中小企業振興公社
補助対象経費：倒産防止特別支援事業の実施に要する経費
負担割合　　：10/10以内",3,政策連携団体,"34,614 ",産業労働局商工部経営支援課,03-5320-4783,
2026,15,産業労働局,09,中小企業支援,事業承継を契機とした成長支援事業,事業承継を契機とした成長支援事業補助金,"補助金の目的：都内中小企業の事業承継を契機とした新たな事業展開を後押し
補助対象者　：（公財）東京都中小企業振興公社
補助対象経費：事業承継を契機とした成長支援事業の実施に要する経費
負担割合　　：10/10以内",3,政策連携団体,"175,502 ",産業労働局商工部経営支援課,03-5320-4785,https://www.tokyo-kosha.or.jp/support/josei/jigyo/shokei-seicho/index.html
2026,15,産業労働局,09,中小企業支援,伝統工芸品産業経営課題解決支援事業,伝統工芸品産業経営課題解決支援事業補助金,"補助金の目的：東京の伝統工芸品事業者の経営基盤の強化や業界の喫緊の課題となっている技術承継について支援をすること
補助対象者　：（公財）東京都中小企業振興公社
補助対象経費：補助事業者が伝統工芸品産業経営課題解決支援事業に掲げる事業に要する経費
負担割合　　：10/10以内",3,政策連携団体,"50,654 ",産業労働局商工部経営支援課,03-5320-4659,
2026,15,産業労働局,09,中小企業支援,中小企業収益力強化サポート事業,中小企業収益力強化サポート事業補助金,"補助金の目的：企業の収益力を改善・強化し、事業活動の基盤強化を図ること
補助対象者　：（公財）東京都中小企業振興公社
補助対象経費：中小企業収益力強化サポート事業の実施に要する経費
負担割合　　：10/10以内",3,政策連携団体,"722,702 ",産業労働局商工部経営支援課,03-5320-4781,
2026,15,産業労働局,09,中小企業支援,皮革関連産業振興対策,需要開拓事業費補助金,"補助金の目的：動物油脂の需要開拓を図ること
補助対象者　：東京油脂事業協同組合
補助対象経費：広報用カレンダー等作成経費
負担割合　　：10/10",5,民間団体,"1,001 ",産業労働局商工部経営支援課,03-5320-4758,
2026,15,産業労働局,09,中小企業支援,中小企業ニューマーケット開拓支援事業,東京都中小企業ニューマーケット開拓支援事業補助金,"補助金の目的：創業や経営革新等を支援して東京の産業の振興・発展に寄与すること
補助対象者　：（公財）東京都中小企業振興公社
補助対象経費：東京都中小企業ニューマーケット開拓支援事業に要する経費
負担割合　　：10/10以内",3,政策連携団体,"336,711 ",産業労働局商工部経営支援課,03-5320-4726,https://www.tokyo-kosha.or.jp/support/shien/new_market/index.html
2026,15,産業労働局,09,中小企業支援,市場開拓助成事業,市場開拓助成事業補助金,"補助金の目的：中小企業の販路開拓を促進し、都内の中小企業の振興に資すること
補助対象者　：（公財）東京都中小企業振興公社
補助対象経費：市場開拓助成事業に要する経費
負担割合　　：10/10以内",3,政策連携団体,"11,755 ",産業労働局商工部経営支援課,03-5320-4726,https://www.tokyo-kosha.or.jp/support/josei/jigyo/shijo.html
2026,15,産業労働局,09,中小企業支援,海外展開総合支援事業,海外展開総合支援事業補助金,"補助金の目的：都内中小企業の海外展開を支援し、取引機会の拡大を図ることを通じて、地域経済の健全な発展に寄与すること
補助対象者　：（公財）東京都中小企業振興公社
補助対象経費：海外展開総合支援事業に要する経費
負担割合　　：10/10以内",3,政策連携団体,"867,532 ",産業労働局商工部経営支援課,03-5320-4798,https://www.tokyo-kosha.or.jp/TTC/
2026,15,産業労働局,09,中小企業支援,ＡＳＥＡＮ・インド展開支援事業,ＡＳＥＡＮ・インド展開支援事業補助金,"補助金の目的：都内中小企業の海外展開を支援し、取引機会の拡大を図ることを通じて、地域経済の健全な発展に寄与すること
補助対象者　：（公財）東京都中小企業振興公社
補助対象経費：ＡＳＥＡＮ・インド展開支援事業に要する経費
負担割合　　：10/10以内",3,政策連携団体,"87,531 ",産業労働局商工部経営支援課,03-5320-4798,https://thai.tokyo-sme.com/?_fsi=JbxbErms
2026,15,産業労働局,09,中小企業支援,海外進出サポート事業,海外進出サポート事業補助金,"補助金の目的：都内中小企業の海外展開を支援し、取引機会の拡大を図ることを通じて、地域経済の健全な発展に寄与すること
補助対象者　：（公財）東京都中小企業振興公社
補助対象経費：海外進出サポート事業に要する経費
負担割合　　：10/10以内",3,政策連携団体,"113,967 ",産業労働局商工部経営支援課,03-5320-4798,
2026,15,産業労働局,09,中小企業支援,中小企業のグローバル化に向けた組織構築支援事業,中小企業のグローバル化に向けた組織構築支援事業補助金,"補助金の目的：ダイバーシティ経営やグローバルで活躍できる組織・人材の育成に対する経営者の意識を高めるとともに、外国人材活用を含めた国内外の幹部人材及び貿易実務担当者の育成などグローバル視点での組織・人材育成を総合的に支援し、都内中小企業のグローバル化を促進すること
補助対象者　：（公財）東京都中小企業振興公社
補助対象経費：中小企業のグローバル化に向けた組織構築支援事業に要する経費
負担割合　　：10/10以内",3,政策連携団体,"120,658 ",産業労働局商工部経営支援課,03-5320-4798,
2026,15,産業労働局,09,中小企業支援,デジタルマーケティング支援事業,デジタルマーケティング支援事業補助金,"補助金の目的：都内中小企業のデジタルツールを推進し情報発信力を強化することで、国内外との取引の促進等を図ること
補助対象者　：（公財）東京都中小企業振興公社
補助対象経費：デジタルマーケティング支援事業に要する経費
負担割合　　：10/10以内",3,政策連携団体,"391,580 ",産業労働局商工部経営支援課,03-5320-4798,https://digiport.tokyo/
2026,15,産業労働局,09,中小企業支援,地域間経済交流事業,地域間経済交流事業,"補助金の目的：都内企業及びNRW州内企業の経営活性化を後押しすること
補助対象者　：（公財）東京都中小企業振興公社
補助対象経費：地域間経済交流事業に要する経費
負担割合　　：10/10以内",3,政策連携団体,"130,560 ",産業労働局商工部経営支援課,03-5320-4665,
2026,15,産業労働局,09,中小企業支援,地域連携型商談機会創出事業,地域連携型商談機会創出事業補助金,"補助金の目的：都内中小企業と地方企業との商談及び交流の機会を創出し、都内中小企業の新たなビジネスチャンスの拡大や日本全体の産業の活性化につなげること
補助対象者　：東京商工会議所、（公財）東京都中小企業振興公社
補助対象経費：地域連携型商談機会創出事業の実施に要する経費
負担割合　　：10/10以内",5,民間団体,"123,120 ",産業労働局商工部経営支援課,03-5320-4726,
2026,15,産業労働局,09,中小企業支援,全国連携を踏まえた展示・商談会開催事業,全国連携を踏まえた展示・商談会開催事業補助金,"補助金の目的：原材料価格高騰等の影響を受けた業種を中心に全国から出展を募集、展示会や商談会を開催することで、中小企業の販路開拓ツールの確保と国内のサプライチェーンの強化・構築を行う
補助対象者：東京商工会議所
補助対象経費：全国連携を踏まえた展示・商談会開催事業の実施に要する経費
負担割合　　：10/10以内",5,民間団体,"270,173 ",産業労働局商工部経営支援課,03-5320-4726,
2026,15,産業労働局,09,中小企業支援,多摩イノベーション総合支援事業,多摩イノベーション総合支援事業事務費補助金,"補助金の目的：多摩イノベーション総合支援事業の実施
補助対象者　：（公財）東京都中小企業振興公社
補助対象経費：多摩イノベーション総合支援事業の事務に必要な経費
負担割合　　：都10/10",3,政策連携団体,"168,651 ",産業労働局商工部創業支援課,03-5320-7589,https://tama-innovation.jp/
2026,15,産業労働局,09,中小企業支援,社会実装参画による多摩イノベーション創出事業,社会実装参画による多摩イノベーション創出事業事務費補助金,"補助金の目的：社会実装参画による多摩イノベーション創出事業の実施
補助対象者　：（公財）東京都中小企業振興公社
補助対象経費：社会実装参画による多摩イノベーション創出事業の事務に必要な経費
負担割合　　：都10/10",3,政策連携団体,"39,479 ",産業労働局商工部創業支援課,03-5320-7589,https://www.tokyo-kosha.or.jp/support/shien/syakai-jissou/index.html
2026,15,産業労働局,09,中小企業支援,広域ものづくりネットワーク形成支援事業,広域ものづくりネットワーク形成支援事業事務費補助金,"補助金の目的：広域ものづくりネットワーク形成支援事業の実施
補助対象者　：（公財）東京都中小企業振興公社
補助対象経費：広域ものづくりネットワーク形成支援事業の事務に必要な経費
負担割合　　：都10/10",3,政策連携団体,"59,694 ",産業労働局商工部創業支援課,03-5320-7589,https://www.tokyo-kosha.or.jp/support/shien/monozukuri/index.html
2026,15,産業労働局,09,中小企業支援,東京都中小企業連携組織対策事業,東京都中小企業連携組織対策事業費補助金,"補助金の目的：中小企業連携組織の推進並びに中小企業団体の育成及び指導の促進
補助対象者　：東京都中小企業団体中央会
補助対象経費：指導員及び職員の配置、組合への指導・講習会の実施の支援、中小企業団体情報連絡員の設置、情報ネットワーク運営等に要する経費等
負担割合　　：都10/10",5,民間団体,"240,961 ",産業労働局商工部調整課,03-5320-4759,
2026,15,産業労働局,09,中小企業支援,広域産業交流・連携の推進,東京都広域産業交流・連携推進事業費補助金交付要綱,"補助金の目的：九都県市首脳会議の構成員の都県市と共同で中小企業間連携による相互の技術高度化や取引促進を図ること
補助対象者　：公益財団法人東京都中小企業振興公社
補助対象経費：東京都広域産業交流・連携推進事業実施に必要かつ適当と認めるもの
負担割合　　：10/10以内",3,政策連携団体,"4,222 ",産業労働局商工部経営支援課,03-5320-4665,
2026,15,産業労働局,09,中小企業支援,多摩地域におけるイノベーション支援施設の運営,多摩イノベーション支援施設運営事業費補助金,"補助金の目的：多摩地域におけるイノベーション支援施設の運営
補助対象者　：（公財）東京都中小企業振興公社
補助対象経費：多摩地域におけるイノベーション支援施設の運営に必要な経費
負担割合　　：都10/10",3,政策連携団体,"404,045 ","産業労働局商工部
創業支援課",03-5320-7589,
2026,15,産業労働局,09,中小企業支援,中小企業技術活性化支援事業,中小企業技術活性化支援事業等事務費補助金（東京都中小企業技術活性化支援事業）,"補助金の目的：中小企業技術活性化支援事業の実施
補助対象者　：（公財）東京都中小企業振興公社
補助対象経費：中小企業技術活性化支援事業の事務に必要な経費
負担割合　　：都10/10",3,政策連携団体,"66,440 ",産業労働局商工部創業支援課,03-5320-4694,https://www.tokyo-kosha.or.jp/support/josei/jigyo/shinseihin.html https://www.tokyo-kosha.or.jp/support/josei/jigyo/kairyo.html  https://www.tokyo-kosha.or.jp/support/josei/jigyo/chakushu.html
2026,15,産業労働局,09,中小企業支援,ものづくりイノベーション企業創出道場,ものづくりイノベーション企業創出道場事業費補助金,"補助金の目的：中小企業の持続的な成長及び都内経済の活性化に寄与すること
補助対象者　：（公財）東京都中小企業振興公社
補助対象経費：ものづくりイノベーション企業創出道場事業の実施に必要かつ適当と認めるもの
負担割合　　：10/10以内",3,政策連携団体,"75,139 ",産業労働局商工部経営支援課,03-5320-4784,https://www.tokyo-kosha.or.jp/support/shien/seminar/dojo.html
2026,15,産業労働局,09,中小企業支援,知財戦略導入支援事業,中小企業技術活性化支援事業等事務費補助金（東京都知財戦略導入助成事業）,"補助金の目的：知財戦略導入支援事業の実施
補助対象者　：（公財）東京都中小企業振興公社
補助対象経費：知財戦略導入支援事業の事務に必要な経費
負担割合　　：都10/10",3,政策連携団体,"28,101 ",産業労働局商工部創業支援課,03-5320-4745,https://www.tokyo-kosha.or.jp/chizai/shien/nichetop_ikusei.html
2026,15,産業労働局,09,中小企業支援,デザイン経営支援事業,デザイン経営支援事業補助金交付要綱,"補助金の目的：デザイン経営支援事業の実施
補助対象者　：（公財）東京都中小企業振興公社
補助対象経費：デザイン経営支援事業の事務に必要な経費
負担割合　　：都10/10",3,政策連携団体,"36,709 ",産業労働局商工部創業支援課,03-5320-4745,https://www.designer-db.tokyo.jp/
2026,15,産業労働局,09,中小企業支援,ＤＸ推進支援事業,ＤＸ推進支援事業補助金,"補助金の目的：中小企業のＤＸを推進する取組を支援すること
補助対象者　：（公財）東京都中小企業振興公社
補助対象経費：ＤＸ推進支援事業に要する経費
負担割合　　：10/10以内",3,政策連携団体,"311,881 ",産業労働局商工部経営支援課,03-5320-4784,https://iot-robot.jp/
2026,15,産業労働局,09,中小企業支援,ＤＸ推進トータルサポート事業,ＤＸ推進トータルサポート事業補助金,"補助金の目的：中小企業のＤＸを推進する取組を支援すること
補助対象者　：（公財）東京都中小企業振興公社
補助対象経費：ＤＸ推進トータルサポート事業に要する経費
負担割合　　：10/10以内",3,政策連携団体,"99,484 ",産業労働局商工部経営支援課,03-5320-4784,https://iot-robot.jp/
2026,15,産業労働局,09,中小企業支援,中小企業デジタル導入促進補助事業,中小企業デジタル導入促進補助事業補助金,"補助金の目的：中小企業の事業活動のデジタル化を促進し、継続的な成長・発展を支援すること
補助対象者　：公益財団法人東京都中小企業振興公社
補助対象経費：中小企業デジタル導入促進補助事業実施に必要かつ適当と認めるもの
負担割合　　：10/10以内",3,政策連携団体,"189,548 ",産業労働局商工部経営支援課,03-5320-4784,https://www.tokyo-kosha.or.jp/support/josei/jigyo/digital-tool.html
2026,15,産業労働局,09,中小企業支援,スタートアップを活用したリスキリングによる中小企業デジタル化支援,スタートアップを活用したリスキリングによる中小企業デジタル化支援補助金,"補助金の目的：リスキリングの知見を有するスタートアップを活用した中小企業のデジタル化支援の取組を支援すること
補助対象者　：（公財）東京都中小企業振興公社
補助対象経費：スタートアップを活用したリスキリングによる中小企業デジタル化支援に要する経費
負担割合　　：10/10以内",3,政策連携団体,"444,729 ",産業労働局商工部経営支援課,03-5320-4784,https://tokyo-digital-reskilling.jp/
2026,15,産業労働局,09,中小企業支援,スタートアップ等を活用した価格転嫁・賃上げ支援事業,スタートアップ等を活用した価格転嫁・賃上げ支援事業補助金,"補助金の目的：スタートアップ企業等が提供する原価管理システムや人件費シミュレーションを活用し、中小企業の価格転嫁・賃上げの取組を支援すること
補助対象者　：（公財）東京都中小企業振興公社
補助対象経費：スタートアップ等を活用した価格転嫁・賃上げ支援事業に要する経費
負担割合　　：10/10以内",3,政策連携団体,"574,172 ",産業労働局商工部経営支援課,03-5320-4784,https://kakaku-chinage-tokyo.jp/
2026,15,産業労働局,09,中小企業支援,TOKYO戦略的イノベーション促進事業,TOKYO戦略的イノベーション促進事業事務費補助金,"補助金の目的：TOKYO戦略的イノベーション促進事業の実施
補助対象者　：（公財）東京都中小企業振興公社
補助対象経費：TOKYO戦略的イノベーション促進事業の事務に必要な経費
負担割合　　：都10/10",3,政策連携団体,"81,156 ",産業労働局商工部創業支援課,03-5320-4745,https://www.tokyo-kosha.or.jp/support/josei/jigyo/tokyo-innovation.html
2026,15,産業労働局,09,中小企業支援,課題解決型技術開発促進事業,課題解決型技術開発促進事業事務費補助金 ,"補助金の目的：課題解決型技術開発促進事業の実施
補助対象者　：（公財）東京都中小企業振興公社
補助対象経費：課題解決型技術開発促進事業実施に係る事務経費
負担割合　　：都10/10",3,政策連携団体,"347,593 ",産業労働局商工部創業支援課,03-5320-4762,
2026,15,産業労働局,09,中小企業支援,躍進的な事業推進のための設備投資支援事業,躍進的な事業推進のための設備投資支援事業事務費補助金,"補助金の目的：躍進的な事業推進のための設備投資支援事業の実施
補助対象者　：（公財）東京都中小企業振興公社
補助対象経費：躍進的な事業推進のための設備投資支援事業実施に係る事務経費
負担割合　　：都10/10",3,政策連携団体,"183,274 ",産業労働局商工部創業支援課,03-5320-4694,https://www.tokyo-kosha.or.jp/support/josei/setsubijosei/yakushin.html
2026,15,産業労働局,09,中小企業支援,生産性向上のための現場改善推進事業,生産性向上のための現場改善推進事業補助金,"補助金の目的：都内中小企業の現場改善の推進を図り、生産性の向上を促進すること
補助対象者　：公益財団法人東京都中小企業振興公社
補助対象経費：生産性向上のための現場改善推進事業実施に必要かつ適当と認めるもの
負担割合　　：10/10以内",3,政策連携団体,"28,478 ",産業労働局商工部経営支援課,03-5320-4784,https://www.tokyo-kosha.or.jp/support/shien/genbakaizen_suishin/index.html
2026,15,産業労働局,09,中小企業支援,５Ｇによる製造工場のＤＸ・ＧＸ推進事業,５Ｇによる製造工場のＤＸ・ＧＸ推進事業補助金,"補助金の目的：５Ｇによる製造工場のＤＸ・ＧＸ推進事業の実施
補助対象者　：（公財）東京都中小企業振興公社
補助対象経費：５Ｇによる製造工場のＤＸ・ＧＸ推進事業実施に係る事務経費
負担割合　　：都10/10",3,政策連携団体,"27,695 ",産業労働局商工部創業支援課,03-5320-4762,https://www.tokyo-kosha.or.jp/support/josei/jigyo/5g-dx_gx/index.html
2026,15,産業労働局,09,中小企業支援,ゼロエミッション東京の実現等に向けたイノベーション促進事業,ゼロエミッション東京の実現等に向けたイノベーション促進事業補助金,"補助金の目的：ゼロエミッションに向けた技術開発等、革新的な製品・サービスの開発、改良、実証実験及び販路開拓の支援
補助対象者　：都内のベンチャー企業・中小企業等
補助対象経費：製品等の事業化に要する開発・改良・実証実験経費、販路開拓経費
負担割合　　：都2/3、事業者1/3または都1/2、事業者1/2",5,民間団体,"2,600,000 ",産業労働局商工部創業支援課,03-5320-4694,https://www.zeroemiinnovation.metro.tokyo.lg.jp/
2026,15,産業労働局,09,中小企業支援,女性活躍のためのフェムテック開発支援・普及促進事業,女性活躍のためのフェムテック開発支援・普及促進事業事務費補助金,"補助金の目的：女性活躍のためのフェムテック開発支援・普及促進事業の実施
補助対象者　：（公財）東京都中小企業振興公社
補助対象経費：女性活躍のためのフェムテック開発支援・普及促進事業の事務に必要な経費
負担割合　　：都10/10",3,政策連携団体,"22,816 ",産業労働局商工部創業支援課,03-5320-4694,https://www.tokyo-kosha.or.jp/support/josei/jigyo/femtech/index.html
2026,15,産業労働局,09,中小企業支援,成長産業分野への事業転換に向けた製品開発支援事業,成長産業分野への事業転換に向けた製品開発支援事業事務費補助金,"補助金の目的：成長産業分野への事業転換に向けた製品開発支援事業の実施
補助対象者　：（公財）東京都中小企業振興公社
補助対象経費：成長産業分野への事業転換に向けた製品開発支援事業の事務に必要な経費
負担割合　　：都10/10",3,政策連携団体,"27,149 ",産業労働局商工部創業支援課,03-5320-4693,https://www.tokyo-kosha.or.jp/support/josei/jigyo/business_conversion_jyoseikin.html
2026,15,産業労働局,09,中小企業支援,インキュベーション施設の運営（多摩）,インキュベーション施設事業運営補助金,"補助金の目的：創業や企業化を支援し、東京の産業の活力ある振興・発展のため
補助対象者　：（公財）東京都中小企業振興公社
補助対象経費：インキュベーション施設（多摩）の事業運営に要する経費
負担割合　　：都1/1",3,政策連携団体,"14,798 ",産業労働局商工部創業支援課,03-5320-4889,
2026,15,産業労働局,09,中小企業支援,創業活性化特別支援事業,創業活性化特別支援事業事務費補助金,"補助金の目的：創業活性化特別支援事業の効率的かつ効果的な実施のため
補助対象者　：（公財）東京都中小企業振興公社
補助対象経費：創業活性化特別支援事業の事務に必要な経費
負担割合　　：都10/10",3,政策連携団体,"45,530 ",産業労働局商工部創業支援課,03-5320-4889,
2026,15,産業労働局,09,中小企業支援,インキュベーターによる起業家支援事業,インキュベーション施設支援機能強化事業事務費補助金,"補助金の目的：インキュベーション施設の支援機能の更なる強化を図りし、起業家の成長を後押し
補助対象者　：（公財）東京都中小企業振興公社
補助対象経費：インキュベーション施設支援機能強化事象の運営に要する経費
負担割合　　：都1/1",3,政策連携団体,"117,759 ",産業労働局商工部創業支援課,03-5320-4889,
2026,15,産業労働局,09,中小企業支援,創業支援拠点の運営,創業支援拠点の運営補助金,"補助金の目的：創業支援拠点の運営のため
補助対象者　：（公財）東京都中小企業振興公社
補助対象経費：創業支援拠点の運営に必要な経費
負担割合　　：都10/10",3,政策連携団体,"1,157,702 ",産業労働局商工部創業支援課,03-5320-4763,https://startup-station.jp/entry2023/?utm_source=google&utm_medium=ppc&utm_campaign=si_ad231023&gad_source=1&gclid=EAIaIQobChMI6bbtyYjpgwMVGcJMAh0CCw5TEAAYASAAEgKE-PD_BwE
2026,15,産業労働局,09,中小企業支援,創業支援拠点(多摩)の運営,創業支援拠点（多摩）の運営補助金,"補助金の目的：創業支援拠点（多摩）の運営のため
補助対象者　：（公財）東京都中小企業振興公社
補助対象経費：創業支援拠点（多摩）の運営に必要な経費
負担割合　　：都10/10",3,政策連携団体,"549,842 ",産業労働局商工部創業支援課,03-5320-4763,https://startup-station.jp/entry2023/?utm_source=google&utm_medium=ppc&utm_campaign=si_ad231023&gad_source=1&gclid=EAIaIQobChMI6bbtyYjpgwMVGcJMAh0CCw5TEAAYASAAEgKE-PD_BwE
2026,15,産業労働局,09,中小企業支援,起業家による空き家活用事業,空き家所有者補助金,"補助金の目的：空き家を有効活用した事業を創出するため
補助対象者　：一般都民
補助対象経費：空き家の管理費相当額（固定資産税、都市計画税）
負担割合　　：1年目10/10、2年目2/3、3年目1/3",6,一般都民,"1,518 ",産業労働局商工部創業支援課,03-5320-4763,https://www.sangyo-rodo.metro.tokyo.lg.jp/chushou/shoko/sougyou/akiya/
2026,15,産業労働局,09,中小企業支援,起業家による空き家活用事業,コーディネーター設置に係る補助金,"補助金の目的：空き家を有効活用した事業を創出するため
補助対象者　：民間団体
補助対象経費：相談対応の状況に応じた額
負担割合　　：2万5千円、5万円、10万円",5,民間団体,"5,000 ",産業労働局商工部創業支援課,03-5320-4763,https://www.sangyo-rodo.metro.tokyo.lg.jp/chushou/shoko/sougyou/akiya/
2026,15,産業労働局,09,中小企業支援,起業家による空き家活用事業,起業家による空き家活用事業補助金,"補助金の目的：空き家を有効活用した事業を創出するため
補助対象者　：民間団体
補助対象経費：家賃相当額
負担割合　　：2/3",5,民間団体,"7,020 ",産業労働局商工部創業支援課,03-5320-4763,https://www.sangyo-rodo.metro.tokyo.lg.jp/chushou/shoko/sougyou/akiya/
2026,15,産業労働局,09,中小企業支援,シニア創業促進事業,シニア創業促進事業補助金,"補助金の目的：シニア層の円滑な操業を促進するため
補助対象者　：（公財）東京都中小企業振興公社
補助対象経費：シニア創業促進事業運営にあたり必要となる経費
負担割合　　：都10/10",3,政策連携団体,"46,645 ",産業労働局商工部創業支援課,03-5320-4763,https://www.tokyo-kosha.or.jp/station/grandprix/index.html
2026,15,産業労働局,09,中小企業支援,行政課題解決型スタートアップ支援事業,行政課題解決型スタートアップ支援事業補助金,"補助金の目的：行政課題解決に資する、スタートアップによる新たな製品・サービスが効果的に活用される環境を生み出すため
補助対象者　：（公財）東京都中小企業振興公社
補助対象経費：行政課題解決型スタートアップ支援事業に関する経費
負担割合　　：都10/10",3,政策連携団体,"331,353 ",産業労働局商工部創業支援課,03-5320-4678,https://upgrade-square.jp/
2026,15,産業労働局,09,中小企業支援,多摩ものづくりスタートアップ起業家育成事業,多摩ものづくりスタートアップ起業家育成事業事務費補助金,"補助金の目的：多摩ものづくりスタートアップ起業家育成事業の実施
補助対象者　：（公財）東京都中小企業振興公社
補助対象経費：多摩ものづくりスタートアップ起業家育成事業の事務に必要な経費
負担割合　　：都10/10",3,政策連携団体,"120,131 ",産業労働局商工部創業支援課,03-5320-4763,https://startup-station.jp/tn/services/tamamonozukuri-startup/
2026,15,産業労働局,09,中小企業支援,地域産業強靭化支援事業,地域産業強靭化支援事業費補助金,"補助金の目的：区市町村が策定する計画に基づく事業に要する経費を東京都が補助することにより、地域経済の強靭化に寄与すること
補助対象者　：区市町村
補助対象経費：計画に基づく事業に必要な経費
負担割合　　：都 2/3、 区市町村 1/3",1,区市町村,"200,000 ",産業労働局商工部地域産業振興課,03-5320-4748,
2026,15,産業労働局,09,中小企業支援,地域産業活力創出支援事業,地域産業活力創出支援事業計画事業費補助金,"補助金の目的：区市町村が実施する地域産業活性化計画に基づく事業に要する経費を東京都が補助することにより、地域経済の活性化に寄与すること
補助対象者　：区市町村
補助対象経費：活性化計画に基づく事業に必要な経費
負担割合　　：都 1/2 、 区市町村 1/2",1,区市町村,"334,590 ",産業労働局商工部地域産業振興課,03-5320-4748,
2026,15,産業労働局,09,中小企業支援,地域産業成長支援事業,地域産業成長支援事業計画事業費補助金,"補助金の目的：区市町村が実施する地域産業活性化計画に基づく事業に要する経費を東京都が補助することにより、地域経済の活性化に寄与すること
補助対象者　：区市町村
補助対象経費：活性化計画に基づく事業に必要な経費
負担割合　　：都 1/2 、 区市町村 1/2",1,区市町村,"1,330,745 ",産業労働局商工部地域産業振興課,03-5320-4748,https://www.sangyo-rodo.metro.tokyo.lg.jp/chushou/shoko/chiiki/chiikishinkou/seicho
2026,15,産業労働局,09,中小企業支援,地域産業成長支援事業,地域産業成長支援事業一般事業費補助金,"補助金の目的：区市町村が実施する一般事業に要する経費を東京都が補助することにより、地域経済の活性化に寄与すること
補助対象者　：区市町村
補助対象経費：一般事業に必要な経費
負担割合　　：都 1/2 、 区市町村 1/2",1,区市町村,"100,000 ",産業労働局商工部地域産業振興課,03-5320-4748,https://www.sangyo-rodo.metro.tokyo.lg.jp/chushou/shoko/chiiki/chiikishinkou/seicho
2026,15,産業労働局,09,中小企業支援,地域産業成長支援事業,地域産業成長支援事業地域産業実態調査事業費補助金,"補助金の目的：市町村が実施する 地域産業実態調査事業に 要する経費を東京都が補助することにより、地域経済の活性化に寄与すること
補助対象者　：市町村
補助対象経費：調査事業に必要な経費
負担割合　　：都 1/2 、 市町村 1/2",1,区市町村,"10,000 ",産業労働局商工部地域産業振興課,03-5320-4748,https://www.sangyo-rodo.metro.tokyo.lg.jp/chushou/shoko/chiiki/chiikishinkou/seicho
2026,15,産業労働局,09,中小企業支援,地域産業成長支援事業,地域産業成長支援事業広域連携事業費補助金,"補助金の目的：広域連携事業に要する経費を東京都が補助することにより、地域経済の活性化に寄与すること
補助対象経費：広域連携事業に必要な経費
負担割合　　：都 1/2 、 区市町村 1/2",1,区市町村,"10,000 ",産業労働局商工部地域産業振興課,03-5320-4748,https://www.sangyo-rodo.metro.tokyo.lg.jp/chushou/shoko/chiiki/chiikishinkou/seicho
2026,15,産業労働局,09,中小企業支援,地域産業デジタル化推進事業,地域産業デジタル化推進事業費補助金,"補助金の目的：中小企業の生産性向上・競争力強化や新産業の創出等に取り組む区市町村を後押しすることにより、都内における地域産業のデジタル化をきめ細かく推進 し、都内産業の更なる活性化に寄与すること
補助対象者　：区市町村
補助対象経費：事業の実施に必要な経費
負担割合　：都２／３、区市町村１／３",1,区市町村,"800,000 ",産業労働局商工部地域産業振興課,03-5320-4748,https://www.sangyo-rodo.metro.tokyo.lg.jp/chushou/shoko/chiiki/chiikishinkou/digital
2026,15,産業労働局,09,中小企業支援,都内ものづくり企業地域共生推進事業,都内ものづくり企業地域共生推進事業費補助金,"補助金の目的：都内中小企業者等が行う地域との共生を推進するための取組に対し、区市町村がものづくり企業等と地域との調和を図る観点から助成を行う場合、必要な補助金を交付することにより、ものづくり企業等の地域内での住民との共生を支援するとともに、都内ものづくり産業の維持・発展を図ること
補助対象者　：区市町村
補助対象経費：①工場の改修経費、工場の移転経費、設備の更新・導入経費、②耐震診断経費、耐震設計経費、耐震工事経費
負担割合　　：①都 1/2 、 区市町村 1/4、事業者1/4、②都 1/3 、 区市町村 1/3、事業者1/3",1,区市町村,"134,953 ",産業労働局商工部地域産業振興課,03-5320-4748,https://www.sangyo-rodo.metro.tokyo.lg.jp/chushou/shoko/chiiki/chiikishinkou/monodukuri
2026,15,産業労働局,09,中小企業支援,地域工業連携強化支援事業,東京工業団体連合会事業費補助金,"補助金の目的：地域工業者の経営の安定と都内産業の振興発展に寄与すること
補助対象者　：（一社）東京工業団体連合会
補助対象経費：①指導、各種講習、情報収集事業、専門家派遣支援事業、依頼試験等助成事業及びものづくり基盤技術強化支援事業の事務に必要な経費、②専門家派遣支援事業に係る経費、③依頼試験等助成事業に係る経費、④ものづくり基盤技術強化支援事業のうち、会員団体等補助事業に係る経費、⑤ものづくり基盤技術強化支援事業のうち、補助事業者実施事業に係る経費、⑥ものづくり基盤技術強化支援事業のうち、コーディネータの設置に係る経費
負担割合　　：①②⑤⑥都が全額負担、③④都2/3、事業者1/3",5,民間団体,"53,771 ",産業労働局商工部地域産業振興課,03-5320-4755,
2026,15,産業労働局,09,中小企業支援,地域資源活用製品等の開発･販売促進事業,ＴＯＫＹＯ地域資源等を活用したイノベーション創出事業事務補助金,"補助金の目的：東京の魅力ある地域資源活用を活用した、または東京の都市課題解決につながる中小企業者等による新製品開発等を支援することにより、地域経済の活性化に寄与すること
補助対象者　：（公財）東京都中小企業振興公社
補助対象経費：ＴＯＫＹＯ地域資源等を活用したイノベーション創出事業の事務に必要な経費
負担割合　　：都が全額負担",3,政策連携団体,"43,227 ",産業労働局商工部地域産業振興課,03-5320-4755,
2026,15,産業労働局,09,中小企業支援,地域資源活用製品等の開発･販売促進事業,地域資源活用製品等の開発･販売促進事業事務補助金,"補助金の目的：東京の魅力ある地域資源活用を活用、または東京の都市課題解決につながる中小企業者等による新製品開発・販路開拓等を支援することにより、地域産業の活性化に寄与すること
補助対象者　：（公財）東京都中小企業振興公社
補助対象経費：地域資源活用製品等の開発･販売促進事業の事務に必要な経費
負担割合　　：都が全額負担",3,政策連携団体,"77,754 ",産業労働局商工部地域産業振興課,03-5320-4755,
2026,15,産業労働局,09,中小企業支援,地域資源活用製品等の開発･販売促進事業,Buy TOKYO推進活動支援事業補助金,"補助金の目的：都内中小企業等が実施する東京都産品の販売やPR活動を支援し、市場への浸透や海外展開を促進させ、東京都産品のブランド力を強化すること
補助対象者　：中小企業者等
補助対象経費：東京都産品の国内外に向けた販売PR等の取組への経費助成
負担割合　　：1/2以内（2年目）",5,民間団体,"84,909 ",産業労働局商工部経営支援課,03-5320-4726,https://buy-tokyo.metro.tokyo.lg.jp/
2026,15,産業労働局,09,中小企業支援,東京都商店街振興組合連合会指導事業,東京都商店街振興組合連合会指導事業費補助金,"補助金の目的：商店街の振興発展を推進し、もって中小小売商業者の経営の安定に寄与すること
補助対象者　：東京都商店街振興組合連合会
補助対象経費：東京都商店街振興組合連合会が行う商店街振興組合及び商店街振興組合連合会の設立・運営等に関する指導並びに商店街活性化のための各種研修及び調査事業等に係る経費
負担割合　　：都が全額負担",5,民間団体,"96,359 ",産業労働局商工部地域産業振興課,03-5320-4787,
2026,15,産業労働局,09,中小企業支援,商店街チャレンジ戦略支援事業,東京都商店街チャレンジ戦略支援事業費補助金,"補助金の目的：広く都内商店街の振興を図り、もって中小商業の経営の安定と発展及び地域経済の活性化に寄与すること
補助対象者　：区市町村
補助対象経費：区市町村がまちづくりの視点から策定した商店街振興プランに基づき、①商店街等が行うイベント事業に必要な経費（150万円以下）、②商店街等が行うイベント事業及び活性化事業に必要な経費（イベント事業：150万円超、小額助成、活性化事業：組織力強化支援事業、キャッシュレス対応事業、多言語対応事業、こども応援事業、小額支援事業以外）、③商店街等が行うイベント事業、活性化事業及び商店街担い手育成支援事業に必要な経費（イベント事業：組織活力向上支援事業、活性化事業：組織力強化支援事業、担い手育成：若手・女性支援事業、女性活躍推進事業、商店街担い手確保支援事業（商店街実施））、④商店街等が行うイベント事業及び活性化事業に必要な経費（イベント事業：こども応援・婚活応援事業、全国連携事業、小額支援事業、活性化事業：小額支援事業）、⑤商店街等が行う活性化事業に必要な経費（多言語対応事業、キャッシュレス対応事業、こども応援事業）、⑥区市町村が行う商店街担い手育成支援事業に必要な経費（商店街担い手確保支援事業（区市町村実施））
負担割合　　：①都1/2、区市町村1/6、事業者1/3、②都1/3、区市町村1/3、事業者1/3、③都7/12、区市町村1/3、事業者1/12、④都5/9、区市町村1/3、事業者1/9、⑤都1/2、区市町村1/3、事業者1/6、⑥都1/2、区市町村1/2",1,区市町村,"1,705,450 ",産業労働局商工部地域産業振興課,03-5320-4787,https://www.sangyo-rodo.metro.tokyo.lg.jp/chushou/shoko/chiiki/jyosei/
2026,15,産業労働局,09,中小企業支援,商店街チャレンジ戦略支援事業,東京都商店街地域力向上事業費補助金,"補助金の目的：商店街等自らが住民生活を支えるための活動を行うに際し、区市町村が行う補助事業に対し、必要な補助金を交付することにより、広く地域社会に貢献する都内商店街の振興を図ること
補助対象者　：区市町村
補助対象経費：地域社会の中で商店街が住民生活を支えるための活動を行う際に必要な経費
負担割合　　：都1/3、区市町村1/3、事業者1/3
",1,区市町村,"150,000 ",産業労働局商工部地域産業振興課,03-5320-4787,https://www.sangyo-rodo.metro.tokyo.lg.jp/chushou/shoko/chiiki/jyosei/
2026,15,産業労働局,09,中小企業支援,商店街チャレンジ戦略支援事業,東京都地域連携型商店街事業費補助金,"補助金の目的：商店街等が地域団体等と連携し、地域のニーズに対応して商店街を含め
た地域一帯の賑わいを創出することで、商店街の地域での役割を高め、地域の活性化を図ること
補助対象者　：区市町村
補助対象経費：イベント事業及び活性化事業に対して必要な経費
負担割合　　：新規事業　都2/5、区市町村2/5、事業者1/5
　　　　　　　　　継続事業　都1/3、区市町村1/3、事業者1/3",1,区市町村,"90,000 ",産業労働局商工部地域産業振興課,03-5320-4787,https://www.sangyo-rodo.metro.tokyo.lg.jp/chushou/shoko/chiiki/jyosei/
2026,15,産業労働局,09,中小企業支援,商店街チャレンジ戦略支援事業,東京都政策課題対応型商店街事業費補助金,"補助金の目的：行政施策の推進と都内商店街の振興及び地域経済の活性化に寄与すること
補助対象者　：商店街　等
補助対象経費：東京都が直面する行政課題の解決につながる商店街等の施設整備や買物弱者の利便を図る取組に係る経費
負担割合　　：都4/5、事業者1/5（環境、買物弱者支援事業は都9/10、事業者1/10）",5,民間団体,"751,986 ",産業労働局商工部地域産業振興課,03-5320-4787,https://www.sangyo-rodo.metro.tokyo.lg.jp/chushou/shoko/chiiki/jyosei/
2026,15,産業労働局,09,中小企業支援,商店街チャレンジ戦略支援事業,東京都商店街防災力向上緊急支援事業費補助金,"補助金の目的：地域コミュニティの核でもある商店街の防災力を向上させることで、地域住民や買い物客が安心して利用できる場を提供し、地域の活性化に寄与すること
補助対象者　：商店街
補助対象経費：都内の商店街が、首都直下地震等の大規模な災害が発生した際に備えて、防災力の向上に取り組む経費
　　　　　　　<申請要件>①、②ともに満たすこと
　　　　　　　①年１回の防災意識を高める取組の実施予定日を申請書に明記
　　　　　　　②災害が起きた際のルール、マニュアルの具備
負担割合　　：都10/10",5,民間団体,"117,000 ",産業労働局商工部地域産業振興課,03-5320-4787,https://www.sangyo-rodo.metro.tokyo.lg.jp/chushou/shoko/chiiki/jyosei/
2026,15,産業労働局,09,中小企業支援,商店街チャレンジ戦略支援事業,東京都広域支援型商店街事業費補助金,"補助金の目的：広く都内商店街の振興を図り、もって中小商業の経営の安定と発展及び地域経済の活性化に寄与すること
補助対象者　：東京都商店街振興組合連合会
補助対象経費：①商店街等が行う都内全域又は都内二以上の区市町村の区域にまたがる広域的な商店街振興事業に係る経費、②必要な事務に係る経費
負担割合　　：①都2/3、事業者1/3、②都が全額負担",5,民間団体,"207,062 ",産業労働局商工部地域産業振興課,03-5320-4787,https://www.sangyo-rodo.metro.tokyo.lg.jp/chushou/shoko/chiiki/jyosei/
2026,15,産業労働局,09,中小企業支援,商店街チャレンジ戦略支援事業,商店街起業・承継支援事業等補助金,"補助金の目的：商店街での開業等を希望する者に対し開業等時の資金面での支援を行うと共に、若手又は女性の開業希望者に対し、販売機会の提供等や開業時の資金面での支援を行うことにより、商店街の活性化を促進させ、都内の商店街の振興に寄与すること
補助対象者　：（公財）東京都中小企業振興公社
補助対象経費：商店街起業・承継支援事業及び若手・女性リーダー応援プログラムに必要な事務に係る経費
負担割合　　：都が全額負担",3,政策連携団体,"205,135 ",産業労働局商工部地域産業振興課,03-5320-4787,https://www.sangyo-rodo.metro.tokyo.lg.jp/chushou/shoko/chiiki/jyosei/
2026,15,産業労働局,09,中小企業支援,商店街チャレンジ戦略支援事業,東京都未来を創る商店街支援事業費補助金,"補助金の目的：将来の商店街の道標となる商店街を創出し、都内商店街の振興及び地域経済の活性化に寄与すること
補助対象者　：区市町村
補助対象経費：時代の流れに対応した新たな商店街づくりの実現のために実施する取組に必要な経費
負担割合　　：都 1/2 、 区市町村 1/3、事業者1/6",1,区市町村,"69,000 ",産業労働局商工部地域産業振興課,03-5320-4787,https://www.sangyo-rodo.metro.tokyo.lg.jp/chushou/shoko/chiiki/jyosei/
2026,15,産業労働局,09,中小企業支援,商店街チャレンジ戦略支援事業,東京都未来商店街活力向上支援事業費補助金,"補助金の目的：商店街の基盤づくりをサポートし、都内商店街の振興及び地域経済の活性化に寄与すること
補助対象者　：区市町村
補助対象経費：新たな商店街づくりや地域ブランド力の向上に取り組む商店街の基盤づくり実現のために実施する取組に必要な経費
負担割合　　：都 1/2 、 区市町村 1/3、事業者1/6（ブランド化調査・実行支援は、都6/10、区市町村3/10、事業者1/10）",1,区市町村,"173,818 ",産業労働局商工部地域産業振興課,03-5320-4787,https://www.sangyo-rodo.metro.tokyo.lg.jp/chushou/shoko/chiiki/jyosei/
2026,15,産業労働局,09,中小企業支援,商店街チャレンジ戦略支援事業,東京都商店街戦略的リノベーション支援事業費補助金,"補助金の目的：商店街の方針に基づいて戦略的に街並みのリノベーションを促進し、来街者の増加、商店街の収益力向上を図ること
補助対象者　：区市町村
補助対象経費：ファサードなどの計画策定から整備までに必要な経費
負担割合　　：（調査・計画）都 3/4 、 区市町村 1/6、事業者1/12、（実行支援）都 1/2 、 区市町村 1/3、事業者1/6
　　　　　　　　",1,区市町村,"144,652 ",産業労働局商工部地域産業振興課,03-5320-4787,https://www.sangyo-rodo.metro.tokyo.lg.jp/chushou/shoko/chiiki/jyosei/
2026,15,産業労働局,09,中小企業支援,商店街ステップアップ応援事業,東京都商店街ステップアップ応援事業費（都振連専門家派遣事業）補助金,"補助金の目的：商店街等の計画的な取組を促進するとともに、商店街等の自主的かつ継続的な取組を後押しし、商店街の持続的な発展につなげていくこと
補助対象者　：東京都商店街振興組合連合会
補助対象経費：商店街の活性化を図る新たな取組にチャレンジしようとする都内商店街等への専門家派遣に係る費用
負担割合　　：都が全額負担",5,民間団体,"69,322 ",産業労働局商工部地域産業振興課,03-5320-4787,https://www.sangyo-rodo.metro.tokyo.lg.jp/chushou/shoko/chiiki/jyosei/
2026,15,産業労働局,09,中小企業支援,商店街ステップアップ応援事業,商店街ステップアップ応援事業費（区市町村専門家派遣事業等）,"補助金の目的：商店街等の主体的で創意工夫ある取組を促進し、持続的な発展を図ること
補助対象者　：区市町村
補助対象経費：区市町村が行う専門家派遣事業等に要する経費（①専門家派遣、②巡回相談）及び③専門家派遣事業等を活用した商店街等が行う調査及び計画策定事業に係る経費
負担割合　　：①都 1/2 、 区市町村 1/2、②都が全額負担、③都 2/5 、 区市町村 2/5、事業者1/5",1,区市町村,"130,000 ",産業労働局商工部地域産業振興課,03-5320-4787,https://www.sangyo-rodo.metro.tokyo.lg.jp/chushou/shoko/chiiki/jyosei/
2026,15,産業労働局,09,中小企業支援,東京都スマート商店街推進事業,東京都商店街デジタル化推進事業費補助金,"補助金の目的：商店街のデジタル化を促進し、都内商店街の振興及び地域経済の活性化に寄与すること
補助対象者　：商店街等
補助対象経費：デジタル化に係るコーディネート費用、キャッシュレス機器の導入経費、アプリ開発費用等
負担割合　　：都 9/10 、事業者1/10",5,民間団体,"347,868 ",産業労働局商工部地域産業振興課,03-5320-4787,https://www.sangyo-rodo.metro.tokyo.lg.jp/chushou/shoko/chiiki/miryoku/digital/index.html
2026,15,産業労働局,09,中小企業支援,東京都スマート商店街推進事業,東京都商店街無電柱化推進事業費補助金,"補助金の目的：商店街の無電柱化に伴う地上設備の景観向上を図り、都内商店街の振興及び地域経済の活性化に寄与すること
補助対象者　：区市町村
補助対象経費：商店街の無電柱化に伴う地上設備のラッピング等、景観向上を図る事業に係る経費
負担割合　　：都 4/5 、区市町村1/5",1,区市町村,"10,000 ",産業労働局商工部地域産業振興課,03-5320-4787,https://www.sangyo-rodo.metro.tokyo.lg.jp/chushou/shoko/chiiki/miryoku/mudentyuu/index.html
2026,15,産業労働局,09,中小企業支援,総合支援事業,総合支援事業補助金,"補助金の目的：創業や経営革新等を支援して東京都の産業の振興・発展に寄与すること
補助対象者　：公益財団法人東京都中小企業振興公社
補助対象経費：総合支援事業実施に必要かつ適当と認めるもの
負担割合　　：10/10以内",3,政策連携団体,"216,805 ",産業労働局商工部経営支援課,03-5320-4772,https://www.tokyo-kosha.or.jp/support/shien/index.html
2026,15,産業労働局,09,中小企業支援,カスタマーハラスメント対策に向けた経営支援事業,カスタマーハラスメント対策に向けた経営支援事業補助金,"補助金の目的：中小企業者がおこなうカスタマーハラスメント対策に係る体制整備等を支援すること
補助対象者　：（公財）東京都中小企業振興公社
補助対象経費：カスタマーハラスメント対策に向けた経営支援事業に要する経費
負担割合　　：10/10以内",3,政策連携団体,"31,366 ",産業労働局商工部経営支援課,03-5320-4665,https://www.tokyo-kosha.or.jp/support/shitauke/customerharassment/specialist.html
2026,15,産業労働局,09,中小企業支援,中小企業支援システムの管理運営,東京都中小企業支援システム管理運営費補助金,"補助金の目的：（公財）東京都中小企業振興公社が、中小企業支援システムを運営し、中小企業への情報提供の効率化と中小企業の情報収集における利便性の向上を図ること
補助対象者　：（公財）東京都中小企業振興公社
補助対象経費：中小企業支援システムの管理運営に必要な経費
負担割合　　：都10/10",3,政策連携団体,"738,931 ",産業労働局商工部調整課,03-5320-4754,https://www.tokyo-kosha.or.jp/
2026,15,産業労働局,09,中小企業支援,中小企業振興公社の管理運営,東京都中小企業振興公社管理運営費補助金,"補助金の目的：中小企業振興事業の執行体制の基盤強化を図り、円滑な執行及び効率的な運営を実現し、もって地域経済の健全な発展に寄与すること
補助対象者　：（公財）東京都中小企業振興公社
補助対象経費：（公財）東京都中小企業振興公社が行う中小企業振興事業の管理運営に必要な経費
負担割合　　：都10/10",3,政策連携団体,"4,541,512 ",産業労働局商工部調整課,03-5320-4754,https://www.tokyo-kosha.or.jp/
2026,15,産業労働局,09,中小企業支援,航空宇宙産業への参入支援事業,航空宇宙産業への参入支援事業事務費補助金,"補助金の目的：航空宇宙産業への参入支援事業の効率的かつ効果的な実施
補助対象者　：政策連携団体
補助対象経費：航空宇宙産業への参入支援事業の事務に必要な経費
負担割合　　：都1／1",3,政策連携団体,"45,850 ",産業労働局商工部創業支援課,03-5320-4762,https://www.tokyo-kosha.or.jp/support/shien/kouku_uchu/index.html
2026,15,産業労働局,09,中小企業支援,医療機器産業への参入支援,医療機器産業参入促進助成事業事務費補助金,"補助金の目的：医療機器産業参入促進助成事業の効率的かつ効果的な実施
補助対象者　：政策連携団体
補助対象経費：医療機器産業参入促進助成事業の事務に必要な経費
負担割合　　：都1／1",3,政策連携団体,"27,222 ",産業労働局商工部創業支援課,03-5320-4693,https://www.tokyo-kosha.or.jp/support/josei/medical/index.html
2026,15,産業労働局,09,中小企業支援,医療機器産業への参入支援,先端医療機器アクセラレーションプロジェクト補助金,"補助金の目的：先端医療機器分野において、中小企業者等の開発・事業化を支援するため
補助対象者　：中小企業等
補助対象経費：先端医療機器アクセラレーションプロジェクトの補助事業に要する経費
負担割合　　：都2／3、事業者1／3",5,民間団体,"400,000 ",産業労働局商工部創業支援課,03-5320-4693,https://amdap.metro.tokyo.lg.jp/
2026,15,産業労働局,09,中小企業支援,アニメーション海外展開ステップアッププログラム事業,アニメーション海外展開ステップアッププログラム補助金,"東京アニメピッチグランプリ入賞者に対し制作費に要する経費を補助。
補助率：1/2
補助限度額：500万円",5,民間団体,"50,000 ",産業労働局商工部経営支援課,03-5320-4798,
2026,15,産業労働局,09,中小企業支援,東京発「クールジャパン」（中小企業等の国際展開）の推進,伝統工芸品の商品開発・普及促進支援事業補助金,"補助金の目的：東京の伝統工芸品産業の活性化に寄与すること
補助対象者　：東京の伝統工芸品事業者
補助対象経費：商品開発プロジェクト及び普及促進プロジェクトに要する経費
負担割合　　：10/10以内",3,政策連携団体,"236,552 ",産業労働局商工部経営支援課,03-5320-4659,
2026,15,産業労働局,09,中小企業支援,中小企業受注拡大プロジェクト,中小企業受注拡大プロジェクト補助金,"補助金の目的：都内中小企業等の新たな受注機会の拡大や販路開拓を支援すること
補助対象者　：公益財団法人東京都中小企業振興公社
補助対象経費：中小企業受注拡大プロジェクトに実施に必要かつ適当と認めるもの
負担割合　　：10/10以内",3,政策連携団体,"682,740 ",産業労働局商工部経営支援課,03-5320-4772,https://www.chancenavi.jp/bcn/
2026,15,産業労働局,09,中小企業支援,地域特性に着目したファッション産業振興,地域特性に着目したファッション産業振興補助金,"補助金の目的：東京のファッションの魅力を発信することにより、ファッション拠点としての東京のプレゼンス確立を図る
補助対象者　：アパレル・ファッションの業界団体、またはその者が参画し中小企業、地域団体等を含む補助事業グループ
補助対象経費：イベント実施に要する経費（広報費、運営委託費、会場賃貸費）
負担割合　　：1/2以内　又は　1/3以内",5,民間団体,"400,000 ",産業労働局商工部経営支援課,03-5320-4714,https://www.sangyo-rodo.metro.tokyo.lg.jp/chushou/shoko/keiei/fashion/chiiki_fashion/
2026,15,産業労働局,09,中小企業支援,中小企業SDGs経営推進事業,中小企業ＳＤＧｓ経営推進事業補助金,"補助金の目的：事業の効率的かつ効果的な実施に寄与すること
補助対象者　：公益財団法人東京都中小企業振興公社
補助対象経費：中小企業SDGs経営推進事業実施に必要かつ適当と認めるもの
負担割合　　：10/10以内",3,政策連携団体,"17,468 ",産業労働局商工部経営支援課,03-5320-4784,https://www.tokyo-kosha.or.jp/support/shien/sdgs/index.html
2026,15,産業労働局,09,中小企業支援,女性活躍推進による経営力向上事業,女性活躍推進による経営力向上事業補助金,"補助金の目的：都内中小企業に対し、女性等の多様な視点を活かす後押しを行い、経営力向上を支援していくこと
補助対象者　：公益財団法人東京都中小企業振興公社
補助対象経費：女性活躍推進による経営力向上事業実施に必要かつ適当と認めるもの
負担割合　　：10/10以内",3,政策連携団体,"102,389 ",産業労働局商工部経営支援課,03-5320-4784,
2026,15,産業労働局,09,中小企業支援,伝統工芸品の体験型ビジネス構築支援事業,伝統工芸品の体験型ビジネス構築支援事業補助金,"補助金の目的：製作体験を核とした誘客、事業化、顧客開拓までをパッケージ化した新たなビジネスモデル構築の支援を実施すること
補助対象者　：公益財団法人東京都中小企業振興公社
補助対象経費：伝統工芸品の体験型ビジネス構築支援事業実施に必要かつ適当と認めるもの
負担割合　　：10/10以内",3,政策連携団体,"52,095 ",産業労働局商工部経営支援課,03-5320-4659,
2026,15,産業労働局,09,中小企業支援,地域特産品開発支援事業,地域特産品開発支援事業費補助金,"補助金の目的：東京ならではの魅力ある特産品（加工食品）の開発を支援
補助対象者　：中小企業、一般社団法人、一般財団法人、ＮＰＯ法人、農業協同組合、漁業組合等
補助対象経費：特産品の開発・改良に要する経費（ＰＲ・販路開拓経費を含む）
負担割合　　：都1/2、事業者1/2",5,民間団体,"4,500 ",産業労働局商工部経営支援課,03-5320-4778,https://www.sangyo-rodo.metro.tokyo.lg.jp/chushou/shoko/keiei/tokusan/kaihatu/index.html
2026,15,産業労働局,09,中小企業支援,ゼロエミッション実現に向けた経営推進支援事業,ゼロエミッション実現に向けた経営推進支援事業補助金,"補助金の目的：企業の脱炭素を踏まえた経営を推進し、都内中小企業の持続的な成長を図ること
補助対象者　：公益財団法人東京都中小企業振興公社
補助対象経費：ゼロエミッション実現に向けた経営推進支援事業実施に必要かつ適当と認めるもの
負担割合　　：10/10以内",3,政策連携団体,"206,104 ",産業労働局商工部経営支援課,03-5320-4726,https://www.tokyo-kosha.or.jp/support/shien/zeroemi/
2026,15,産業労働局,09,中小企業支援,ゼロエミッション推進に向けた事業転換支援事業,ゼロエミッション推進に向けた事業転換支援事業補助金,"補助金の目的：ゼロエミッション推進に向けた事業転換支援事業の実施
補助対象者　：（公財）東京都中小企業振興公社
補助対象経費：ゼロエミッション推進に向けた事業転換支援事業の事務に必要な経費
負担割合　　：都10/10",3,政策連携団体,"65,943 ","①製品開発支援：産業労働局商工部創業支援課
②販路拡大支援：産業労働局商工部経営支援課","①03-5320-7589
②03-5320-4726","①https://www.tokyo-kosha.or.jp/support/josei/jigyo/zeroemi_kaihatsu.html
②https://www.tokyo-kosha.or.jp/support/josei/jigyo/zeroemi_hanro.html"
2026,15,産業労働局,09,中小企業支援,中小企業の経営安定化に向けたエネルギー自給促進事業,中小企業の経営安定化に向けたエネルギー自給促進事業補助金,"補助金の目的：都内中小企業が、自ら使用する電気を自ら安定的に供給することができるよう支援すること
補助対象者　：（公財）東京都中小企業振興公社
補助対象経費：中小企業の経営安定化に向けたエネルギー自給促進事業に必要な経費
負担割合　　：10/10以内",3,政策連携団体,"9,501 ",産業労働局商工部経営支援課,03-5320-4726,https://www.tokyo-kosha.or.jp/support/josei/jigyo/energy_jikyu.html
2026,15,産業労働局,09,中小企業支援,オフィスビル等のエネルギー効率化による経営安定事業,オフィスビル等のエネルギー効率化による経営安定事業補助金,"補助金の目的：オフィスビル等の所有者がオフィスビルの省エネ化、創エネ化を推進すること
補助対象者　：（公財）東京都中小企業振興公社
補助対象経費：オフィスビル等のエネルギー効率化による経営安定事業に必要な経費
負担割合　　：10/10以内",3,政策連携団体,"5,215 ",産業労働局商工部経営支援課,03-5320-4726,https://www.tokyo-kosha.or.jp/support/josei/jigyo/building_energy.html
2026,15,産業労働局,09,中小企業支援,デジタル技術を活用した産業マーケティング事業,中小企業webアンケート調査事業費補助金,"補助金の目的：（公財）東京都中小企業振興公社と連携し、中小企業のニーズや経営状況等を把握し、中小企業支援策の検討等に活用すること
補助対象者　：（公財）東京都中小企業振興公社
補助対象経費：デジタル技術を活用した産業マーケティング事業に要する経費
負担割合　　：10/10以内",3,政策連携団体,"8,932 ",産業労働局商工部調整課,03-5320-4754,https://www.tokyo-kosha.or.jp/
2026,15,産業労働局,09,中小企業支援,新たな事業環境に即応した経営展開サポート事業,新たな事業環境に即応した経営展開サポート事業補助金,"補助金の目的：中小企業の創意工夫を活かして、既存事業を深化・発展させる計画を作成した場合に、経費の一部を助成し、専門家による運用改善などのアドバイスを実施すること
補助対象者　：（公財）東京都中小企業振興公社
補助対象経費：新たな事業環境に即応した経営展開サポート事業に要する経費
負担割合　　：10/10以内",3,政策連携団体,"864,949 ",産業労働局商工部経営支援課,03-5320-4784,https://www.tokyo-kosha.or.jp/support/josei/jigyo/kankyo-ippan/index.html
2026,15,産業労働局,09,中小企業支援,経営力強化に向けた創意工夫チャレンジ促進事業,経営力強化に向けた創意工夫チャレンジ促進事業補助金,"補助金の目的：中小企業の創意工夫を活かして、設備投資等による経営基盤の強靭化や新事業展開による経営の多角化・多重化させる計画を作成した場合に、経費の一部を助成し、専門家による運用改善などのアドバイスを実施すること
補助対象者　：（公財）東京都中小企業振興公社
補助対象経費：経営力強化に向けた創意工夫チャレンジ促進事業に要する経費
負担割合　　：10/10以内",3,政策連携団体,"1,860,809 ",産業労働局商工部経営支援課,03-5320-4784,
2026,15,産業労働局,09,中小企業支援,(地独)東京都立産業技術研究センター運営費交付金,地方独立行政法人東京都産業技術研究センター運営費交付金,"補助金の目的：地方独立行政法人における通常の運営事業・特定目的の事業の財源に充てるため
補助対象者　：（地独）東京都立産業技術研究センター
補助対象経費：法人運営事業等の経費
負担割合　　：都10/10",7,その他団体,"8,440,498 ",産業労働局商工部創業支援課,03-5320-4764,
2026,15,産業労働局,09,中小企業支援,"(地独)東京都立産業技術研究センター
施設整備費補助金",地方独立行政法人東京都立産業技術研究センター施設整備費補助金,"補助金の目的：地方独立行政法人の施設・設備の整備に要する経費の財源に充てるため
補助対象者　：（地独）東京都立産業技術研究センター
補助対象経費：施設整備費、災害復旧費
負担割合　　：都10/10",7,その他団体,"5,000 ",産業労働局商工部創業支援課,03-5320-4764,
2026,15,産業労働局,09,中小企業支援,保証債務履行損失補助,東京都中小企業制度融資保証債務履行補助金,"補助金の目的：中小企業金融の円滑化
補助対象者　：東京信用保証協会
補助対象経費：東京信用保証協会が行う保証債務履行に伴う損失（日本政策金融公庫の保険部分を除く）
負担割合　　：都1/2～10/10",5,民間団体,"8,618,000 ",産業労働局金融部金融課,03-5000-7712,https://www.sangyo-rodo.metro.tokyo.lg.jp/chushou/kinyu/yuushi/yuushi/
2026,15,産業労働局,09,中小企業支援,制度融資信用保証料補助,東京都中小企業制度融資に係る信用保証に要する信用保証料負担金,"補助金の目的：中小企業者の資金調達に係る費用負担の軽減
補助対象者　：東京信用保証協会
補助対象経費：制度融資に係る信用保証料相当額
負担割合　　：都1/2～10/10",5,民間団体,"25,736,772 ",産業労働局金融部金融課,03-5000-7711,https://www.sangyo-rodo.metro.tokyo.lg.jp/chushou/kinyu/yuushi/yuushi/
2026,15,産業労働局,09,中小企業支援,地域の金融機関と連携した新たな金融支援策,東京都と地域の金融機関とが連携して実施する融資制度に係る損失補助金,"補助金の目的：都内中小企業の資金需要に対する地域の金融機関による融資の促進
補助対象者　：取扱金融機関又は保証機関
補助対象経費：借受者の債務不履行に伴い金融機関又は保証機関が被る損失のうち回収不能額
負担割合　　：都4/5",5,民間団体,"1,743,993 ",産業労働局金融部金融課,03-5000-7715,https://www.sangyo-rodo.metro.tokyo.lg.jp/chushou/kinyu/yuushi/shinhosyou/
2026,15,産業労働局,09,中小企業支援,災害復旧資金融資等利子補給,東京都中小企業制度融資災害復旧資金融資に係る利子補給　（大島台風災害）,"補助金の目的：災害復旧資金融資（大島台風災害）の利用者の支払利息負担の軽減
補助対象者　：東京都中小企業制度融資取扱指定金融機関
補助対象経費：災害復旧資金融資（大島台風災害）の支払利息相当額
負担割合　　：都2/3 ～ 12/17",5,民間団体,396 ,産業労働局金融部金融課,03-5000-7711,https://www.sangyo-rodo.metro.tokyo.lg.jp/chushou/kinyu/yuushi/yuushi/youkou/
2026,15,産業労働局,09,中小企業支援,災害復旧資金融資等利子補給,東京都中小企業制度融資災害復旧資金融資に係る利子補給　（令和元年度台風15号）,"補助金の目的：災害復旧資金融資（令和元年度台風15号）の利用者の支払利息負担の軽減
補助対象者　：東京都中小企業制度融資取扱指定金融機関
補助対象経費：災害復旧資金融資（令和元年度台風15号）の支払利息相当額
負担割合　　：都2/3 ～ 12/17",5,民間団体,"1,166 ",産業労働局金融部金融課,03-5000-7711,https://www.sangyo-rodo.metro.tokyo.lg.jp/chushou/kinyu/yuushi/yuushi/youkou/
2026,15,産業労働局,09,中小企業支援,災害復旧資金融資等利子補給,東京都中小企業制度融資災害復旧資金融資に係る利子補給　（令和元年度台風19号及び21号）,"補助金の目的：災害復旧資金融資（令和元年度台風19号及び21号）の利用者の支払利息負担の軽減
補助対象者　：東京都中小企業制度融資取扱指定金融機関
補助対象経費：災害復旧資金融資（令和元年度台風19号及び21号）の支払利息相当額
負担割合　　：都2/3 ～ 12/17",5,民間団体,"3,961 ",産業労働局金融部金融課,03-5000-7711,https://www.sangyo-rodo.metro.tokyo.lg.jp/chushou/kinyu/yuushi/yuushi/youkou/
2026,15,産業労働局,09,中小企業支援,災害復旧資金融資等利子補給,東京都中小企業制度融資災害復旧資金融資に係る利子補給　(令和７年度台風22号及び23号),"補助金の目的：災害復旧資金融資（令和7年度台風22号、23号）の利用者の支払利息負担の軽減
補助対象者　：東京都中小企業制度融資取扱指定金融機関
補助対象経費：災害復旧資金融資（令和7年度台風22号、23号）の支払利息相当額
負担割合　　：都2/3 ～ 7/10",5,民間団体,"31,936 ",産業労働局金融部金融課,03-5000-7711,https://www.sangyo-rodo.metro.tokyo.lg.jp/chushou/kinyu/yuushi/yuushi/youkou/
2026,15,産業労働局,09,中小企業支援,東京都動産・債権担保融資（ＡＢＬ）制度,東京都動産・債権担保融資（ＡＢＬ）制度に係る損失補助金,"補助金の目的：中小企業の資金調達の円滑化・多様化
補助対象者　：金融機関・保証機関
補助対象経費：補助事業者が、担保物件の処分等を行っても回収できない損失
負担割合　　：都 8/10",5,民間団体,"432,676 ",産業労働局金融部金融課,03-5000-7712,https://www.sangyo-rodo.metro.tokyo.lg.jp/chushou/kinyu/yuushi/abl/
2026,15,産業労働局,09,中小企業支援,東京都動産・債権担保融資（ＡＢＬ）制度,東京都動産・債権担保融資（ＡＢＬ）制度における担保評価費用等負担金,"補助金の目的：中小企業の資金調達の円滑化・多様化
補助対象者　：金融機関・保証機関
補助対象経費：借受者が関係機関に支払うべき担保評価費用、保険料、信用保証料
負担割合　　：都1/2～10/10",5,民間団体,"467,727 ",産業労働局金融部金融課,03-5000-7712,https://www.sangyo-rodo.metro.tokyo.lg.jp/chushou/kinyu/yuushi/abl/
2026,15,産業労働局,09,中小企業支援,女性・若者・シニア創業サポート事業,女性・若者・シニア創業サポート事業補助金,"補助金の目的：女性・若者・シニアによる地域に根差した創業を支援
補助対象者　： 一般社団法人東京都信用金庫協会、一般社団法人東京都信用組合協会
補助対象経費：経営サポート費用
負担割合　　：都10/10",5,民間団体,"83,502 ",産業労働局金融部金融課,03-5000-7714,
2026,15,産業労働局,09,中小企業支援,女性・若者・シニア創業サポート2.0,女性・若者・シニア創業サポート2.0補助金,"補助金の目的：女性・若者・シニアによる地域に根差した創業を支援
補助対象者　： 一般社団法人東京都信用金庫協会、一般社団法人東京都信用組合協会
補助対象経費：融資原資、経営サポート費用
負担割合　　：都10/10",5,民間団体,"3,580,894 ",産業労働局金融部金融課,03-5000-7714,
2026,15,産業労働局,09,中小企業支援,外国人起業家の資金調達支援,外国人起業家の資金調達支援事業補助金,"補助金の目的：外国人起業家が東京で起業しやすい環境の整備
補助対象者　：統括支援機関
補助対象経費：経営支援に要する経費
負担割合　　：都10/10",5,民間団体,"4,678 ",産業労働局金融部金融課,03-5000-7714,
2026,15,産業労働局,09,中小企業支援,金融機関と連携した事業承継支援,東京都と金融機関とが連携して実施する事業承継支援事業補助金,"補助金の目的：事業承継計画の策定から実行までのサポート
補助対象者　：統括支援機関
補助対象経費：経営支援に要する経費
負担割合　　：都10/10",5,民間団体,"2,442 ",産業労働局金融部金融課,03-5000-7714,
2026,15,産業労働局,09,中小企業支援,地域金融機関による事業承継ネットワーク構築支援事業,地域金融機関による事業承継ネットワーク構築支援事業補助金,"補助金の目的：事業承継に係る啓発から計画の策定、資金供給、後継者不在先の第三者承継の取組などを支援
補助対象者　：一般社団法人東京都信用金庫協会、一般社団法人東京都信用組合協会
補助対象経費：専門家活用に係る費用、奨励金の交付等
負担割合　　：都2/3～10/10",5,民間団体,"854,471 ",産業労働局金融部金融課,03-5000-7714,https://shoukei-tokyo.jp
2026,15,産業労働局,09,中小企業支援,クラウドファンディング（購入寄付型・株式型）を活用した資金調達支援事業,クラウドファンディング（購入寄付型・株式型）を活用した資金調達支援補助金,"補助金の目的：ベンチャー企業や中小企業者等による、新しいビジネスへの挑戦を促進するため、クラウドファンディング（購入寄付型・株式型）の利用手数料の助成やセミナーの開催を通じ、資金調達を支援。また、本事業を通じてクラウドファンディングの普及を図る。
補助対象者　：公募により選定された民間事業者
補助対象経費：①取扱クラウドファンディング事業者のサービスを活用する際に支払う利用手数料等、②補助事業として実施するための必要最小限の経費等
負担割合　　：①都1/2、都2/3、②都10/10",5,民間団体,"481,854 ",産業労働局金融部金融課,03-5000-7716,
2026,15,産業労働局,09,中小企業支援,私募債（政策課題対応）,私募債（政策課題対応）補助金,"補助金の目的：私募債を活用した社会課題の解決の促進
補助対象者　：中小企業等
補助対象経費：私募債発行時に中小企業が負担する手数料（事業承継支援・脱炭素支援）、私募債発行時に中小企業が負担する手数料および外部評価費用（女性活躍支援）
負担割合　　：都1/2（脱炭素支援）、2/3（事業承継支援・女性活躍支援）",5,民間団体,"117,000 ",産業労働局金融部金融課,03-5000-7712,https://www.sangyo-rodo.metro.tokyo.lg.jp/chushou/kinyu/shibosai
2026,15,産業労働局,09,中小企業支援,地域金融機関による脱炭素化支援事業,地域金融機関による脱炭素化支援事業補助金,"補助金の目的：脱炭素化に係る啓発から、計画の策定、資金供給までの支援
補助対象者　：一般社団法人東京都信用金庫協会、一般社団法人東京都信用組合協会
補助対象経費：専門家活用に係る費用等
負担割合　　：都10/10",5,民間団体,"167,925 ",産業労働局金融部金融課,03-5320-5797,https://www.sangyo-rodo.metro.tokyo.lg.jp/chushou/kinyu/yuushi/datsutanso
2026,15,産業労働局,09,中小企業支援,金融・経営一体型支援事業,金融・経営一体型支援事業補助金,"補助金の目的：資金繰りや経営改善など様々な経営課題を抱える中小企業が、金融機関や経営支援機関による支援を適切に受けることができるよう後押し
補助対象者　： 一般社団法人東京都信用金庫協会、一般社団法人東京都信用組合協会
補助対象経費：コーディネーター報酬、委託料、一般需用費等
負担割合　　：都10/10",5,民間団体,"79,488 ",産業労働局金融部金融課,03-5000-7711,
2026,15,産業労働局,16,国際金融都市、特区・外国企業誘致,金融機関等と連携した海外企業誘致促進事業,金融機関等と連携した海外企業誘致促進事業補助金,"補助金の目的：都への進出意向がある海外企業の事業を都が認定し、都への進出費用等をサポート
補助対象者　：都への進出意向がある海外企業
補助対象経費：専門家相談料、法人設立費、オフィス等賃借料など
負担割合　　：都2/3、事業者1/3",5,民間団体,"700,000 ",産業労働局産業・エネルギー政策部計画課,03-5000-7722,
2026,15,産業労働局,16,国際金融都市、特区・外国企業誘致,金融機関等と連携した海外企業誘致促進事業,都内企業との取引拡大支援,"補助金の目的：都内企業とのマッチングに伴う展示会出展経費を補助
補助対象者　：金融機関等と連携した海外企業誘致促進事業により都内進出した企業
補助対象経費：出展小間料、資材費、機材費　等
負担割合　　：都2/3、事業者1/3",5,民間団体,"30,800 ",産業労働局産業・エネルギー政策部計画課,03-5000-7722,
2026,15,産業労働局,16,国際金融都市、特区・外国企業誘致,GX 関連企業誘致促進事業,GX 関連企業誘致促進事業補助金,"補助金の目的：GX 関連外国企業の都内への拠点設立を促進
補助対象者　：GX関連外国企業
補助対象経費：人件費、人材採用経費、オフィス賃料、器具備品購入費、専門機関コンサルティング経費
負担割合　　：初年度　都10/10
　　　　　　　　　２年目　都2/3、事業者1/3
　　　　　　　　　３年目　都1/2、事業者1/2",5,民間団体,"225,890 ",産業労働局産業・エネルギー政策部計画課,03-5000-7722,
2026,15,産業労働局,09,中小企業支援,ＣＶＣと連携した中小企業・スタートアップの成長促進支援事業,ＣＶＣによる中小企業・スタートアップへの投資環境整備補助金,"補助金の目的：投資資金以外の投資活動に必要なＰｏC経費を補助し、中小・ＳＵへの投資に結びつけるための取組を支援
①マッチング連動型
補助対象者　：マッチング支援で選定したCVC
補助対象経費：概念実証（ＰｏＣ）委託料（マッチングした中小ＳＵに委託するもの）
負担割合　　：都1/2、事業者1/2
②単独型
補助対象者　：①以外のCVC
補助対象経費：概念実証（ＰｏＣ）委託料（ＳＵに委託するもの）
負担割合　　：都1/2、事業者1/2",5,民間団体,"280,000 ",産業労働局産業・エネルギー政策部計画課,03-5000-7724,
2026,15,産業労働局,09,中小企業支援,大企業等の保有資産を活用したオープンイノベーション促進事業,設備利用料等補助金,"補助金の目的：中小・ＳＵとの協業を見据え、設備提供の意向がある大企業等を公募し、利用を希望するＳＵ等を支援
補助対象者　：中小企業、スタートアップ
補助対象経費：設備利用料等
負担割合　　：都10/10",5,民間団体,"50,000 ",産業労働局産業・エネルギー政策部計画課,03-5000-7724,
2026,15,産業労働局,13,環境,グリーン製品市場の創出に向けたサプライチェーンにおける脱炭素化支援事業,グリーン製品市場の創出に向けたサプライチェーンにおける脱炭素化支援事業事務費補助金,"補助金の目的：グリーン製品市場の創出に向けたサプライチェーンにおける脱炭素化支援事業
補助対象者　：（公財）東京都環境公社
補助対象経費：事務費等
負担割合　　：都10/10",3,政策連携団体,"20,048 ",産業労働局産業・エネルギー政策部計画課,03-5000-7721,
2026,15,産業労働局,13,環境,中小企業のサプライチェーンにおける脱炭素化促進支援事業,中小企業のサプライチェーンにおける脱炭素化促進支援事業事務費補助金,"補助金の目的：中小企業のサプライチェーンにおける脱炭素化促進支援事業の事務に必要な経費を補助
補助対象者　：（公財）東京都中小企業振興公社
補助対象経費：事務費等
負担割合　　：都10/10",3,政策連携団体,"31,346 ",産業労働局産業・エネルギー政策部計画課,03-5000-7721,
2026,15,産業労働局,13,環境,企業の脱炭素経営に向けた計画策定支援事業,企業の脱炭素経営に向けた計画策定支援事業事務費補助金,"補助金の目的：企業の脱炭素経営に向けた計画策定支援事業事業
補助対象者　：（公財）東京都環境公社
補助対象経費：事務費等
負担割合　　：都10/10",3,政策連携団体,"8,607 ",産業労働局産業・エネルギー政策部計画課,03-5000-7721,
2026,15,産業労働局,13,環境,脱炭素燃料活用における事業化促進支援事業,脱炭素燃料活用における事業化促進支援事業事務費補助金,"補助金の目的：脱炭素燃料活用における事業化促進支援事業の事務に必要な経費を補助
補助対象者　：（公財）東京都環境公社
補助対象経費：事務費等
負担割合　　：都10/10",3,政策連携団体,"13,935 ",産業労働局産業・エネルギー政策部計画課,03-5000-7724,
2026,15,産業労働局,13,環境,企業のScope3（物流分野）対策促進事業,企業のScope3（物流分野）対策促進事業事務費補助金,"補助金の目的：企業のScope3（物流分野）対策促進事業の事務に必要な経費を補助
補助対象者　：（公財）東京都環境公社
補助対象経費：事務費等
負担割合　　：都10/10",3,政策連携団体,"43,864 ",産業労働局産業・エネルギー政策部計画課,03-5000-7721,
2026,15,産業労働局,13,環境,国産SAF利用促進事業,国産SAF利用促進事業事務費補助金,"補助金の目的：国産SAF利用促進事業の事務に必要な経費を補助
補助対象者　：（公財）東京都環境公社
補助対象経費：事務費等
負担割合　　：都10/10",3,政策連携団体,"8,795 ",産業労働局産業・エネルギー政策部計画課,03-5000-7724,
2026,15,産業労働局,13,環境,グローバルサウスのＧＸ促進プロジェクト,グローバルサウスのＧＸ促進プロジェクト事務費補助金,"補助金の目的：グローバルサウスのＧＸ促進プロジェクトの事務に必要な経費を補助
補助対象者　：（公財）東京都環境公社
補助対象経費：事務費等
負担割合　　：都10/10",3,政策連携団体,"342,520 ",産業労働局産業・エネルギー政策部計画課,03-5000-7719,
2026,15,産業労働局,09,中小企業支援,都内産業の活性化に向けた中堅企業の成長促進支援事業,都内産業の活性化に向けた中堅企業の成長促進支援事業補助金,"補助金の目的：都内産業の活性化に向けた中堅企業の成長促進を支援
補助対象者　：中堅企業
補助対象経費：体制構築、プロジェクト推進に係る経費
負担割合　　：都1/3、事業者2/3",5,民間団体,"300,000 ",産業労働局産業・エネルギー政策部計画課,03-5000-7724,
2026,15,産業労働局,13,環境,中小企業等における排出量取引創出に向けた社会実装事業,中小企業等における排出量取引創出のためのモデル事業に係る事務費補助金,"補助金の目的：中小企業等における排出量取引創出のためのモデル事業の事務に必要な経費を補助
補助対象者　：（公財）東京都環境公社
補助対象経費：事務費等
負担割合　　：都10/10",3,政策連携団体,"36,795 ",産業労働局産業・エネルギー政策部計画課,03-5000-7723,
2026,15,産業労働局,13,環境,カーボンクレジット活用促進事業,カーボンクレジット活用促進事業事務費補助金,"補助金の目的：カーボンクレジット活用促進事業事務に必要な経費を補助
補助対象者　：（公財）東京都環境公社
補助対象経費：事務費等
負担割合　　：都10/10",3,政策連携団体,"17,039 ",産業労働局産業・エネルギー政策部計画課,03-5000-7723,
2026,15,産業労働局,13,環境,カーボンクレジット創出支援事業,カーボンクレジット創出支援事業事務費補助金,"カーボンクレジット創出支援事業の事務に必要な経費を補助
補助対象者　：（公財）東京都環境公社
補助対象経費：事務費等
負担割合　　：都10/10",3,政策連携団体,"18,092 ",産業労働局産業・エネルギー政策部計画課,03-5000-7723,
2026,15,産業労働局,13,環境,環境に配慮したマルチエネルギーステーション化に向けた経営力強化・設備導入等支援事業,環境に配慮したマルチエネルギーステーション化に向けた経営力強化・設備導入等支援事業事務費補助金,"補助金の目的：環境に配慮したマルチエネルギーステーション化に向けた経営力強化・設備導入等支援事業の事務に必要な経費を補助
補助対象者　：（公財）東京都中小企業振興公社
補助対象経費：事務費等
負担割合　　：都10/10",3,政策連携団体,"51,045 ",産業労働局産業・エネルギー政策部計画課,03-5000-7721,
2026,15,産業労働局,13,環境,中小規模事業所向け省エネ型換気・空調設備導入支援事業,中小規模事業所向け省エネ型換気・空調設備導入支援事業事務費補助金,"補助金の目的：中小規模事業所向け省エネ型換気・空調設備導入支援事業の事務に必要な経費を補助
補助対象者　：（公財）東京都環境公社
補助対象経費：事務費等
負担割合　　：都10/10",3,政策連携団体,"4,704 ",産業労働局産業・エネルギー政策部事業者エネルギー推進課,03-5000-7988,
2026,15,産業労働局,13,環境,ゼロエミッション化に向けた省エネ設備導入・運用改善支援事業,ゼロエミッション化に向けた省エネ設備導入・運用改善支援事業事務費補助金,"補助金の目的：ゼロエミッション化に向けた省エネ設備導入・運用改善支援事業の事務に必要な経費を補助
補助対象者　：（公財）東京都環境公社
補助対象経費：事務費等
負担割合　　：都10/10",3,政策連携団体,"180,876 ",産業労働局産業・エネルギー政策部事業者エネルギー推進課,03-5000-7988,
2026,15,産業労働局,13,環境,ZEB化・廃熱利用設備導入促進事業,ZEB化・廃熱利用設備導入促進事業事務費補助金,"補助金の目的：ZEB化・廃熱利用設備導入促進事業の事務に必要な経費を補助
補助対象者　：（公財）東京都環境公社
補助対象経費：事務費等
負担割合　　：都10/10",3,政策連携団体,"26,555 ",産業労働局産業・エネルギー政策部事業者エネルギー推進課,03-5000-7988,
2026,15,産業労働局,13,環境,環境に配慮したデータセンター整備促進事業,環境に配慮したデータセンター整備促進事業事務費補助金,"補助金の目的：環境に配慮したデータセンター整備促進事業の事務に必要な経費を補助
補助対象者　：（公財）東京都環境公社
補助対象経費：事務費等
負担割合　　：都10/10",3,政策連携団体,"39,716 ",産業労働局産業・エネルギー政策部事業者エネルギー推進課,03-5000-7988,
2026,15,産業労働局,13,環境,再エネ電源都外調達事業（都外PPA）,再エネ電源都外調達事業（都外PPA）事務費補助金,"補助金の目的：再エネ電源都外調達事業（都外PPA）の事務に必要な経費を補助
補助対象者　：（公財）東京都環境公社
補助対象経費：事務費等
負担割合　　：都10/10",3,政策連携団体,"17,748 ",産業労働局産業・エネルギー政策部事業者エネルギー推進課,03-5000-8001,
2026,15,産業労働局,13,環境,都有施設の再エネ100%化につながる島しょ地域における太陽光発電設備等導入事業,島しょ地域における太陽光発電設備等助成事業事務費補助金,"補助金の目的：島しょ地域における太陽光発電設備等助成事業の事務に必要な経費を補助
補助対象者　：（公財）東京都環境公社
補助対象経費：事務費等
負担割合　　：都10/10",3,政策連携団体,"6,204 ",環境局気候変動対策部地域エネルギー課,03-5000-7512,
2026,15,産業労働局,13,環境,地産地消型再エネ・蓄エネ設備導入促進事業,地産地消型再エネ・蓄エネ設備導入促進事業事務費補助金,"補助金の目的：地産地消型再エネ・蓄エネ設備導入促進事業の事務に必要な経費を補助
補助対象者　：（公財）東京都環境公社
補助対象経費：事務費等
負担割合　　：都10/10",3,政策連携団体,"137,834 ",産業労働局産業・エネルギー政策部事業者エネルギー推進課,03-5000-8001,
2026,15,産業労働局,13,環境,島しょ地域における再エネ導入促進事業,島しょ地域における再エネ導入促進事業事務費補助金,"補助金の目的：島しょ地域における再エネ導入促進事業の事務に必要な経費を補助
補助対象者　：（公財）東京都環境公社
補助対象経費：事務費等
負担割合　　：都10/10",3,政策連携団体,"16,906 ",産業労働局産業・エネルギー政策部事業者エネルギー推進課,03-5000-8002,
2026,15,産業労働局,13,環境,コージェネレーションシステム導入支援事業,コージェネレーションシステム導入支援事業事務費補助金,"補助金の目的：コージェネレーションシステム導入支援事業の事務に必要な経費を補助
補助対象者　：（公財）東京都環境公社
補助対象経費：事務費等
負担割合　　：都10/10",3,政策連携団体,"17,769 ",産業労働局産業・エネルギー政策部事業者エネルギー推進課,03-5000-7987,
2026,15,産業労働局,13,環境,再エネ導入拡大を見据えた系統用大規模蓄電池導入支援事業,再エネ導入拡大を見据えた系統用大規模蓄電池導入支援事業事務費補助金,"補助金の目的：再エネ導入拡大を見据えた系統用大規模蓄電池導入支援事業の事務に必要な経費を補助
補助対象者　：（公財）東京都環境公社
補助対象経費：事務費等
負担割合　　：都10/10",3,政策連携団体,"30,200 ",産業労働局産業・エネルギー政策部事業者エネルギー推進課,03-5000-7987,
2026,15,産業労働局,13,環境,需給最適化に向けたエネルギーマネジメント推進事業,需給最適化に向けたエネルギーマネジメント推進事業事務費補助金,"補助金の目的：需給最適化に向けたエネルギーマネジメント推進事業の事務に必要な経費を補助
補助対象者　：（公財）東京都環境公社
補助対象経費：事務費等
負担割合　　：都10/10",3,政策連携団体,"89,882 ",産業労働局産業・エネルギー政策部事業者エネルギー推進課,03-5000-7987,
2026,15,産業労働局,13,環境,グリーン水素の社会実装化に向けた設備等導入促進事業,グリーン水素の社会実装化に向けた設備等導入促進事業事務費補助金,"補助金の目的：グリーン水素の社会実装化に向けた設備等導入促進事業の事務に必要な経費を補助
補助対象者　：（公財）東京都環境公社
補助対象経費：事務費等
負担割合　　：都10/10",3,政策連携団体,"53,066 ",産業労働局産業・エネルギー政策部新エネルギー推進課,03-5000-7998,
2026,15,産業労働局,13,環境,グリーン水素率先利用事業者認証事業,グリーン水素率先利用事業者認証制度における水素活用奨励金,"補助金の目的：グリーン水素率先利用事業者認証制度における水素活用に係る奨励金を補助
補助対象者　：グリーン水素率先利用事業者の認証を受けた者
補助対象経費：グリーン水素の購入経費等
負担割合　　：1/2から2/3まで（認証区分に応じて設定）",5,民間団体,"5,000 ",産業労働局産業・エネルギー政策部新エネルギー推進課,03-5000-7990,
2026,15,産業労働局,13,環境,新エネルギー推進に係る技術開発支援事業,新エネルギー推進に係る技術開発支援事業事務費補助金,"補助金の目的：新エネルギー推進に係る技術開発支援事業の事務に必要な経費を補助
補助対象者　：（公財）東京都環境公社
補助対象経費：事務費等
負担割合　　：都10/10",3,政策連携団体,"245,195 ",産業労働局産業・エネルギー政策部新エネルギー推進課,03-5000-8010,
2026,15,産業労働局,13,環境,ＺＥＶ普及促進事業,ＺＥＶ普及促進事業事務費補助金,"補助金の目的：ＺＥＶ普及促進事業の事務に必要な経費を補助
補助対象者　：（公財）東京都環境公社
補助対象経費：事務費等
負担割合　　：都10/10",3,政策連携団体,"189,456 ",産業労働局産業・エネルギー政策部新エネルギー推進課及び事業者エネルギー推進課,"03-5000-7986(EV・PHEV)
03-5000-7998(FCV)
03-5000-8003 (電動バイク)",
2026,15,産業労働局,13,環境,燃料電池バス・タクシー導入促進事業,"商用燃料電池車両等導入促進事業に係る事務費補助金
（燃料電池バス・タクシー導入促進事業）","補助金の目的：燃料電池バス・タクシー導入促進事業の事務に必要な経費を補助
補助対象者　：（公財）東京都環境公社
補助対象経費：事務費等
負担割合　　：都10/10",3,政策連携団体,"91,480 ",産業労働局産業・エネルギー政策部新エネルギー推進課,03-5000-8008,
2026,15,産業労働局,13,環境,ＥＶバス・ＥＶトラック導入促進事業,ＥＶバス・ＥＶトラック導入促進事業事務費補助金,"補助金の目的：ＥＶバス・ＥＶトラック導入促進事業の事務に必要な経費を補助
補助対象者　：（公財）東京都環境公社
補助対象経費：事務費等
負担割合　　：都10/10",3,政策連携団体,"24,042 ",産業労働局産業・エネルギー政策部事業者エネルギー推進課,03-5000-7986,
2026,15,産業労働局,13,環境,ＺＥＶ活用による島しょ地域防災力向上事業,ＺＥＶ活用による島しょ地域防災力向上事業事務費補助金,"補助金の目的：ＺＥＶ活用による島しょ地域防災力向上事業の事務に必要な経費を補助
補助対象者　：（公財）東京都環境公社
補助対象経費：事務費等
負担割合　　：都10/10",3,政策連携団体,"8,011 ",産業労働局産業・エネルギー政策部事業者エネルギー推進課,03-5000-8003,
2026,15,産業労働局,13,環境,シェアリング・レンタル用車両ZEV化促進事業,シェアリング・レンタル用車両ZEV化促進事業事務費補助金,"補助金の目的：シェアリング・レンタル用車両ZEV化促進事業の事務に必要な経費を補助
補助対象者　：（公財）東京都環境公社
補助対象経費：事務費等
負担割合　　：都10/10",3,政策連携団体,"21,456 ",産業労働局産業・エネルギー政策部新エネルギー推進課及び事業者エネルギー推進課,"03-5000-7986(EV・PHEV)
03-5000-7998(FCV)
",
2026,15,産業労働局,13,環境,燃料電池等トラック実装支援事業,"商用燃料電池車両等導入促進事業に係る事務費補助金
（燃料電池等トラック実装支援事業）","補助金の目的：燃料電池等トラック実装支援事業の事務に必要な経費を補助
補助対象者　：（公財）東京都環境公社
補助対象経費：事務費等
負担割合　　：都10/10",3,政策連携団体,"57,200 ",産業労働局産業・エネルギー政策部新エネルギー推進課,03-5000-8008,
2026,15,産業労働局,13,環境,燃料電池フォークリフト実装支援事業,"商用燃料電池車両等導入促進事業に係る事務費補助金
（燃料電池フォークリフト実装支援事業）","補助金の目的：燃料電池フォークリフト実装支援事業の事務に必要な経費を補助
補助対象者　：（公財）東京都環境公社
補助対象経費：事務費等
負担割合　　：都10/10",3,政策連携団体,"5,261 ",産業労働局産業・エネルギー政策部新エネルギー推進課,03-5000-8008,
2026,15,産業労働局,13,環境,ＺＥＶごみ収集車実装支援事業,"商用燃料電池車両等導入促進事業に係る事務費補助金
（ＺＥＶごみ収集車実装支援事業）","補助金の目的：ＺＥＶごみ収集車実装支援事業の事務に必要な経費を補助
補助対象者　：（公財）東京都環境公社
補助対象経費：事務費等
負担割合　　：都10/10",3,政策連携団体,"1,778 ",産業労働局産業・エネルギー政策部新エネルギー推進課,03-5000-8008,
2026,15,産業労働局,13,環境,充電設備普及促進事業,充電設備普及促進事業事務費補助金,"補助金の目的：充電設備普及促進事業の事務に必要な経費を補助
補助対象者　：（公財）東京都環境公社
補助対象経費：事務費等
負担割合　　：都10/10",3,政策連携団体,"266,550 ",産業労働局産業・エネルギー政策部事業者エネルギー推進課,03-5000-8004,
2026,15,産業労働局,13,環境,EV バイク普及に向けた環境整備事業,電動バイク普及に向けた環境整備事業（電動バイク充電環境促進事業）に係る事務費補助金,"補助金の目的：電動バイク充電環境促進事業の事務に必要な経費を補助
補助対象者　：（公財）東京都環境公社
補助対象経費：事務費等
負担割合　　：都10/10",3,政策連携団体,"4,171 ",産業労働局産業・エネルギー政策部事業者エネルギー推進課,03-5000-8003,
2026,15,産業労働局,13,環境,水素ステーション設備等導入促進事業,水素ステーション設備等導入促進事業事務費補助金,"補助金の目的：水素ステーション設備等導入促進事業の事務に必要な経費を補助
補助対象者　：（公財）東京都環境公社
補助対象経費：事務費等
負担割合　　：都10/10",3,政策連携団体,"75,603 ",産業労働局産業・エネルギー政策部新エネルギー推進課,03-5000-7997,
2026,15,産業労働局,13,環境,水素ステーションとカーシェア等のパッケージ支援事業,水素ステーションとカーシェア等のパッケージ支援事業事務費補助金,"補助金の目的：水素ステーションとカーシェア等のパッケージ支援事業の事務に必要な経費を補助
補助対象者　：（公財）東京都環境公社
補助対象経費：事務費等
負担割合　　：都10/10",3,政策連携団体,"7,709 ",産業労働局産業・エネルギー政策部新エネルギー推進課,03-5000-7997,
2026,15,産業労働局,10,観光,ウェブサイトによる情報発信,東京都観光情報発信事業補助金（ウェブサイトによる情報発信）,"補助金の目的：国内外からの旅行者の誘致
補助対象者　：東京観光財団
補助対象経費：ウェブサイトによる観光情報発信に要する経費
負担割合　　： 都10/10",3,政策連携団体,"493,998 ",産業労働局観光部受入環境課,03-5320-4802,https://www.tcvb.or.jp/jp/project/yuchi/
2026,15,産業労働局,10,観光,東京都ＭＩＣＥ連携推進協議会の運営,東京都ＭＩＣＥ連携推進協議会の運営事業費補助金,"補助金の目的：東京都ＭＩＣＥ連携推進協議会の運営
補助対象者　：東京観光財団
補助対象経費：東京都ＭＩＣＥ連携推進協議会の運営及びMICEシンポジウム開催に要する経費
負担割合　　：都10/10",3,政策連携団体,"25,218 ",産業労働局観光部企画課,03-5320-4765,https://www.tcvb.or.jp/jp/project/convention/
2026,15,産業労働局,10,観光,MICE情報発信の展開,東京都ＭＩＣＥ情報発信の展開事業費補助金,"補助金の目的：情報発信を通じた都内ＭＩＣＥ誘致の促進
補助対象者　：東京観光財団
補助対象経費：MICE関連事業者等に対するPR活動に要する経費
負担割合　　：都10/10",3,政策連携団体,"493,815 ",産業労働局観光部企画課,03-5320-4765,https://www.tcvb.or.jp/jp/project/convention/
2026,15,産業労働局,10,観光,MICEプロモーション基盤の強化,東京都ＭＩＣＥプロモーション基盤強化事業費補助金,"補助金の目的：都内ＭＩＣＥ誘致促進のためのプロモーション基盤の強化
補助対象者　：東京観光財団
補助対象経費：国際アライアンス組織加盟及び国際団体等への研修・派遣等に要する経費
負担割合　　：　都10/10",3,政策連携団体,"25,432 ",産業労働局観光部企画課,03-5320-4765,https://www.tcvb.or.jp/jp/project/convention/
2026,15,産業労働局,10,観光,国際会議誘致・開催支援事業　,国際会議誘致活動事務費補助金,"補助金の目的：国際会議の誘致活動に要する費用を負担
補助対象者　：東京観光財団
補助対象経費：国内誘致団体に対して行う国際会議誘致の支援に必要な業務に要する経費
負担割合　　：都10/10",3,政策連携団体,"13,733 ",産業労働局観光部企画課,03-5320-4765,https://www.tcvb.or.jp/jp/project/convention/
2026,15,産業労働局,10,観光,報奨旅行等誘致・開催支援事業,東京都報奨旅行等誘致・開催支援事業費補助金,"補助金の目的：報奨旅行等の誘致活動に要する費用等を負担
補助対象者　：東京観光財団
補助対象経費：企業等の報奨・研修旅行の誘致及び開催に要する経費
負担割合　　：　都10/10",3,政策連携団体,"66,720 ",産業労働局観光部企画課,03-5320-4765,https://www.tcvb.or.jp/jp/project/convention/
2026,15,産業労働局,10,観光,島しょ地域におけるMICE誘致促進事業　,島しょ地域におけるＭＩＣＥ開催に向けたプロモーション事業費補助金,"補助金の目的：東京都島しょ地域におけるＭＩＣＥ誘致促進
補助対象者　：東京観光財団
補助対象経費：MICE関連事業者等に対するプロモーション活動に要する経費
負担割合　　：　都10/10",3,政策連携団体,"4,883 ",産業労働局観光部企画課,03-5320-4765,https://www.tcvb.or.jp/jp/project/convention/
2026,15,産業労働局,10,観光,ユニークベニューの魅力発信,東京都ユニークベニュー魅力発信事業費補助金,"補助金の目的：都内ユニークべニュー施設の魅力発信
補助対象者　：東京観光財団
補助対象経費：ユニークベニューショーケースイベントの実施に要する経費
負担割合　　：　都10/10",3,政策連携団体,"42,999 ",産業労働局観光部企画課,03-5320-4765,https://www.tcvb.or.jp/jp/project/convention/
2026,15,産業労働局,10,観光,ユニークベニュー利用促進事業,東京都ユニークベニュー会場設営支援事業費補助金,"補助金の目的：都内ユニークベニュー施設の利用促進
補助対象者　：東京観光財団
補助対象経費：ユニークベニュー施設の利用に伴う会場設営支に要する経費
負担割合　　：　都10/10",3,政策連携団体,"100,000 ",産業労働局観光部企画課,03-5320-4765,https://www.tcvb.or.jp/jp/project/convention/
2026,15,産業労働局,10,観光,都市間連携によるＭＩＣＥ誘致の推進,都市間連携によるＭＩＣＥ誘致の推進事業費補助金,"補助金の目的：国内他都市との連携によるＭＩＣＥ誘致の推進
補助対象者　：東京観光財団
補助対象経費：都市間連携によるMICE誘致推進活動に要する経費
負担割合　　：　都10/10",3,政策連携団体,"28,781 ",産業労働局観光部企画課,03-5320-4765,https://www.tcvb.or.jp/jp/project/convention/
2026,15,産業労働局,10,観光,多摩・島しょ地域観光施設整備等補助事業,多摩・島しょ地域観光施設整備等補助金（ハード事業）,"補助金の目的：「観光」を主要な産業としている多摩・島しょ地域において、市町村が行う新しい観光需要に対応したきめ細かな受入体制づくりを支援することにより、施設整備、情報発信等の充実及び観光客増加を目的とする。
補助対象者　：西多摩地域及び島しょ地域の１７市町村
補助対象経費：施設整備事業
負担割合　　：1/2",1,区市町村,"100,000 ",産業労働局観光部振興課,03-5320-4768,
2026,15,産業労働局,10,観光,多摩・島しょ地域観光施設整備等補助事業,多摩・島しょ地域観光施設整備等補助金（ソフト事業）,"補助金の目的：「観光」を主要な産業としている多摩・島しょ地域において、市町村が行う新しい観光需要に対応したきめ細かな受入体制づくりを支援することにより、施設整備、情報発信等の充実及び観光客増加を目的とする。
補助対象者　：西多摩地域及び島しょ地域の１７市町村
補助対象経費：観光振興事業
負担割合　　：1/2",1,区市町村,"46,000 ",産業労働局観光部振興課,03-5320-4768,
2026,15,産業労働局,10,観光,島しょ地域の観光振興事業,島しょ観光産業活性化支援事業補助金,"補助金の目的：「観光」を主要な産業としている島しょ地域において、各島が抱える共通課題を解決するため、島しょが主体的に取り組む観光振興事業を支援し、東京の更なる魅力向上を図る。
補助対象者　：大島町、新島村、神津島、八丈町
補助対象経費：観光産業活性化のための誘客事業
負担割合　　：1/2",1,区市町村,"10,000 ",産業労働局観光部振興課,03-5320-4768,
2026,15,産業労働局,10,観光,島しょ地域の観光振興事業,島しょ観光客誘致支援事業補助金,"補助金の目的：島の個性的な魅力な魅力を活かして実施されるイベント事業を活用して観光客を誘致し、島しょ観光の振興を図る。
補助対象者　：新島村
補助対象経費：島の魅力を活かし、新たな取組を付加して行うもので、島しょ全体の観光の魅力向上につながるもの。かつ、都が都知事杯の授与や後援名義の使用を認めるなどの支援を行うもの。
負担割合　　：都10/10",1,区市町村,"2,500 ",産業労働局観光部振興課,03-5320-4768,
2026,15,産業労働局,10,観光,東京都版エコツーリズムの推進,御蔵島村観光施設整備事業補助金,"補助金の目的：東京都版エコツーリズムを確実に定着・推進するため、御蔵島において自然を将来にわたって持続的に維持するとともに、観光資源として積極的に活用し、地域経済の発展と自然環境保護の調和を図る。
補助対象者　：御蔵島村
補助対象経費：御蔵島村が実施する観光施設整備事業
負担割合　　：1/２",1,区市町村,"20,000 ",産業労働局観光部振興課,03-5320-4768,
2026,15,産業労働局,10,観光,東京都版エコツーリズムの推進,三宅村観光施設整備事業補助金,"補助金の目的：東京都版エコツーリズムを確実に定着・推進するため、三宅島において自然を将来にわたって持続的に維持するとともに、観光資源として積極的に活用し、地域経済の発展と自然環境保護の調和を図る。
補助対象者　：三宅村
補助対象経費：三宅村が実施する観光施設整備事業
負担割合　　：1/2",1,区市町村,"20,000 ",産業労働局観光部振興課,03-5320-4768,
2026,15,産業労働局,10,観光,多摩・島しょ観光交通促進プロジェクト,観光交通インフラ整備支援補助金,"補助金の目的：多摩・島しょ地域において、移動アクセス手段の更なる充実を図るため、新たな交通サービスの導入など、自治体等の交通インフラ開発を支援する。
補助対象者　：東京観光財団
補助対象経費：補助事業者が実施する、多摩・島しょ地域におけるシェアサイクルや新たな交通用具の導入等を支援する事業に対する経費
負担割合　　：10/10",3,政策連携団体,"12,000 ",産業労働局観光部振興課,03-5320-4768,
2026,15,産業労働局,10,観光,島しょ地域を活用した縁結び観光プロジェクト,東京都島しょ地域縁結び観光事業補助金,"補助金の目的：島しょ地域における縁結びに関連する旅行者誘致の取組に対して補助金を交付することにより、国内在住の20～40歳代を中心とした旅行者を島しょ地域に誘致すること。
補助対象者　：東京観光財団
補助対象経費：観光資源開発に係る助成経費、観光資源を活用したイベントやPR事業に係る
負担割合　　：10/10",3,政策連携団体,"30,000 ",産業労働局観光部振興課,03-5320-4768,
2026,15,産業労働局,10,観光,地域における観光まちづくりの支援,地域における観光まちづくり支援事業補助金,"補助金の目的：地域における観光まちづくりの取組を支援し、地域主導の自主的な活動を充実させ、観光を通じた地域の活性化を図る。
補助対象者　：東京観光財団
補助対象経費：観光活性化フォーラムの開催、観光人材育成支援事業経費
負担割合　　：10/10",3,政策連携団体,"18,631 ",産業労働局観光部振興課,03-5320-4768,
2026,15,産業労働局,10,観光,東京の多様性を活かした観光まちづくり推進支援事業,東京の多様性を活かした観光まちづくり推進支援事業費補助金,"補助金の目的：旅行者の多様なニーズに対応するため、その地域ならではの特性を活かした観光まちづくりの取組を支援し、東京の魅力向上を図る。
補助対象者　：区市（ただし、青梅市、福生市、羽村市、あきる野市を除く。）
補助対象経費：施設等整備事業（ハード事業）、広報･ＰＲ事業等（ソフト事業）  
負担割合　　：都1/2、区市1/2",1,区市町村,"130,500 ",産業労働局観光部振興課,03-5320-4768,
2026,15,産業労働局,10,観光,東京ライトアップ発信プロジェクト,東京都観光情報発信事業補助金（東京ライトアップ発信プロジェクト）,"補助金の目的：広くライトアップの魅力を発信し、旅行者誘致に繋げる
補助対象者　：東京観光財団
補助対象経費：「GO TOKYO」での情報発信に関する経費
負担割合　　：10/10",3,政策連携団体,"3,200 ",産業労働局観光部振興課,03-5320-4768,
2026,15,産業労働局,10,観光,東京プロジェクションマッピング等促進支援事業,東京プロジェクションマッピング等促進支援事業補助金,"補助金の目的：プロジェクションマッピング実施に係る総合相談窓口の設置
補助対象者　：東京観光財団
補助対象経費：所管行政機関や補助制度の案内、知見の提供、広報業務
負担割合　　：10/10",3,政策連携団体,"17,403 ",産業労働局観光部振興課,03-5320-4768,
2026,15,産業労働局,10,観光,多摩の観光・産業振興ネットワーク事業,多摩の観光・産業振興ネットワーク補助金,"補助金の目的：多摩地域の商工会等が実施する広域的な旅行者誘致の取組に対し、必要な補助金を交付することにより、多摩地域の観光振興を図る。
補助対象者　：東京都商工会連合会、商工会、商工会議所 (多摩地域)
補助対象経費：多摩地域において実施する広域的な旅行者誘致事業経費
負担割合　　：10/10",5,民間団体,"100,000 ",産業労働局観光部振興課,03-5320-4768,
2026,15,産業労働局,10,観光,アニメ等コンテンツを活用した誘客促進事業,アニメ等コンテンツを活用した誘客促進事業費補助金（区市町村・観光振興団体）,"補助金の目的：地域が取り組むアニメ等のコンテンツを活用した誘客促進事業を支援
補助対象者　：区市町村
                   ：観光振興団体
補助対象経費：施設・構造物等の建設・改修・整備に関する経費、情報発信等に関する経費、集客イベントに関する経費
負担割合　　：都2/3、区市町村1/3
　　　　　　　  ：都4/5、観光振興団体1/5",1,区市町村,"120,000 ",産業労働局観光部振興課,03-5320-4768,https://www.sangyo-rodo.metro.tokyo.lg.jp/tourism/kakusyu/anime/
2026,15,産業労働局,10,観光,アニメ関連観光情報等発信事業,東京都観光情報発信事業補助金（アニメ関連観光情報等発信事業）,"補助金の目的：アニメ・マンガ関連施設やイベント情報等、都内全域のアニメ関連観光情報等を発信
補助対象者　：東京観光財団
補助対象経費：「GO TOKYO」での情報発信に関する経費
負担割合　　：都10/10",3,政策連携団体,"3,515 ",産業労働局観光部振興課,03-5320-4768,
2026,15,産業労働局,10,観光,ウェルカムカードの作成・配布等,ウェルカムカード作成等事業補助金,"補助金の目的：国内外から訪れる旅行者の受入体制の整備
補助対象者　：東京観光財団
補助対象経費：ウェルカムカードの作成・配布等に要する経費
負担割合　　：都10/10",3,政策連携団体,"202,935 ",産業労働局観光部受入環境課,03-5320-4802,https://www.tcvb.or.jp/jp/project/hasshin/welcome/
2026,15,産業労働局,10,観光,宿泊業活性化対策,東京都宿泊業活性化事業費補助金,"補助金の目的：旅行者の利便性や宿泊施設のサービスを向上
補助対象者　：宿泊業界団体
補助対象経費：国内外の旅行者の誘致及び受入体制整備のために行う事業
負担割合　　：都1/２ 補助事業者1/2",5,民間団体,"8,100 ",産業労働局観光部受入環境課,03-5320-4802,
2026,15,産業労働局,10,観光,多様な文化・習慣に関する受入環境整備,多様な旅行者受入対応に係るパンフレット作成等事業補助金,"補助金の目的：多様な旅行者受入対応に係るパンフレット作成
補助対象者　：東京観光財団
補助対象経費：多様な旅行者受入対応に係るパンフレット作成に要する経費
負担割合　　：都10/10",3,政策連携団体,"30,542 ",産業労働局観光部受入環境課,03-5320-4802,https://www.tcvb.or.jp/jp/project/hasshin/mv/
2026,15,産業労働局,10,観光,ドローンを活用したアクセシブル・ツーリズムの推進,ドローンを活用したツアー造成等支援補助金,"補助金の目的：ドローンを活用したアクセシブル・ツーリズムの推進
補助対象者　：東京都内に本社または主たる営業所を置く旅行事業者
補助対象経費：旅行商品の造成・販売・運営に係る経費
負担割合　　：都2/3 補助事業者1/3(上限500万円）",5,民間団体,"50,000 ",産業労働局観光部受入環境課,03-5320-4802,https://www.sangyo-rodo.metro.tokyo.lg.jp/tourism/kakusyu/drone-accessibletourism/
2026,15,産業労働局,10,観光,TOKYO旅館ブランド構築・発信事業,ＴＯＫＹＯ旅館ブランド構築・発信事業補助金,"補助金の目的：「旅館」の機能充実を通じた、東京の旅館ブランドの構築及び発信体制の強化
補助対象者　：①宿泊団体、②③都内において旅館を営む事業者を１者以上含む地域グループ（令和5年度で新規採択終了）
補助対象経費：①外国人旅行者に対する旅館の普及促進のため、その優れたイメージを海外に向けてブランドとして発信する体制を強化する事業、地域グループに対する助言指導等による支援事業、②外国人旅行者誘致を目的とした新たなサービスの提供や付加価値向上等東京の旅館ブランドの構築に資する事業、③人材育成（地域コンシェルジュ）に係る研修費用等
負担割合　　：①都10/10（2,000万円）、②都2/3 補助事業者1/3(上限１グループあたり1,000万円）、③都4/5 補助事業者1/5(上限１グループあたり360万円）",5,民間団体,"20,000 ",産業労働局観光部受入環境課,03-5320-4802,
2026,15,産業労働局,10,観光,都市観光支援事業,東京都地域振興事業補助金,"補助金の目的：地域観光振興事業を支援することで、観光振興や地域の活性化を図る。
補助対象者　：東京観光財団
補助対象経費：公益を目的とした地域振興事業の実施に関する経費
負担割合　　：都10/10",3,政策連携団体,"10,000 ",産業労働局観光部振興課,03-5320-4768,
2026,15,産業労働局,10,観光,東京観光財団の管理運営,（公財）東京観光財団補助金,"補助金の目的：都・（公財）東京観光財団の相互の連携と協力を推進するため
補助対象者　：東京観光財団
補助対象経費：人件費、事務費等
負担割合　　：都 10/10",3,政策連携団体,"2,130,252 ",産業労働局観光部企画課,03-5320-4765,
2026,15,産業労働局,10,観光,振興育成等,東京都島しょ観光振興事業補助金,"補助金の目的：島しょの観光事業振興への寄与
補助対象者　：東京諸島観光連盟
補助対象経費： 補助事業者が行う広域的な島しょの観光宣伝事業、 前号の事業を遂行するために必要な制作物、 その他目的達成に必要な事業
負担割合　　：都10/10",5,民間団体,288 ,産業労働局観光部振興課,03-5320-4768,
2026,15,産業労働局,10,観光,イベント等誘致・開催等支援事業,展示会国際化支援事業費補助金,"補助金の目的：展示会における海外参加促進支援
補助対象者　：　東京観光財団
補助対象経費：展示会の主催者に対する海外へのＰＲ等に要する経費
負担割合　　：　都10/10",3,政策連携団体,"12,000 ",産業労働局観光部企画課,03-5320-4765,https://www.tcvb.or.jp/jp/project/convention/
2026,15,産業労働局,10,観光,観光協会等と連携した観光産業活性化支援事業,観光協会等と連携した観光産業活性化支援事業補助金,"補助金の目的：東京の観光地としての魅力を効果的に発信し、観光を通じた地域の活性化につなげる。
補助対象者　：　東京観光財団
補助対象経費：「TOKYO周穫祭」開催に係る財団委託費
負担割合　　：　都10/10",3,政策連携団体,"120,042 ",産業労働局観光部振興課,03-5320-4768,
2026,15,産業労働局,10,観光,アクセシブル・ツーリズム支援事業,乗降用リフト装置付バス利用支援補助金,"補助金の目的：アクセシブル・ツーリズムの充実
補助対象者　：都内の旅行業者
補助対象経費：車いすを利用している高齢者や障害者を受け入れるため、リフト装置付バスを借り募集型旅行または受注型旅行を行った場合に、通常のバスとの差額バスレンタル代を補助
負担割合　　：都10/10（補助限度額５万円）",5,民間団体,"12,000 ",産業労働局観光部受入環境課,03-5320-4802,
2026,15,産業労働局,10,観光,サステナブルMICE発信,サステナブルMICE発信事業費補助金,"補助金の目的：MICE関連事業者等へのＭＩＣＥにおけるサステナビリティに配慮した取組の推進
補助対象者　：東京観光財団
補助対象経費：サステナブルMICEショーケースイベントの実施に要する経費
負担割合　　：都10/10",3,政策連携団体,"45,898 ",産業労働局観光部企画課,03-5320-4765,
2026,15,産業労働局,10,観光,ナイトタイム等における観光促進事業,東京都観光情報発信事業補助金（ナイトタイム等における観光促進事業）,"補助金の目的：都内の夜間・早朝に楽しめる観光スポット等をWEBサイト等を活用し情報発信する
補助対象者　：東京観光財団
補助対象経費：「GO TOKYO」での情報発信に関する経費
負担割合　　：10/10",3,政策連携団体,"7,000 ",産業労働局観光部振興課,03-5320-4768,
2026,15,産業労働局,10,観光,誰もが楽しめる自然体験型観光推進事業,誰もが楽しめる自然体験型観光推進事業補助金,"補助金の目的：東京の豊かな自然を、年齢や障害の有無に関わらず、誰もが安心して楽しめる自然体験型観光の充実に向けた取組を推進
補助対象者　：自然体験型観光提供事業者
補助対象経費：アウトドア車いす等の備品購入費、施設整備費
負担割合　　：都4/5 事業者1/5(上限200万円。ただし、施設整備を伴う場合は上限500万円）",5,民間団体,"15,000 ",産業労働局観光部受入環境課,03-5320-4802,
2026,15,産業労働局,10,観光,観光産業の活性化促進事業,観光産業の活性化促進事業補助金,"補助金の目的：観光関連業界団体等が実施する、生産性向上・新サービス開発、情報発信等の取組を支援し、観光産業の活性化を促進する
補助対象者　：観光関連業界団体、観光関連事業者グループ
補助対象経費：観光関連業界団体等が行う生産性向上・新サービス開発、情報発信等の取組
負担割合　　：都2/3 事業者1/3（上限2,500万円。ただし、４者未満の観光関連事業者グループの場合は都1/2 事業者1/2）",5,民間団体,"125,000 ",産業労働局観光部受入環境課,03-5320-4802,https://www.sangyo-rodo.metro.tokyo.lg.jp/tourism/kakusyu/gyoukai/
2026,15,産業労働局,10,観光,多様な体験型観光推進事業,多様な体験型観光推進事業補助金,"補助金の目的：日本の美容を観光コンテンツとして活用するための取組を支援
補助対象者　：美容体験型観光提供事業者
補助対象経費：インバウンド受入のための新たなサービス・コンテンツ経費
負担割合　　：都2/3 事業者1/3(上限200万円）",5,民間団体,"40,000 ",産業労働局観光部受入環境課,03-5320-4802,
2026,15,産業労働局,10,観光,ユニークべニュートライアル開催支援,東京都ユニークベニュートライアル開催支援事業費補助金,"補助金の目的：施設をユニークベニューとして利用するトライアルでの開催を支援
補助対象者　：東京観光財団
補助対象経費：ショーケースイベント開催に伴う経費
負担割合　　：10/10(上限1,500万円）",3,政策連携団体,"90,000 ",産業労働局観光部企画課,03-5320-4765,https://www.tcvb.or.jp/jp/project/convention/
2026,15,産業労働局,10,観光,宿泊事業者向け外国人材活躍推進事業,宿泊事業者向け外国人材活躍推進事業補助金,"補助金の目的：宿泊施設における外国人留学生等のインターンシップ受入を支援
補助対象者　：本事業による支援を受けてインターンシップを実施する宿泊事業者
補助対象経費：インターンシップ実施に伴いインターンシップ生に支払う経費
負担割合　　：10/10(上限1万円/日）",5,民間団体,900 ,産業労働局観光部受入環境課,03-5320-4802,
2026,15,産業労働局,10,観光,ナイトタイム観光プロモーション事業,ナイトタイム観光プロモーション事業補助金,"補助金の目的：夜間のイベントや観光スポットなど東京のナイトタイムに関する情報を発信
補助対象者　：東京観光財団
補助対象経費：ナイトタイム観光に関する情報発信に関する経費
負担割合　　：10/10",3,政策連携団体,"109,197 ",産業労働局観光部振興課,03-5320-4768,
2026,15,産業労働局,10,観光,地域の生活と調和した観光推進事業,地域の生活と調和した観光推進事業補助金,"補助金の目的：地域の生活と旅行者と調和を目的とした観光推進への計画的な取組を支援
補助対象者　：区市町村等
補助対象経費：地域・住民と調和した観光推進への取組（混雑緩和やマナー啓発等）
負担割合：都3/4  区市町村等1/4
　　　　　　　（※旅行客のごみ対策の取組は都4/5 補助事業者1/5）",1,区市町村,"220,000 ",産業労働局観光部受入環境課,03-5320-4802,
2026,15,産業労働局,10,観光,東京の観光への理解促進事業,東京の観光への理解促進事業費補助金,"補助金の目的：観光産業に携わる次世代の人材確保に向けて、若年層を対象に、観光産業に対する理解・関心を高める情報発信などを実施し、持続可能な観光を実現
補助対象者　：東京観光財団
補助対象経費：動画の作成、配信や学生向け学習支援等に関する経費
負担割合　　： 都10/10",3,政策連携団体,"18,128 ",産業労働局観光部企画課,03-5320-4765,
2026,15,産業労働局,11,農林水産,区市町村農業委員会交付金等交付事業,農業委員会交付金（区市町村）,"補助金の目的：農業委員会の運営に必要な経費補助
補助対象者　：区市町村（農業委員会）
補助対象経費：農業委員会に関する法律に規定する事務に要する経費
負担割合　　：国10/10",1,区市町村,"56,205 ",産業労働局農林水産部農業振興課,03-5320-4814,
2026,15,産業労働局,11,農林水産,区市町村農業委員会交付金等交付事業,市町村総合対策事業,"補助金の目的：担い手を育成するための行動計画の策定等に要する経費
補助対象者　：市町村（農業委員会）
補助対象経費：経営相談・指導、新たな人材の育成に要する経費等
負担割合　　：都1/2、市町村1/2",1,区市町村,"3,877 ",産業労働局農林水産部農業振興課,03-5320-4814,
2026,15,産業労働局,11,農林水産,東京都農業会議補助,東京都農業会議補助,"補助金の目的：東京都農業会議の運営補助
補助対象者　：一般社団法人東京都農業会議
補助対象経費：①役職員関係費、職員関係費、運営事務費、②農業委員会組織の業務重点化、効率化等に係る経費、③担い手育成確保対策に要する経費等、④職員関係費
負担割合　　：都10/10",5,民間団体,"110,951 ",産業労働局農林水産部農業振興課,03-5320-4814,
2026,15,産業労働局,11,農林水産,東京の農林水産ｗｅｂサイトの構築・運営,東京都農林水産業普及啓発事業補助金,"補助金の目的：東京産農林水産物・農林水産業の普及啓発
補助対象者　：（公財）東京都農林水産振興財団
補助対象経費：ウェブサイトの更新・維持管理に要する経費
負担割合　　：都10/10",3,政策連携団体,"64,578 ",産業労働局農林水産部調整課,03-5320-4655,https://www.sangyo-rodo.metro.tokyo.lg.jp/nourin/
2026,15,産業労働局,11,農林水産,Ｔｏｋｙｏ　Ｆａｒｍ　Ｔｏ　Ｔａｂｌｅプロジェクト,Ｔｏｋｙｏ　Ｆａｒｍ　Ｔｏ　Ｔａｂｌｅプロジェクト補助金,"補助金の目的：東京産農産物の流通支援
補助対象者　：流通事業者
補助対象経費：集出荷用コンテナ購入経費、受発注フォーム作成費等
負担割合　　：1年目（都2/3、事業者1/3）、2年目（都1/2、事業者1/2）、3年目（都1/3、事業者2/3）",5,民間団体,"42,500 ",産業労働局農林水産部食料安全課,03-5000-7212,
2026,15,産業労働局,11,農林水産,生産緑地買取・活用支援事業,生産緑地買取・活用支援事業費補助金,"補助金の目的：生産緑地買取審査会の運営補助
補助対象者　：公益財団法人東京都農林水産振興財団
補助対象経費：職員設置費、事業費
負担割合　　：都10/10",3,政策連携団体,"4,602 ",産業労働局農林水産部農業振興課,03-5320-4814,https://www.sangyo-rodo.metro.tokyo.lg.jp/nourin/nougyou/hozen/seiryoku_kaitori/
2026,15,産業労働局,11,農林水産,未来に残す東京の農地プロジェクト,未来に残す東京の農地プロジェクト補助金（農地創出型）,"補助金の目的：農地創出に向けた取組支援
補助対象者：区市町村
補助対象経費：農地の創出に必要な撤去費
負担割合　　：都2/3、区市町村1/3",1,区市町村,"15,047 ",産業労働局農林水産部農業振興課,03-5320-4824,
2026,15,産業労働局,11,農林水産,未来に残す東京の農地プロジェクト,未来に残す東京の農地プロジェクト補助金（農地再生型）,"補助金の目的：農地保全に向けた取組支援
補助対象者：区市町村
補助対象経費：遊休農地等の再生整備に要する経費
負担割合　　：都2/3、区市町村1/3（認定新規就農者は都3/4、区市町村1/4）",1,区市町村,"20,994 ",産業労働局農林水産部農業振興課,03-5320-4824,
2026,15,産業労働局,11,農林水産,未来に残す東京の農地プロジェクト,未来に残す東京の農地プロジェクト補助金（生活環境型・防災安全型）,"補助金の目的：農地の多面的機能の発揮に向けた取組支援
補助対象者　：区市町村
補助対象経費：農地の多面的機能を発揮する施設整備費
負担割合　　：都3/4、区市町村1/4",1,区市町村,"381,691 ",産業労働局農林水産部農業振興課,03-5320-4824,
2026,15,産業労働局,11,農林水産,未来に残す東京の農地プロジェクト,未来に残す東京の農地プロジェクト補助金（公的利用型）,"補助金の目的：農地の多面的機能の発揮に向けた取組支援
補助対象者　：区市町村
補助対象経費：都民が農業に触れ合う場を拡大するための施設整備費
負担割合　　：都3/4、区市町村1/4",1,区市町村,"136,176 ",産業労働局農林水産部農業振興課,03-5320-4824,
2026,15,産業労働局,11,農林水産,未来に残す東京の農地プロジェクト,未来に残す東京の農地プロジェクト補助金（推進支援型）,"補助金の目的：農地保全、農地創出、多面的機能の発揮に向けたソフト支援
補助対象者　：区市町村
補助対象経費：農地保全や整備支援に関連する基本設計や広報活動などの経費
負担割合　　：都1/2、区市町村1/2",1,区市町村,"1,503 ",産業労働局農林水産部農業振興課,03-5320-4824,
2026,15,産業労働局,11,農林水産,生産緑地を活用した体験農園等普及事業,生産緑地を活用した体験農園等普及事業補助金,"補助金の目的：都市農地の保全
補助対象者　：区市、民間企業
補助対象経費：生産緑地を活用した農園整備・農園運営に対する補助
負担割合　　：（整備）都1/2、（運営）都　1年目2/3、2年目1/2、3年目1/3",1,区市町村,"75,244 ",産業労働局農林水産部農業振興課,03-5320-4814,
2026,15,産業労働局,11,農林水産,農地中間管理事業,農地中間管理機構事業,"補助金の目的：農地中間管理機構の整備・活動支援、農地貸借の拡大
補助対象者　：一般社団法人東京都農業会議
補助対象経費：職員設置費、事業費、掘起し業務の委託に要する経費
負担割合　　：国7/10、都3/10（一部都10/10）",5,民間団体,"46,750 ",産業労働局農林水産部農業振興課,03-5320-4814,https://www.sangyo-rodo.metro.tokyo.lg.jp/nourin/nougyou/shinkou/tyukan/
2026,15,産業労働局,11,農林水産,農地中間管理事業,機構集積協力金交付事業,"補助金の目的：農地の貸付に伴って離農または経営転換する者等に対する協力金
補助対象者　：市町村
補助対象経費：経営転換協力金
負担割合　　：国10/10",1,区市町村,490 ,産業労働局農林水産部農業振興課,03-5320-4814,https://www.sangyo-rodo.metro.tokyo.lg.jp/nourin/nougyou/shinkou/tyukan/
2026,15,産業労働局,11,農林水産,企業等における農的活動に向けた農業ビジネス支援事業,企業等における農的活動に向けた農業ビジネス支援事業費補助金,"補助金の目的：新たな農業ビジネスへの転換支援
補助対象者　：法人等
補助対象経費：新たな農業ビジネスへの転換に要する整備費、運営費
負担割合　　：整備費都2/3、運営費1年目2/3、2年目1/2、3年目1/3",5,民間団体,"200,000 ",産業労働局農林水産部農業振興課,03-5320-4814,
2026,15,産業労働局,11,農林水産,クラウドファンディングを活用した東京農業支援事業,クラウドファンディングを活用した東京農業支援事業費補助金,"補助金の目的：農業者等によるクラウドファンディング活用支援
補助対象者　：農業者等
補助対象経費：クラウドファンディング活用時に要する手数料等
負担割合　　：都2/3",6,一般都民,"25,000 ",産業労働局農林水産部農業振興課,03-5320-4814,
2026,15,産業労働局,11,農林水産,新たな農的活動支援事業,新たな農的活動支援事業費補助金,"補助金の目的：新たな農的活動を行う企業・団体等に必要な経費等を支援
補助対象者　：民間企業・団体等
補助対象経費：新たな農的活動の整備・活動等に対する補助
負担割合：都　準備費2/3、整備費2/3、運営費1年目2/3、2年目1/2、3年目 1/3",5,民間団体,"82,039 ",産業労働局農林水産部農業振興課,03-5320-4814,
2026,15,産業労働局,11,農林水産,新たな農的活動支援事業,企業等による農的活動の普及・啓発,"補助金の目的：農的活動の普及・啓発経費等を支援
補助対象者　：非営利団体
補助対象経費：新たな農的活動の普及、啓発等に対する補助
負担割合：都10/10",5,民間団体,"38,720 ",産業労働局農林水産部農業振興課,03-5320-4814,
2026,15,産業労働局,11,農林水産,都民に身近なポケットファーム創出事業,都民に身近なポケットファーム創出事業費補助金（都有地以外）,"補助金の目的：都民に身近なポケットファーム創出への支援
補助対象者　：自治体等
補助対象経費：農的空間創出等に要する経費
負担割合：都定額",1,区市町村,"16,000 ",産業労働局農林水産部農業振興課,03-5320-4814,
2026,15,産業労働局,11,農林水産,都民に身近なポケットファーム創出事業,都民に身近なポケットファーム創出事業費補助金（都有地）,"補助金の目的：都民に身近なポケットファーム創出への支援
補助対象者　：活動団体
補助対象経費：農的空間創出等に要する経費
負担割合：都定額",5,民間団体,"4,000 ",産業労働局農林水産部農業振興課,03-5320-4814,
2026,15,産業労働局,11,農林水産,東京の田んぼ復活プロジェクト,田んぼ協働活用組織支援補助金,"補助金の目的：都民と協働した田んぼの利活用推進
補助対象者　：農業者団体、地域団体等
補助対象経費：田んぼ保全のための協働利活用に要する経費
負担割合　　：都定額",5,民間団体,"15,000 ",産業労働局農林水産部農業振興課,03-5320-4814,
2026,15,産業労働局,11,農林水産,スタートアップ等を活用した農林水産課題解決事業,スタートアップ等を活用した農林水産課題解決事業補助金,"補助金の目的：採択事業者への支援
補助対象者　：スタートアップ等の事業者
補助対象経費：課題解決に向けた開発等経費
負担割合　　：都2/3",5,民間団体,"433,315 ",産業労働局農林水産部調整課,03-5320-4813,
2026,15,産業労働局,11,農林水産,地域計画策定支援事業,地域計画策定支援事業費補助金,"補助金の目的：地域計画の策定支援
補助対象者　：市町村
補助対象経費：地域計画策定に要する経費
負担割合　　：都2/3",1,区市町村,"20,000 ",産業労働局農林水産部農業振興課,03-5320-4814,
2026,15,産業労働局,11,農林水産,土地改良,基盤整備促進事業（島しょ）,"補助金の目的：農業の生産性向上、農業経営の改善
補助対象者　：市町村
補助対象経費：農作業道の整備、土層改良等に要する経費
負担割合　　：国11/20、都1/5、市町村1/4",1,区市町村,"93,750 ",産業労働局農林水産部農業振興課,03-5320-4826,https://www.sangyo-rodo.metro.tokyo.lg.jp/nourin/nougyou/shinkou/seibi/
2026,15,産業労働局,11,農林水産,土地改良,小規模土地改良（区市町村）,"補助金の目的：国庫補助事業対象外の小規模な土地改良事業に対して支援する農業基盤整備
補助対象者　：市町村
補助対象経費：農作業道の整備、土層改良等に要する経費
負担割合　　：【市町村（地域計画策定済の地域　かつ、農地の集積化（大規模化）に資する事業）】都4/5、市町村1/5
【市町村（農業振興地域、特定農山村地域、島しょ地域）】都3/4、市町村1/4
【それ以外の市町村 】都1/2、市町村1/2",1,区市町村,"119,875 ",産業労働局農林水産部農業振興課,03-5320-4825,https://www.sangyo-rodo.metro.tokyo.lg.jp/nourin/nougyou/shinkou/seibi/
2026,15,産業労働局,11,農林水産,土地改良,小規模土地改良（調査設計）,"補助金の目的：国庫補助事業対象外の小規模な土地改良事業に対して支援する農業基盤整備
補助対象者　：市町村
補助対象経費：農作業道の整備、土層改良等に要する経費
負担割合　　：【市町村（地域計画策定済の地域　かつ、農地の集積化（大規模化）に資する事業）】都4/5、市町村1/5
【市町村（農業振興地域、特定農山村地域、島しょ地域）】都1/2、市町村1/2
【それ以外の市町村 】都2/5、市町村3/5",1,区市町村,"64,652 ",産業労働局農林水産部農業振興課,03-5320-4825,https://www.sangyo-rodo.metro.tokyo.lg.jp/nourin/nougyou/#section1
2026,15,産業労働局,11,農林水産,土地改良,小規模土地改良（災害復旧事業査定設計）,"補助金の目的：国庫補助事業対象外の小規模な土地改良事業に対して支援する農業基盤整備
補助対象者　：市町村
補助対象経費：災害復旧事業査定設計書の作成に要する経費
負担割合　　：都3/4、市町村1/4",1,区市町村,"2,250 ",産業労働局農林水産部農業振興課,03-5320-4824,https://www.sangyo-rodo.metro.tokyo.lg.jp/nourin/nougyou/#section1
2026,15,産業労働局,11,農林水産,土地改良,地域農業水利施設ストックマネジメント事業,"補助金の目的：農業水利施設の保全
補助対象者　：市町村
補助対象経費：①水利施設の整備、防災減災対策に要する経費、②受益面積10ｈａ以上の農業水利施設の整備に要する経費
負担割合　　：①国1/2、都1/4、市町村1/4、②国11/20、都1/5、市町村1/4",1,区市町村,"149,250 ",産業労働局農林水産部農業振興課,03-5320-4824,https://www.sangyo-rodo.metro.tokyo.lg.jp/nourin/nougyou/#section1
2026,15,産業労働局,11,農林水産,水土里保全活動支援事業,地域活動支援費（農地維持・資源向上）,"補助金の目的：農用地、水路、農道等の保全及び質的向上や長　　　
　　　　　　　　　 寿命化
補助対象者　：市町村
補助対象経費：農用地の維持等に係る経費
負担割合　　：国1/2、都1/4、区市町村1/4",1,区市町村,"1,350 ",産業労働局農林水産部農業振興課,03-5320-4824,https://www.sangyo-rodo.metro.tokyo.lg.jp/nourin/nougyou/hozen/midori/
2026,15,産業労働局,11,農林水産,水土里保全活動支援事業,地域活動支援費（水路維持）,"補助金の目的：農用地、水路、農道等の保全
補助対象者　：市町村
補助対象経費：水路の維持に係る経費
負担割合　　：都3/4、区市町村1/4",1,区市町村,"1,800 ",産業労働局農林水産部農業振興課,03-5320-4824,https://www.sangyo-rodo.metro.tokyo.lg.jp/nourin/nougyou/hozen/midori/
2026,15,産業労働局,11,農林水産,水土里保全活動支援事業,地域活動支援費（水路浚渫）（市町村）,"補助金の目的：農用地、水路、農道等の保全
補助対象者　：市町村
補助対象経費：水路の浚渫に係る経費
負担割合　　：都3/4、区市町村、土地改良区、農業用水組合等1/4",1,区市町村,"7,500 ",産業労働局農林水産部農業振興課,03-5320-4825,https://www.sangyo-rodo.metro.tokyo.lg.jp/nourin/nougyou/hozen/midori/
2026,15,産業労働局,11,農林水産,水土里保全活動支援事業,地域活動支援費（水路浚渫）,"補助金の目的：農用地、水路、農道等の保全
補助対象者　：土地改良区、農業用水組合等
補助対象経費：水路の浚渫に係る経費
負担割合　　：都3/4、土地改良区、農業用水組合等1/4",7,その他団体,"3,525 ",産業労働局農林水産部農業振興課,03-5320-4825,https://www.sangyo-rodo.metro.tokyo.lg.jp/nourin/nougyou/hozen/midori/
2026,15,産業労働局,11,農林水産,農村総合整備事業,農村総合整備事業,"補助金の目的：農業生産基盤の整備及び農村生活環境の整備
補助対象者　：市町村
補助対象経費：集落道、農業用用排水施設等の整備に要する経費
負担割合　　：国1/2、都1/4、市町村1/4",1,区市町村,"39,750 ",産業労働局農林水産部農業振興課,03-5320-4824,https://www.sangyo-rodo.metro.tokyo.lg.jp/nourin/nougyou/#section1
2026,15,産業労働局,11,農林水産,魚の遡上を阻害する土砂撤去等,魚の遡上を阻害する土砂撤去等事業費補助金,"補助金の目的：農業用水堰及び魚道の機能維持・改善
補助対象者　：市町村
補助対象経費：魚道機能維持・改善に要する経費
負担割合　　：都1/2、市町村1/2",1,区市町村,"7,500 ",産業労働局農林水産部農業振興課,03-5320-4824,
2026,15,産業労働局,11,農林水産,ＤＸによる農業基盤の防災力強化,事業費補助（ＤＸによる農業基盤の防災力強化）,"補助金の目的：水資源の適正管理及び災害発生の予防
補助対象者　：市町村
補助対象経費：監視カメラ・水位計設置に要する経費及び取水施設の自動制御化に要する経費
負担割合　　：都8/10(防災重点ため池については10/10）",1,区市町村,"234,840 ",産業労働局農林水産部農業振興課,03-5320-4824,
2026,15,産業労働局,11,農林水産,地理情報システムを活用した島しょ農業基盤DX推進事業,地理情報システムを活用した島しょ農業基盤DX推進事業費補助金,"補助金の目的：農業基盤施設の高度管理・維持管理体制の強化
補助対象者　：市町村
補助対象経費：農業基盤施設に関する位置情報のGISデータ化
負担割合　　：都4/5、市町村1/5",1,区市町村,"18,300 ",産業労働局農林水産部農業振興課,03-5320-4824,
2026,15,産業労働局,11,農林水産,食の安全安心・地産地消拡大事業,ＪＡ東京アグリパークを活用した地産地消拡大事業費補助金,"補助金の目的：都内（国内）産農林水産物等のＰＲ活動や販路拡大を推進し、地産地消を促進
補助対象者　：民間団体
補助対象経費：ＰＲおよび販路拡大に要する経費
負担割合　　：都1/2、事業者1/2",5,民間団体,"18,745 ",産業労働局農林水産部食料安全課,03-5320-4882,
2026,15,産業労働局,11,農林水産,食品産業の輸出向けHACCP等対応施設整備事業（公）,東京都食品産業の輸出向けHACCP等対応施設整備事業補助金,"補助金の目的：農林水産物及び食品の輸出促進
補助対象者　：食品製造業者等
補助対象経費：施設整備及び機器整備に要する経費
負担割合　　：国1/2、事業者1/2",5,民間団体,"50,000 ",産業労働局農林水産部食料安全課,03-5000-7211,
2026,15,産業労働局,11,農林水産,食育の推進,区市町村食育・地産地消促進事業費補助金,"補助金の目的：都民に健全な食習慣を身に付けてもらうとともに、都民の食生活の持続発展に大きな役割を果たしている東京産農産物の地産地消を促進する
補助対象者　：区市町村、食育関連団体
補助対象経費:報償費、印刷製本費等の経費
負担割合　　：都１/2 区市町村１/2　",1,区市町村,"69,000 ",産業労働局農林水産部食料安全課,03-5000-7211,https://www.sangyo-rodo.metro.tokyo.lg.jp/nourin/shoku/sangyo/suishin
2026,15,産業労働局,11,農林水産,食育の推進,広域食育・地産地消促進事業費補助金,"補助金の目的：都民に健全な食習慣を身に付けてもらうとともに、都民の食生活の持続発展に大きな役割を果たしている東京産農産物の地産地消を促進するための運営費を補助
補助対象者　：公益財団法人東京都農林水産振興財団
補助対象経費：事務費、人件費
負担割合　　：都10/10　",3,政策連携団体,"5,767 ",産業労働局農林水産部食料安全課,03-5000-7211,
2026,15,産業労働局,11,農林水産,農作物獣害防止対策事業,東京都農作物獣害防止対策事業費補助金（区市町村実施）,"補助金の目的：野生獣による農作物被害の軽減のため防除施設整備、追払い、捕獲対策を実施
補助対象者　：区市町村
補助対象経費：加害獣対策経費
負担割合　　：都2/3、市町村1/2",1,区市町村,"48,278 ",産業労働局農林水産部食料安全課,03-5320-4882,https://www.sangyo-rodo.metro.tokyo.lg.jp/nourin/shoku/anzen/jyugai/index.html
2026,15,産業労働局,11,農林水産,農作物獣害防止対策事業,東京都農作物獣害防止対策事業費補助金（農業者実施）,"補助金の目的：中型獣による農作物被害の軽減のため侵入防止施設の導入補助と設置の支援を実施
補助対象者　：農業協同組合
受益者：農業者
補助対象経費：加害獣対策経費
負担割合　　：都2/3、農業者1/3（同一JA管内農業者3人以上で設置する場合は都3/4、農業者1/4）",6,一般都民,"8,000 ",産業労働局農林水産部食料安全課,03-5320-4882,https://www.agri.metro.tokyo.lg.jp/production/system/business/continue/individual.html?entry_id=358
2026,15,産業労働局,11,農林水産,島しょ農作物獣害防止緊急対策事業,東京都島しょ農作物獣害防止緊急対策事業費補助金,"補助金の目的：外来野生獣の根絶を目指す島しょ町村への捕獲経費等の補助
補助対象者　：町村（島しょ）
補助対象経費：加害獣対策経費
負担割合　　：都3/4、町村(島しょ）1/4",1,区市町村,"94,875 ",総務局大島支庁産業課,04992-2-4431,https://www.soumu.metro.tokyo.lg.jp/11osima/industry/agriculture.html
2026,15,産業労働局,11,農林水産,プラムポックスウイルスの防除対策（公）,東京都プラムポックスウイルス防除対策推進交付金,"補助金の目的：プラムポックスウイルス防除の推進
補助対象者　：消費・安全対策交付金実施要綱に基づいて事業を行う事業者
補助対象経費：プラムポックスウイルスに係る調査及び防除に要する経費
負担割合　　：都3/4　　事業者1/4",1,区市町村,"12,000 ",農業振興事務所振興課,042-548-4881,
2026,15,産業労働局,11,農林水産,農産物等調査分析事業,東京都農産物等調査分析事業交付金,"補助金の目的：有機フッ素化合物（PFAS）含有実態調査の支援
補助対象者　：区市町村
補助対象経費：有機フッ素化合物（PFAS）の実態を把握するための調査に要する経費
負担割合　　：国3/4、区市町村1/4",1,区市町村,"5,220 ",産業労働局農林水産部食料安全課,03-5000-7213,
2026,15,産業労働局,11,農林水産,エシカル×アグリプロモーション事業,東京都エコ農産物認証生産者に対する販売拡大支援事業費補助金,"補助金の目的：東京都エコ農産物の生産量を増加させるための資材購入と認証マーク入り出荷資材購入を支援し、エコ農産物の販売力強化につなげる。
補助対象者　：東京都農業協同組合中央会
補助対象経費：①周年出荷用の種苗経費、化学合成農薬削減資材に係る経費、②認証マーク入り出荷資材に係る経費
負担割合　　：①都1/2,事業者1/2、②都2/3,事業者1/3",5,民間団体,"28,650 ",産業労働局農林水産部食料安全課,03-5000-7213,
2026,15,産業労働局,11,農林水産,有機質肥料利用促進事業,有機質肥料利用促進事業事業費補助金,"補助金の目的：堆肥等の有機物を利用する場合や機械化に係る購入経費の一部を支援
補助対象者　：東京都農業協同組合中央会
補助対象経費：堆肥等の有機質肥料購入経費、散布機等の機器購入経費
負担割合　　：都2/3、事業者1/3
※エコ農産物の新規認証を取得した農業者を対象に補助率を3/4に嵩上げ",5,民間団体,"319,595 ",産業労働局農林水産部食料安全課,03-5000-7213,
2026,15,産業労働局,11,農林水産,農林水産物認証取得支援事業,農林水産物認証取得支援事業補助金,"補助金の目的：認証取得者の販路維持、または認証取得による収益拡大を目指す農林水産業者等の支援
補助対象者　：公益財団法人東京都農林水産振興財団
補助対象経費：農林水産物認証取得支援事業に要する経費
負担割合　　：都10/10",3,政策連携団体,"9,206 ",産業労働局農林水産部食料安全課,03-5000-7213,
2026,15,産業労働局,11,農林水産,新東京都GAP推進事業,新東京都ＧＡＰ推進事業（認証取得・維持に必要な設備等の補助）費補助金,"補助金の目的：新東京都ＧＡＰ認証農産物の普及促進
補助対象者　：新東京都ＧＡＰの認証を取得した農業者および取得に向け、指導を受けている農業者、またはこれらを補助する区市町村
補助対象経費：新東京都ＧＡＰを取得、維持する上で必要な環境整備等の経費
負担割合　　：都1/2、事業者1/2",6,一般都民,"5,000 ",農業振興事務所振興課農業環境担当,042-548-5052,
2026,15,産業労働局,11,農林水産,畜産物価格安定対策事業,畜産物価格安定対策事業費補助金（牛乳乳製品生産流通対策）,"補助金の目的：的確な生乳需給調整、計画生産の推進指導を行うとともに、乳質基準等の改善、乳質改善、生乳の安全性確保、高品質化の推進
補助対象者　：東京都酪農業協同組合
補助対象経費：生乳計画生産の推進及び酪農経営実態調査に要する経費、乳質基準等改善対策及び現地指導に要する経費
負担割合　　：都1/2、事業者1/2",5,民間団体,815 ,産業労働局農林水産部農業振興課,03-5320-4842,
2026,15,産業労働局,11,農林水産,畜産物価格安定対策事業,肉用子牛生産者補給積立負担金,"補助金の目的：肉用子牛価格の安定
補助対象者　：公益財団法人東京都農林水産振興財団
補助対象経費：生産者積立金に対する助成
負担割合　　：国1/2、都1/4、事業者1/4",3,政策連携団体,70 ,産業労働局農林水産部農業振興課,03-5320-4842,https://www.tokyo-aff.or.jp/site/business/1126.html
2026,15,産業労働局,11,農林水産,畜産物価格安定対策事業,東京都嘱託員派遣費補助,"補助金の目的：肉用子牛価格の安定
補助対象者　：公益財団法人東京都農林水産振興財団
補助対象経費：人件費補助
負担割合　　：都10/10",3,政策連携団体,"4,061 ",産業労働局農林水産部農業振興課,03-5320-4842,https://www.tokyo-aff.or.jp/site/business/1126.html
2026,15,産業労働局,11,農林水産,高品質畜産物普及定着事業,高品質畜産物普及定着事業費補助金（乳用牛群検定普及定着化）,"補助金の目的：搾乳牛の能力向上と酪農経営の体質強化
補助対象者　：東京都牛群検定組合
補助対象経費：能力検定の実施に要する経費、検定記録の収集に要する経費
負担割合　　：都2/5、事業者3/5",5,民間団体,600 ,産業労働局農林水産部農業振興課,03-5320-4842,
2026,15,産業労働局,11,農林水産,高品質畜産物普及定着事業,高品質畜産物普及定着事業費補助金（乳用種雄牛後代検定推進）,"補助金の目的：乳用牛の改良推進
補助対象者　：東京都牛群検定組合
補助対象経費：後代検定の調査指導等に要する経費
負担割合　　：都1/2、事業者1/2",5,民間団体,101 ,産業労働局農林水産部農業振興課,03-5320-4842,
2026,15,産業労働局,11,農林水産,高品質畜産物普及定着事業（二次）,東京都畜産振興総合対策事業費補助金（家畜共進会）,"補助金の目的：乳用牛の改良推進
補助対象者　：東京都酪農業協同組合
補助対象経費：共進会への牛の出品に要する経費
負担割合　　：都1/2、事業者1/2",5,民間団体,225 ,産業労働局農林水産部農業振興課,03-5320-4842,
2026,15,産業労働局,11,農林水産,畜産経営基盤強化支援事業,事業費補助（畜産経営基盤強化支援事業）,"補助金の目的：リース事業を活用した生産性向上対策
補助対象者　：民間団体
補助対象経費：環境整備等に要する設備等に係るリース料等
負担割合　　：都2/3、事業者1/3",5,民間団体,"120,505 ",産業労働局農林水産部農業振興課,03-5320-4842,
2026,15,産業労働局,11,農林水産,畜産経営基盤強化支援事業,畜産経営基盤強化支援事業費補助金（酪農省力化推進補助）,"補助金の目的：酪農ヘルパー制度を活用した労働省力化推進
補助対象者　：民間団体
補助対象経費：酪農ヘルパー利用料金
負担割合　　：都1/3、事業者2/3",5,民間団体,"5,600 ",産業労働局農林水産部農業振興課,03-5320-4842,
2026,15,産業労働局,11,農林水産,TOKYO　Xブランド強化支援,生産者指導,"補助金の目的：ＴＯＫＹＯ　Ｘのブランド力の向上
補助対象者　：公益財団法人東京都農林水産振興財団
補助対象経費：生産者への指導強化及び指導員派遣費用に要する経費など
負担割合　　：都10/10",3,政策連携団体,"42,910 ",産業労働局農林水産部農業振興課,03-5320-4842,
2026,15,産業労働局,11,農林水産,TOKYO　Xブランド強化支援,原種豚導入、ブランド確立取組支援,"補助金の目的：ＴＯＫＹＯ　Ｘの生産基盤強化
補助対象者　：ＴＯＫＹＯ　Ｘ生産組合
補助対象経費：販売促進費用、出荷調整費用、新規生産者の畜舎衛生管理等に要する経費
負担割合　　：都2/3～10/10、事業者～1/3",5,民間団体,"29,190 ",産業労働局農林水産部農業振興課,03-5320-4842,
2026,15,産業労働局,11,農林水産,配合飼料価格高騰緊急対策事業,配合飼料価格高騰緊急対策補助金,"補助金の目的：飼料等の価格上昇により影響を受ける畜産農家の負担を減らすため
補助対象者　：全国農業協同組合等
補助対象経費：積立金補助、事務費補助
負担割合：都4/5（事務費については都10/10）",5,民間団体,"5,160 ",産業労働局農林水産部農業振興課,03-5320-4842,
2026,15,産業労働局,11,農林水産,'国産粗飼料流通円滑化支援事業,国産粗飼料流通円滑化支援事業費補助金,"補助金の目的：国産粗飼料の流通の円滑化　
補助対象者　：東京都酪農業協同組合等
補助対象経費：国産粗飼料購入するための経費、自給粗飼料の種子購入費、国産粗飼料成分分析経費、事務費
負担割合：都4/5、事業者1/5 （事務費については都10/10）",5,民間団体,"52,680 ",産業労働局農林水産部農業振興課,03-5320-4842,
2026,15,産業労働局,11,農林水産,畜産経営継続支援事業,畜産経営継続支援事業費補助金,"補助金の目的：畜産経営継承の推進
補助対象者　：畜産経営体
補助対象経費：事業継承に係る土地建物現況確認経費、畜舎等の改修
負担割合：都1/2～3/4、事業者1/2～1/4",5,民間団体,"3,000 ",産業労働局農林水産部農業振興課,03-5320-4842,
2026,15,産業労働局,11,農林水産,東京ブランド牛乳支援事業,東京ブランド牛乳支援事業費補助金,"補助金の目的：特定遺伝子保有牛群への改良による東京ブランド牛乳の更なる高品質・高付加価値化の推進
補助対象者　：東京都酪農業協同組合
補助対象経費：特定遺伝子を保有する牛群への改良を推進するために必要な経費
負担割合：都1/2、事業者1/2",5,民間団体,"13,500 ",産業労働局農林水産部農業振興課,03-5320-4842,
2026,15,産業労働局,11,農林水産,蜜蜂の適正管理と調和推進事業,蜜蜂の適正管理と調和推進事業費補助金,"補助金の目的：蜜蜂の適正な管理と都民と養蜂産業が共生する東京の街づくりの推進
補助対象者　：養蜂生産者団体等
補助対象経費：講習会開催、公共エリアの分蜂対応、都民に対する啓発の推進に係る経費
負担割合：都1/2、事業者1/2",5,民間団体,"3,000 ",産業労働局農林水産部農業振興課,03-5320-4842,
2026,15,産業労働局,11,農林水産,青梅畜産センター等運営補助,青梅畜産センター事業,"補助金の目的：高品質な種畜、種鶏の生産・供給
補助対象者　：公益財団法人東京都農林水産振興財団
補助対象経費：青梅畜産センターの運営に要する経費
負担割合　　：都10/10",3,政策連携団体,"230,708 ",産業労働局農林水産部農業振興課,03-5320-4842,
2026,15,産業労働局,11,農林水産,青梅畜産センター等運営補助,堆肥センター事業,"補助金の目的：未利用有機質資源の堆肥化利用を通じた畜産振興
補助対象者　：公益財団法人東京都農林水産振興財団
補助対象経費：有機農業堆肥センターの運営に要する経費
負担割合　　：都10/10",3,政策連携団体,"54,781 ",産業労働局農林水産部農業振興課,03-5320-4842,
2026,15,産業労働局,11,農林水産,青梅畜産センター等運営補助,青梅畜産センター等施設管理,"補助金の目的：青梅畜産センター及び有機堆肥センターの施設整備
補助対象者　：公益財団法人東京都農林水産振興財団
補助対象経費：青梅畜産センター及び有機農業堆肥センターの維持管理に要する経費
負担割合　　：都10/10",3,政策連携団体,"11,532 ",産業労働局農林水産部農業振興課,03-5320-4842,
2026,15,産業労働局,11,農林水産,地域防疫清浄化対策,生産農場清浄化対策,"補助金の目的：ヨーネ病、牛ウイルス性下痢、牛伝染性リンパ腫に感染している牛を淘汰する
補助対象者　：都内の牛飼養者
補助対象経費：当該牛の評価額から利用額を控除した額
負担割合　　：都1/3以内",6,一般都民,201 ,産業労働局農林水産部食料安全課,03-5320-4845,
2026,15,産業労働局,11,農林水産,地域防疫清浄化対策,ワクチン接種の推進,"補助金の目的：アカバネ病、イバラキ病、牛6種混合のワクチン接種を推進する
補助対象者　：都内の牛飼養者
補助対象経費：上述の３種類の接種料金の一部
負担割合　　：アカバネ病556円、牛６種混合573円",6,一般都民,"1,420 ",産業労働局農林水産部食料安全課,03-5320-4845,
2026,15,産業労働局,11,農林水産,牛海綿状脳症（BSE)対策,死亡牛処理費補助,"補助金の目的：死亡牛の処理・運搬費用を補助する
補助対象者　：都内の牛飼養者
補助対象経費：死亡牛の処理・運搬費用の一部
負担割合　　：運搬費最大3,500円、処理費最大7,500円",6,一般都民,110 ,産業労働局農林水産部食料安全課,03-5320-4845,
2026,15,産業労働局,11,農林水産,危機管理体制整備対策,特定家畜伝染病侵入防止対策事業費補助金,"補助金の目的：特定家畜伝染病の感染防止を推進する
補助対象者　：都内の家畜・家きん飼養者
補助対象経費：特定家畜伝染病の病原体の侵入を防止する取組
負担割合　　：1/2以内",6,一般都民,"4,675 ",産業労働局農林水産部食料安全課,03-5320-4845,
2026,15,産業労働局,11,農林水産,野生イノシシ豚熱対策（公）,野生イノシシ豚熱検体提供促進事業補助金,"補助金の目的：都内野生イノシシの豚熱の清浄性、浸潤状況確認検査のための検体提供促進
補助対象者　：鳥獣被害対策を事業内容とする都内狩猟団体、認定鳥獣捕獲等事業者
補助対象経費：都内で捕獲した野生イノシ シの血液を東京都家畜保健衛生所に提供する作業
負担割合　　：定額（6,000円/頭）",5,民間団体,780 ,産業労働局農林水産部食料安全課,03-5320-4845,
2026,15,産業労働局,11,農林水産,山村振興等特別対策,東京都地域特産化の推進費（山村・離島振興施設整備事業）補助金（市町村）,"補助金の目的：農山漁村の活性化、自立及び維持発展を推進
補助対象者　：市町村
補助対象経費：生産施設等の整備に要する経費
負担割合　　：都3/4、市町村等1/4",1,区市町村,"579,924 ",産業労働局農林水産部農業振興課,03-5320-4814,
2026,15,産業労働局,11,農林水産,東京農業経営強靱化事業,東京農業経営強靱化事業費補助金,"補助金の目的：経営力強化、都市農地の保全及び都市農業が持つ多面的機能の強化
補助対象者　：区市町
補助対象経費：生産施設等の整備に要する経費
負担割合（基本）：都1/2、区市町1/2
負担割合（加算措置適用）：都3/4、区市町1/4　（スマート農業、農振地域、再エネ利用、GAP・エコ認証、労働環境快適化・畜産経営強化）",1,区市町村,"763,464 ",産業労働局農林水産部農業振興課,03-5320-4814,https://www.sangyo-rodo.metro.tokyo.lg.jp/nourin/nougyou/shinkou/keieiryoku_2021/
2026,15,産業労働局,11,農林水産,東京農業経営強靱化事業,東京農業経営強靱化事業費補助金（認定新規就農者等）,"補助金の目的：経営力強化、都市農地の保全及び都市農業が持つ多面的機能の強化
補助対象者　：区市町（認定新規就農者等）
補助対象経費：生産施設等の整備に要する経費
負担割合　　：都3/4、区市町村1/4",1,区市町村,"207,059 ",産業労働局農林水産部農業振興課,03-5320-4814,https://www.sangyo-rodo.metro.tokyo.lg.jp/nourin/nougyou/shinkou/keieiryoku_2021/
2026,15,産業労働局,11,農林水産,持続可能な東京農業支援事業,持続可能な東京農業支援事業費補助金（運営費補助）,"補助金の目的：営農開始から経営発展まで、多方面から農業者を総合的に支援し続けることで「持続可能な東京農業」を実現する
補助対象者：農業団体　
補助対象経費：事業運営に必要な費用
負担割合：都10/10",5,民間団体,"63,186 ",産業労働局農林水産部農業振興課,03-5320-4814,
2026,15,産業労働局,11,農林水産,持続可能な東京農業支援事業,持続可能な東京農業支援事業費補助金（東京型スマート農業実装化促進）,"補助金の目的：営農開始から経営発展まで、多方面から農業者を総合的に支援し続けることで「持続可能な東京農業」を実現する
補助対象者：農業団体　　　受益者：認定農業者・認定新規就農者等
補助対象経費：ア　スマート技術を導入する農家に対し、専門家からの指導や助言を実施するために必要な費用
イ　東京型スマート農業の実施に必要な機械機器等の導入費補助にかかる費用
負担割合：ア 都10/10　イ都2/3、農業者1/3",5,民間団体,"65,258 ",産業労働局農林水産部農業振興課,03-5320-4814,
2026,15,産業労働局,11,農林水産,持続可能な東京農業支援事業,持続可能な東京農業支援事業費補助金（新規就農者初期投資支援）,"補助金の目的：営農開始から経営発展まで、多方面から農業者を総合的に支援し続けることで「持続可能な東京農業」を実現する
補助対象者：農業団体　　　受益者：認定新規就農者等
補助対象経費：ア 営農開始時に必要な機械機器等の導入費補助に必要な費用、イ 新規就農者の販路先開拓や農業者間の交流等の支援費用
負担割合：ア 都3/4、農業者1/4　イ 都10/10",5,民間団体,"75,000 ",産業労働局農林水産部農業振興課,03-5320-4814,
2026,15,産業労働局,11,農林水産,持続可能な東京農業支援事業,持続可能な東京農業支援事業費補助金（環境配慮型農業への転換促進対策）,"補助金の目的：営農開始から経営発展まで、多方面から農業者を総合的に支援し続けることで「持続可能な東京農業」を実現する
補助対象者：農業団体　　　受益者：認定農業者、認定新規就農者等
補助対象経費：環境配慮型農業への転換に必要となる農業用資材の購入費用
負担割合：都1/2、農業者1/2",5,民間団体,"94,100 ",産業労働局農林水産部農業振興課,03-5320-4814,
2026,15,産業労働局,11,農林水産,持続可能な東京農業支援事業,持続可能な東京農業支援事業費補助金（暑熱対策推進）,"補助金の目的：営農開始から経営発展まで、多方面から農業者を総合的に支援し続けることで「持続可能な東京農業」を実現する
補助対象者：農業団体　　　受益者：認定農業者、認定新規就農者等
補助対象経費：農作業環境の暑熱対策となる機械機器・資材等の購入費用
負担割合：都2/3、農業者1/3",5,民間団体,"34,934 ",産業労働局農林水産部農業振興課,03-5320-4814,
2026,15,産業労働局,11,農林水産,持続可能な東京農業支援事業,持続可能な東京農業支援事業費補助金（農作業省力化推進）,"補助金の目的：営農開始から経営発展まで、多方面から農業者を総合的に支援し続けることで「持続可能な東京農業」を実現する
補助対象者：農業団体　　　受益者：認定農業者、認定新規就農者等
補助対象経費：農作業を省力化できる機械機器等の購入費用
負担割合：都1/2、農業者1/2",5,民間団体,"25,600 ",産業労働局農林水産部農業振興課,03-5320-4814,
2026,15,産業労働局,11,農林水産,チャレンジ農業支援事業,チャレンジ農業支援事業費補助金,"補助金の目的：「稼ぐ農業」の推進による東京農業の産業力強化
補助対象者　：公益財団法人東京都農林水産振興財団
補助対象経費：農業経営の多角化・改善に向けた新たな取組み等に要する経費
負担割合　　：都10/10",3,政策連携団体,"30,334 ",産業労働局農林水産部農業振興課,03-5320-4814,https://www.tokyo-aff.or.jp/site/challenge/34181.html
2026,15,産業労働局,11,農林水産,農業次世代人材投資事業（公）,農業次世代人材投資事業費補助,"補助金の目的：新たな農業の担い手確保
補助対象者　：市町村
補助対象経費：給付金
負担割合　　：国10/10",1,区市町村,700 ,産業労働局農林水産部農業振興課,03-5320-4814,https://www.sangyo-rodo.metro.tokyo.lg.jp/nourin/nougyou/shuunou/jisedai/
2026,15,産業労働局,11,農林水産,新規就農者育成総合対策（公）,経営発展支援事業,"補助金の目的：新たな農業の担い手確保
補助対象者　：市町村
補助対象経費：施設整備等に要する経費
負担割合　　：国1/2、都1/2、事業者1/4",1,区市町村,"7,600 ",産業労働局農林水産部農業振興課,03-5320-4814,https://www.sangyo-rodo.metro.tokyo.lg.jp/nourin/nougyou/shuunou/jisedai
2026,15,産業労働局,11,農林水産,新規就農者育成総合対策（公）,就農準備資金,"補助金の目的：新たな農業の担い手確保
補助対象者　：新規就農者
補助対象経費：給付金
負担割合　　：国10/10",5,民間団体,"19,750 ",産業労働局農林水産部農業振興課,03-5320-4814,https://www.sangyo-rodo.metro.tokyo.lg.jp/nourin/nougyou/shuunou/jisedai
2026,15,産業労働局,11,農林水産,農園芸作物の生産販売力強化支援事業,農園芸作物の生産販売力強化支援事業費補助金,"補助金の目的：都内花き・植木生産団体の生産販売力強化の支援
補助対象者　：農業協同組合
補助対象経費：生産販売力強化のための取組に要する経費
負担割合　　：都1/2（山村・離島地域は2/3）",5,民間団体,"1,500 ",産業労働局農林水産部農業振興課,03-5320-4814,https://www.sangyo-rodo.metro.tokyo.lg.jp/nourin/nougyou/shuunou/jisedai
2026,15,産業労働局,11,農林水産,新規就農者育成総合対策（公）,経営開始資金,"補助金の目的：新たな農業の担い手確保
補助対象者　：区市町村
補助対象経費：給付金
負担割合　　：国10/10",1,区市町村,"72,000 ",産業労働局農林水産部農業振興課,03-5320-4814,https://www.sangyo-rodo.metro.tokyo.lg.jp/nourin/nougyou/shuunou/jisedai
2026,15,産業労働局,11,農林水産,新規就農者育成総合対策,都市地域農業経営開始資金,"補助金の目的：新たな農業の担い手確保
補助対象者　：市町村
補助対象経費：給付金
負担割合　　：都10/10",1,区市町村,"28,800 ",産業労働局農林水産部農業振興課,03-5320-4814,https://www.sangyo-rodo.metro.tokyo.lg.jp/nourin/nougyou/shuunou/jisedai
2026,15,産業労働局,11,農林水産,新規就農者育成総合対策,新規就農者移住支援,"補助金の目的：新たな農業の担い手確保
補助対象者　：市町村
補助対象経費：給付金
負担割合　　：都10/10",1,区市町村,"5,300 ",産業労働局農林水産部農業振興課,03-5320-4814,https://www.sangyo-rodo.metro.tokyo.lg.jp/nourin/nougyou/shuunou/jisedai
2026,15,産業労働局,11,農林水産,農地長期貸借促進奨励事業,農地長期貸借促進奨励事業費補助金,"補助金の目的：農業の担い手育成や農地保全の推進
補助対象者　：農業団体（間接補助事業）
受益者：新規就農者等と一定期間以上の長期の賃貸借契約を行う農地所有者",5,民間団体,"98,683 ",産業労働局農林水産部農業振興課,03-5320-4814,
2026,15,産業労働局,11,農林水産,野菜供給確保対策,東京都野菜供給確保対策事業費補助金,"補助金の目的：都民の消費生活及び野菜生産者の経営安定
補助対象者　：公益財団法人東京都農林水産振興財団
補助対象経費：価格差補給金の資金造成
負担割合　　：国1/2、都1/4、生産者1/4",3,政策連携団体,"2,221 ",産業労働局農林水産部農業振興課,03-5320-4814,https://www.tokyo-aff.or.jp/soshiki/2/33426.html
2026,15,産業労働局,11,農林水産,野菜供給確保対策,東京都地域特産野菜供給確保対策事業費補助金,"補助金の目的：都民の消費生活及び野菜生産者の経営安定
補助対象者　：公益財団法人東京都農林水産振興財団
補助対象経費：①価格差補給金の資金造成、②事業実施に要する経費
負担割合　　：①都1/2、市町村1/4、生産者1/4、②都10/10",3,政策連携団体,"1,739 ",産業労働局農林水産部農業振興課,03-5320-4814,https://www.tokyo-aff.or.jp/site/business/33427.html
2026,15,産業労働局,11,農林水産,経営所得安定対策の推進（公）,東京都経営所得安定対策等推進事業費補助金,"補助金の目的：農業経営の安定及び食料の安定供給
補助対象者　：東京都農業再生協議会
補助対象経費：推進活動、要件確認等に必要となる経費
負担割合　　：国10/10",5,民間団体,5 ,産業労働局農林水産部農業振興課,03-5320-4814,https://www.sangyo-rodo.metro.tokyo.lg.jp/nourin/nougyou/shinkou/shotoku/
2026,15,産業労働局,11,農林水産,江戸東京野菜生産流通拡大事業,東京都江戸東京野菜生産流通拡大事業費補助金,"補助金の目的：江戸東京野菜の産地化推進、供給力強化
補助対象者　：農業団体（東京都農業協同組合中央会）
補助対象経費：事業推進組織整備、産地化推進、流通改善・販路拡大に要する経費等
負担割合　　：都10/10",5,民間団体,"43,750 ",産業労働局農林水産部農業振興課,03-5320-4814,
2026,15,産業労働局,11,農林水産,青年農業者確保育成対策,東京都青年農業者確保育成推進事業費補助金,"補助金の目的：青年農業者の円滑な就農に向けた体制整備
補助対象者　：公益財団法人東京都農林水産振興財団
補助対象経費：就農支援活動、相談活動に要する経費等
負担割合　　：都10/10",3,政策連携団体,"3,806 ",産業労働局農林水産部農業振興課,03-5320-4814,https://www.tokyo-aff.or.jp/site/youth/
2026,15,産業労働局,11,農林水産,担い手確保育成及び女性就農支援事業,担い手確保育成及び女性就農支援事業費補助金,"補助金の目的：安定的な農業経営の担い手として確保・育成
補助対象者　：公益財団法人東京都農林水産振興財団
補助対象経費：担い手確保育成及び女性就農支援、 担い手確保ＰＲ
負担割合　　：都10/10",3,政策連携団体,"11,689 ",産業労働局農林水産部農業振興課,03-5320-4814,
2026,15,産業労働局,11,農林水産,女性が輝く東京農業特別支援事業,女性が輝く東京農業支援費補助金,"補助金の目的：女性農業者グループの活動及びネットワーク形成の支援
補助対象者　：女性農業者グループ
補助対象経費：グループ活動に要する経費
負担割合　　：都1/2",6,一般都民,"3,125 ",産業労働局農林水産部農業振興課,03-5320-4814,https://www.sangyo-rodo.metro.tokyo.lg.jp/nourin/nougyou/shuunou/akademi/
2026,15,産業労働局,11,農林水産,八王子研修農場事業,東京農業アカデミー八王子研修農場事業費補助金,"補助金の目的：就農希望者の研修体制の充実及び担い手確保
補助対象者　：公益財団法人東京都農林水産振興財団
補助対象経費：研修農場の運営に要する経費
負担割合　　：都10/10",3,政策連携団体,"152,658 ",産業労働局農林水産部農業振興課,03-5320-4814,https://www.sangyo-rodo.metro.tokyo.lg.jp/nourin/nougyou/shuunou/akademi/
2026,15,産業労働局,11,農林水産,雇用就農推進事業 ,雇用就農推進事業費補助金,"補助金の目的：法人による新たな農業参入及び雇用就農を促進
補助対象者　：農業会議
補助対象経費：都内で新たに農業参入する法人が雇用就農者を雇用する経費
負担割合　　：都10/10以内",5,民間団体,"20,800 ",産業労働局農林水産部農業振興課,03-5320-4814,
2026,15,産業労働局,11,農林水産,農業スポットワーク活用促進事業,農業スポットワーク活用促進事業奨励金,"補助金の目的：農業者のスポットワーカー活用を促進
補助対象者　：スポットワークを利用する農業者
補助対象経費：スポットワーク初回利用経費
負担割合　　：定額",6,一般都民,500 ,産業労働局農林水産部農業振興課,03-5320-4814,
2026,15,産業労働局,11,農林水産,農業スポットワーク活用促進事業,農業スポットワーク活用促進事業費補助金,"補助金の目的：農業者のスポットワーカー活用を促進
補助対象者　：農業会議
補助対象経費：事業運営に係る事務費
負担割合　　：都10/10",5,民間団体,"2,000 ",産業労働局農林水産部農業振興課,03-5320-4814,
2026,15,産業労働局,11,農林水産,東京農業法人育成支援事業,東京農業法人育成支援事業費補助金,"補助金の目的：法人の経営規模拡大や都外法人の都内農業参入を促進することで、農地の減少を食い止める
補助対象者：都内で新たに農地を0.5ha以上集積し営農する法人
補助対象経費：大規模経営を展開するための施設等整備費や初年度の資材費（ランニングコスト）
負担割合：新たに集積した農地を含む経営耕地面積合計と法人の規模により異なるが、
（1）経営耕地面積が0.5ha以上1ha未満の場合（大企業・中小企業ともに）都1/2、法人1/2
（2）中小企業で経営耕地面積が1ha以上3ha未満、大企業で3ha以上の場合 都3/4、法人1/4
（3）大企業で経営耕地面積が1ha以上3ha未満の場合 都2/3、法人1/3
（4）中小企業で経営耕地面積が3ha以上の場合 都4/5、法人1/5",1,区市町村,"814,648 ",産業労働局農林水産部農業振興課,03-5320-4814,
2026,15,産業労働局,11,農林水産,農業者出産・育児期支援事業,農業者出産・育児期支援事業費補助金,"補助金の目的：農業経営体の安定的な農業生産を維持
補助対象者　：公益財団法人東京都農林水産振興財団
補助対象経費：事業運営に係る事務費
負担割合　　：都1/2",3,政策連携団体,"4,680 ",産業労働局農林水産部農業振興課,03-5320-4814,
2026,15,産業労働局,11,農林水産,農業共済団体補助,東京都農業共済組合事務費補助金,"補助金の目的：農業共済組合の財務健全化及び農業保険制度の健全な運営維持
補助対象者　：東京都農業共済組合
補助対象経費：経営健全化のための運営経費
負担割合　　：都10/10",5,民間団体,"14,000 ",産業労働局農林水産部農業振興課,03-5000-7188,https://www.sangyo-rodo.metro.tokyo.lg.jp/nourin/nougyou/shinkou/hoshou/
2026,15,産業労働局,11,農林水産,収入保険加入推進支援事業,東京都収入保険加入推進支援事業費補助金,"補助金の目的：収入保険への加入促進を通じて農業経営の安定を図る
補助対象者　：東京都農業共済組合
補助対象経費：加入推進支援に要する経費
負担割合　　：都10/10",5,民間団体,"12,313 ",産業労働局農林水産部農業振興課,03-5000-7188,https://www.sangyo-rodo.metro.tokyo.lg.jp/nourin/nougyou/shinkou/hoshou/
2026,15,産業労働局,11,農林水産,島しょ地域農業ＤＸ推進事業,事業費補助（島しょ地域農業ＤＸ推進事業）,"補助金の目的：デジタル技術の活用による農産物の安定生産・高品質化の実現
補助対象者　：市町村
補助対象経費：デジタル技術を活用した栽培制御技術の導入に要する経費等
負担割合　　：都10/10",1,区市町村,"103,600 ",産業労働局農林水産部農業振興課,"03-5320-4814
03-5320-4842",
2026,15,産業労働局,11,農林水産,農業近代化資金利子補給事業,農業近代化資金利子補給,"補助金の目的：農業者等に対する資金融資の円滑化による資本装備の高度化・農業経営の近代化
補助対象者　：融資機関
補助対象経費：農業近代化資金
負担割合　　：10/10",5,民間団体,"4,853 ",産業労働局農林水産部調整課,03-5000-7180,https://www.sangyo-rodo.metro.tokyo.lg.jp/nourin/about/yuushi/
2026,15,産業労働局,11,農林水産,農林水産振興財団の運営,公益財団法人東京都農林水産振興財団補助金,"補助金の目的：都内農林水産業の人材育成・経営安定対策・森林保全整備・都市緑化の推進
補助対象者　：公益財団法人東京都農林水産振興財団
補助対象経費：人件費・管理運営費
負担割合　　：都10/10",3,政策連携団体,"563,262 ",産業労働局農林水産部調整課,03-5320-4818,
2026,15,産業労働局,11,農林水産,造林対策,造林事業費補助（森林環境保全直接支援事業）,"補助金の目的：優良な育成単層林の人工林の造成を目的として行う地拵え、植栽、播種、施肥、低質林等における前生樹の伐倒、除去に係る経費について交付する。
補助対象者　：林業事業体
補助対象経費：事業費
負担割合　　：国3/10、都1/10、事業体3/5",5,民間団体,"2,602 ",産業労働局農林水産部森林課,0428-22-1159,https://www.sangyo-rodo.metro.tokyo.lg.jp/nourin/ringyou/promotion/zourin/
2026,15,産業労働局,11,農林水産,造林対策,造林事業費補助（一般造林整備事業）,"補助金の目的：優良な育成単層林の人工林の造成を目的として行う地拵え、植栽、播種、施肥、低質林等における前生樹の伐倒、除去に係る経費について交付する。
補助対象者　：林業事業体
補助対象経費：事業費
負担割合　　：都2/5、事業体3/5",5,民間団体,"28,175 ",産業労働局農林水産部森林課,0428-22-1159,https://www.sangyo-rodo.metro.tokyo.lg.jp/nourin/ringyou/promotion/zourin/
2026,15,産業労働局,11,農林水産,造林対策,高品質木材のための保育管理事業費補助金（造林対策）,"補助金の目的：高品質木材のための保育管理事業に要する経費について交付する。
補助対象者　：林業事業体
補助対象経費：事業費
負担割合　　：都2/5、事業体3/5",5,民間団体,"3,500 ",産業労働局農林水産部森林課,0428-22-1159,https://www.sangyo-rodo.metro.tokyo.lg.jp/nourin/ringyou/promotion/zourin/
2026,15,産業労働局,11,農林水産,間伐対策,間伐対策（公）,"補助金の目的：特定林分又は森林経営計画に基づいて行うものであって市町村森林整備計画に定められる標準伐期齢の林分で行う、適正な密度管理を目的とした不用木の除去、不良木の淘汰及び搬出集積に係る経費について交付する。
補助対象者　：林業事業体
補助対象経費：事業費
負担割合　　：国3/10、都7/25、事業体21/50",5,民間団体,"16,078 ",産業労働局農林水産部森林課,0428-22-1159,https://www.sangyo-rodo.metro.tokyo.lg.jp/nourin/ringyou/promotion/zourin/
2026,15,産業労働局,11,農林水産,間伐対策,間伐対策（単）,"補助金の目的：特定林分又は森林経営計画に基づいて行うものであって市町村森林整備計画に定められる標準伐期齢の林分で行う、適正な密度管理を目的とした不用木の除去、不良木の淘汰に係る経費について交付する。
補助対象者　：林業事業体
補助対象経費：事業費
負担割合　　：都29/50、事業体21/50",5,民間団体,"203,130 ",産業労働局農林水産部森林課,0428-22-1159,https://www.sangyo-rodo.metro.tokyo.lg.jp/nourin/ringyou/promotion/zourin/
2026,15,産業労働局,11,農林水産,間伐対策,間伐材搬出補助,"補助金の目的：間伐対策で発生した木の搬出集積に係る経費について交付する。
補助対象者　：林業事業体
補助対象経費：事業費
負担割合　　：都10/10",5,民間団体,"33,441 ",産業労働局農林水産部森林課,0428-22-1159,https://www.sangyo-rodo.metro.tokyo.lg.jp/nourin/ringyou/promotion/zourin/
2026,15,産業労働局,11,農林水産,間伐対策,森林作業道補助（公）,"補助金の目的：東京都森林作業道作設指針に則る作業道の改良であって、造林又は間伐事業と一体的に実施され、かつ国の要領に規定する事前計画に記載された既設の林内路網の状況から整備することが相当であると知事が認めたものに対し、交付する。
補助対象者　：林業事業体
補助対象経費：事業費
負担割合　　：国3/10、都7/25、事業体21/50",5,民間団体,"37,005 ",産業労働局農林水産部森林課,0428-22-1159,https://www.sangyo-rodo.metro.tokyo.lg.jp/nourin/ringyou/promotion/zourin/
2026,15,産業労働局,11,農林水産,間伐対策,森林作業道改良補助（公）,"補助金の目的：東京都森林作業道作設指針に則る作業道の改良であって、造林又は間伐事業と一体的に実施され、かつ国の要領に規定する事前計画に記載された既設の林内路網の状況から整備することが相当であると知事が認めたものに対し、交付する。
補助対象者　：林業事業体
補助対象経費：事業費
負担割合　　：国3/10、都7/25、事業体21/50",5,民間団体,113 ,産業労働局農林水産部森林課,0428-22-1159,https://www.sangyo-rodo.metro.tokyo.lg.jp/nourin/ringyou/promotion/zourin/
2026,15,産業労働局,11,農林水産,間伐対策,森林作業道改良補助（単）,"補助金の目的：東京都森林作業道作設指針に則る作業道の改良であって、造林又は間伐事業と一体的に実施され、かつ国の要領に規定する事前計画に記載された既設の林内路網の状況から整備することが相当であると知事が認めたものに対し、交付する。
補助対象者　：林業事業体
補助対象経費：事業費
負担割合　　：都29/50、事業体21/50",5,民間団体,113 ,産業労働局農林水産部森林課,0428-22-1159,https://www.sangyo-rodo.metro.tokyo.lg.jp/nourin/ringyou/promotion/zourin/
2026,15,産業労働局,11,農林水産,間伐対策,高品質木材のための保育管理事業費補助金（間伐対策）,"補助金の目的：高品質木材のための保育管理事業に要する経費について交付する。
補助対象者　：林業事業体
補助対象経費：事業費
負担割合　　：都2/5、事業体3/5",5,民間団体,400 ,産業労働局農林水産部森林課,0428-22-1159,
2026,15,産業労働局,11,農林水産,間伐対策,森林作業道整備促進,"補助金の目的：森林作業道整備において、搬出間伐等の計画により森林整備及び森林経営の効率化に資すると認められる木製構造物等の施設整備に係る経費について交付する。
補助対象者　：林業事業体
補助対象経費：事業費
負担割合　　：都10/10　又は　国3/10、都7/25、事業体21/50",5,民間団体,"3,995 ",産業労働局農林水産部森林課,0428-22-1159,https://www.sangyo-rodo.metro.tokyo.lg.jp/nourin/ringyou/promotion/zourin/
2026,15,産業労働局,11,農林水産,間伐材供給促進事業,間伐材供給促進事業補助金（間伐等）,"補助金の目的：採択要件を満たす区域内で、作業道の作設や間伐・枝打ち等に係る経費について交付する。
補助対象経費：事業費
負担割合　　：都７/10　国3/10",5,民間団体,"102,265 ",産業労働局農林水産部森林課,0428-22-1159,
2026,15,産業労働局,11,農林水産,間伐材供給促進事業,間伐材供給促進事業補助金（搬出等）,"補助金の目的：採択要件を満たす区域内で、間伐材搬出等に係る経費について交付する。
補助対象経費：事業費
負担割合　　：都10/10",5,民間団体,"25,387 ",産業労働局農林水産部森林課,0428-22-1159,
2026,15,産業労働局,11,農林水産,間伐材供給促進事業,間伐材供給促進事業補助金（機械化）,"補助金の目的：採択要件を満たす区域内で、搬出間伐に資すると認められる林業機械の導入に係る経費について交付する
補助対象者　：林業事業体
補助対象経費：事業費
負担割合　　：都9/10、事業体1/10",5,民間団体,"123,912 ",産業労働局農林水産部森林課,0428-22-1159,
2026,15,産業労働局,11,農林水産,森林資源を活用した魅力創出事業,森林資源を活用した魅力創出事業費補助金,"補助金の目的：多摩地域の森林の魅力を引き出すため、良好な景観の支障となっている立木を伐採し、園地整備を行い、自然・森林の恩恵を受けられるよう環境を整え、加えて地域の活性化を推進する。
補助対象者　：多摩地域6市町村
補助対象経費：工事費等
負担割合　　：都10/10",1,区市町村,"69,000 ",産業労働局農林水産部森林課,03-5320-4897,
2026,15,産業労働局,11,農林水産,島しょ観光資源・林産物生産振興事業,島しょ観光資源・林産物生産振興事業費補助金,"補助金の目的：各島の魅力を引き出すため、良好な景観の支障となっている立木の伐採及び園地整備、有用広葉樹の育成を促進するための伐採を行う経費について交付する。
補助対象者　：伊豆諸島、小笠原諸島の町村
補助対象経費：工事費等
負担割合　　：都10/10",1,区市町村,"24,500 ",産業労働局農林水産部森林課,03-5320-4897,
2026,15,産業労働局,11,農林水産,種苗確保等,東京都林業用優良種苗生産事業等補助金,"補助金の目的：東京都産の優良な種苗生産の安定化を図るため、①裸苗生産補助、②コンテナ苗生産補助を実施する。
補助対象者　：林業種苗生産団体
補助対象経費：生産経費
負担割合　　：①都1/2、事業者1/2、②都1/8、事業者7/8",5,民間団体,"2,592 ",産業労働局農林水産部森林課,0428-22-1159,
2026,15,産業労働局,11,農林水産,種苗確保等,東京都苗木生産施設整備支援事業費補助金,"補助金の目的：スギ及びヒノキ苗木の生産に必要な施設整備に要する経費を助成する。
補助対象者　：林業種苗生産団体
補助対象経費：苗木生産施設に係る経費
負担割合　　：都1/2、事業者1/2",5,民間団体,"2,475 ",産業労働局農林水産部森林課,0428-22-1159,
2026,15,産業労働局,11,農林水産,森林循環に資する花粉発生源対策（主伐等）,森林循環に資する花粉発生源対策事業費補助金,"補助金の目的：森林の循環を促進し、花粉の削減と多摩産材の安定供給を図るために森林循環促進事業に要する経費及び貯木場用地の借上げに要する経費に対して交付する。
補助対象者　：（公財）東京都農林水産振興財団
補助対象経費：人件費等、使用料
負担割合　　：都10/10",3,政策連携団体,"85,371 ",産業労働局農林水産部森林課,03-5320-4867,
2026,15,産業労働局,11,農林水産,林道事業,東京都林道事業補助金（都単）,"補助金の目的：市町村が森林の保全、林業の振興及び居住環境整備のために各々の森林整備計画において林道整備事業を計画し、当該林道補助事業を行う場合に交付する。
補助対象者　：市町村
補助対象経費：工事費等
負担割合　　：都4/5、市町村1/5(林道開設)、都7/10、市町村3/10又は都10/10(林道改良)、都10/10(林道高規格化、林道整備促進事業)",1,区市町村,"304,871 ",産業労働局農林水産部森林課,03-5320-4858,
2026,15,産業労働局,11,農林水産,森林経営効率化支援事業,森林経営効率化支援事業費補助金,"補助金の目的：所有境界の不明森林において、境界明確化等への支援を行うことにより、効率的な施業の実施を促進し、林業経営の基盤を確立していくことを目的とする。
補助対象者　：林業事業体
補助対象経費：①説明会開催経費　②境界確認立会　③境界確認測量
負担割合　　：①都1/2、事業体1/2　②③10/10　",5,民間団体,"205,170 ",産業労働局農林水産部森林課,0428-22-1159,
2026,15,産業労働局,11,農林水産,伐採を促進する契約合意支援事業,伐採を促進する契約合意支援事業費補助金,"補助金の目的：所有不明森林および境界が不明瞭な森林において、相続人への登記等の補助、境界の現地立会に係る経費を支援し、伐採促進につなげることを目的とする。
補助対象者　：森林所有者
補助対象経費：①相続人の登記・調査等経費補助　②相続人の登記等調整労力への謝金　③現地立会に係る補助
負担割合　　：①③10/10　　②都1/2、事業体1/2",6,一般都民,"208,836 ",産業労働局農林水産部森林課,0428-22-1159,
2026,15,産業労働局,11,農林水産,林業経営体強化に資する山の相談支援事業,林業経営体強化に資する山の相談支援事業費補助金,"補助金の目的：森林所有者からの相談内容に基づき実施される森林調査や森林整備計画立案に必要な経費を交付する。
補助対象者　：林業経営体
補助対象経費：森林調査、森林整備計画立案等
負担割合　　：都10/10",5,民間団体,"9,320 ",産業労働局農林水産部森林課,03-5320-4854,
2026,15,産業労働局,11,農林水産,シカ害防止対策,多摩の裸山（シカ被害地）のみどり復活プロジェクト（シカ害防止対策）事業費補助金,"補助金の目的：多摩の裸山（シカ被害地）のみどり復活プロジェクト実施要綱及び実施要領に基づいて行うシカ害防止対策事業に要する経費を交付する。
補助対象者　：市町村
補助対象経費：シカ捕獲に必要な諸経費
負担割合　　：都2/3、市1/3　又は　都10/10",1,区市町村,"35,393 ",産業労働局農林水産部森林課,0428-22-1156,
2026,15,産業労働局,11,農林水産,搬出困難箇所における森林整備事業,搬出困難地における森林整備事業費補助金,"補助金の目的：人家や公共施設等近隣の搬出困難箇所に接する森林において実施する、花粉発生源対策や防災機能強化のための森林整備に必要な経費につき交付する。
補助対象者　：市町村
補助対象経費：事業費等
負担割合　　：都4/5、市1/5",1,区市町村,"36,000 ",産業労働局農林水産部森林課,0428-22-1159,
2026,15,産業労働局,11,農林水産,木材利用普及啓発強化推進事業,木材利用普及啓発強化推進事業費補助金（木材利用普及啓発強化推進事業）,"補助金の目的：
①木材利用の推進を図ることを目的とした行事の開催等に係る経費を補助することにより、森林の循環維持等に資することを目的とする。
②多摩産材の利用や多摩産材を使用した家づくりを推進するイベントの開催等に係る経費を補助することにより、木材利用の推進及び健全な森林の維持を図ることを目的とする。
補助対象者　：①東京都木材団体連合会・東京都合板組合連合会
　　　　　　　　　②都内で木材利用の普及啓発を行う団体
補助対象経費：行事開催経費
負担割合　　：都3/4、事業体1/4",5,民間団体,"6,200 ",産業労働局農林水産部森林課,03-5320-4855,https://www.sangyo-rodo.metro.tokyo.lg.jp/nourin/ringyou/kiiku/tama/
2026,15,産業労働局,11,農林水産,多摩産材の利用拡大,公共施設への多摩産材利用促進プロジェクト事業費補助金,"補助金の目的：公共施設において、東京の木多摩産材等を積極的にPRするために行う施設の木造化や内装木質化、木製什器、木製外構施設等の施設整備に係る経費を補助することにより、利用者が日常的に多摩産材等とふれあう場を創出し、多摩産材等の利用拡大を図ることを目的とする。
補助対象者　：区市町村
補助対象経費：工事費等
負担割合　　：都1/2、区市町村1/2",1,区市町村,"270,000 ",産業労働局農林水産部森林課,03-5320-4897,https://www.sangyo-rodo.metro.tokyo.lg.jp/nourin/ringyou/kiiku/tama/sanzai/kokyo/
2026,15,産業労働局,11,農林水産,多摩産材の利用拡大,にぎわい施設で目立つ多摩産材推進事業事務費補助金,"補助金の目的：にぎわい施設で目立つ多摩産材推進事業（基金事業）の実施に必要な事務費等に係る経費について交付する。
補助対象者　：（公財）東京都農林水産振興財団
補助対象経費：事務費等
負担割合　　：都10/10",3,政策連携団体,"2,539 ",産業労働局農林水産部森林課,03-5320-4855,https://www.sangyo-rodo.metro.tokyo.lg.jp/nourin/ringyou/kiiku/tama/sanzai/nigiwai/index.html
2026,15,産業労働局,11,農林水産,多摩産材の利用拡大,森と木の利活用促進支援事業費補助金,"補助金の目的：多摩産材の利用拡大に向けた普及啓発を目的とするイベントや展示会、情報収集・発信、その他木育活動等に係る経費を支援することにより、木材利用の拡大を図る。
補助対象者　：都内で木材利用の普及啓発を行う団体
補助対象経費：行事開催経費
負担割合　　：都3/4、事業体1/4",5,民間団体,"15,000 ",産業労働局農林水産部森林課,03-5320-4855,
2026,15,産業労働局,11,農林水産,多摩産材の利用拡大,木材加工流通施設等の整備支援事業費補助金,"補助金の目的：都内の木材加工流通施設に係る整備に必要な経費について交付する。
補助対象者　：多摩産材認証協議会登録の製材事業者
補助対象経費：施設整備費
負担割合　　：都1/2、事業体1/2",5,民間団体,"57,500 ",産業労働局農林水産部森林課,0428-22-1162,
2026,15,産業労働局,11,農林水産,多摩産材の利用拡大,多摩産材流通拠点整備事業費補助金,"補助金の目的：木材流通施設に係る整備に必要な経費について交付する。
補助対象者　：多摩木材協同組合
補助対象経費：施設整備費
負担割合　　：都9/10、事業体1/10",5,民間団体,"38,700 ",産業労働局農林水産部森林課,0428-22-1162,
2026,15,産業労働局,11,農林水産,多摩産材の利用拡大,製材業供給力強化事業費補助金,"補助金の目的：製材業において、労働安全対策及びJAS認証の取得／更新に係る経費を支援し、労働災害の防止、業務環境の構築を行うことで多摩産材の利用拡大につなげる
補助対象者　：都内製材業者
補助対象経費：①安全衛生対策に係る費用　②JAS認証取得関連費用
負担割合　　：①：上限100千円／人　②都1/2　事業体1/2",5,民間団体,"2,900 ",産業労働局農林水産部森林課,03-5320-4855,
2026,15,産業労働局,11,農林水産,中・大規模建築物等の木造木質化促進事業,中・大規模建築物の木造木質化支援事業事務費補助金,"補助金の目的：中・大規模建築物の木造木質化支援事業（基金事業）の実施に必要な事務費等に係る経費について交付する。
補助対象者　：（公財）東京都農林水産振興財団
補助対象経費：事務費等
負担割合　　：都10/10",3,政策連携団体,"7,351 ",産業労働局農林水産部森林課,03-5320-4855,https://www.sangyo-rodo.metro.tokyo.lg.jp/nourin/ringyou/kiiku/moku/chudaikibo/
2026,15,産業労働局,11,農林水産,林業先進技術導入事業,林業先進技術導入事業補助金,"補助金の目的：林業先進技術導入事業に係る財団固有職員の人件費を補助する
補助対象者　：（公財）東京都農林水産振興財団
補助対象経費：事務費等
負担割合　　：都10/10
",3,政策連携団体,"7,817 ",産業労働局農林水産部森林課,03-5320-4854,
2026,15,産業労働局,11,農林水産,木育活動の推進,保育園等による木育活動の支援事業費補助金,"補助金の目的：未就学児が生活・活動する施設等において、森林の役割や木材の良さ・利用意義等を学ぶ木育活動に係る経費を補助することにより、子供だけでなく大人も木や森への親しみを深め、多摩産材の利用拡大を図るとともに、森づくりへの意識向上を図ることを目的とする。
補助対象者　：民間保育園、幼稚園等
補助対象経費：内装木質化、木瀬遊具等に係る経費
負担割合　　：都1/2、事業体1/2
問合せ先：（23区）森林課 木材流通担当03-5320-4855
（多摩）東京都森林事務所 森林産業課　振興担当 0428-22-1162",5,民間団体,"60,000 ",産業労働局農林水産部森林課,03-5320-4855,https://www.sangyo-rodo.metro.tokyo.lg.jp/nourin/ringyou/kiiku/mokuiku/
2026,15,産業労働局,11,農林水産,木育活動の推進,東京の森林を支える未来の担い手育成支援事業補助金,"補助金の目的：東京の森林を支える未来の担い手育成支援事業の実施に必要な事務費等に係る経費について交付する。
補助対象者　：（公財）東京都農林水産振興財団
補助対象経費：事務費等
負担割合　　：都10/10
問合せ先：（公財）東京都農林水産振興財団　042-528-0541",3,政策連携団体,"2,907 ",産業労働局農林水産部森林課,03-5320-4861,
2026,15,産業労働局,11,農林水産,林業労働力総合対策事業,林業労働力総合対策事業費補助金,"補助金の目的：林業技術者の確保・育成、林業経営体等の強化に必要な経費について交付する。
補助対象者　：（公財）東京都農林水産振興財団
補助対象経費：事務費
負担割合　　：都10/10
問合せ先：東京都林業労働力確保支援センター　042-528-0643",3,政策連携団体,"68,521 ",産業労働局農林水産部森林課,03-5320-4867,
2026,15,産業労働局,11,農林水産,林業労働力総合対策事業,林業労働力総合対策事業費補助金（政策連携団体）,"補助金の目的：林業技術者の確保・育成に必要な経費について交付する。
補助対象者　：（公財）東京都農林水産振興財団
補助対象経費：研修費
負担割合　　：国1/2、都1/2
問合せ先：東京都林業労働力確保支援センター　042-528-0643",3,政策連携団体,640 ,産業労働局農林水産部森林課,03-5320-4867,
2026,15,産業労働局,11,農林水産,林業労働力総合対策事業,林業労働力総合対策事業費補助金（民間団体）,"補助金の目的：林業経営体等の強化に必要な経費について交付する。
補助対象者　：林業・木材製造業労働災害防止協会東京都支部
補助対象経費：事業費
負担割合　　：国1/2、都1/2
問合せ先：林業・木材製造業労働災害防止協会東京都支部　03-5569-2211",5,民間団体,570 ,産業労働局農林水産部森林課,03-5320-4867,
2026,15,産業労働局,11,農林水産,林業機械化促進事業,林業機械化促進事業費補助金,"補助金の目的：林業機械・装備等の整備費用助成事業に必要な経費について交付する。
補助対象者　：（公財）東京都農林水産振興財団
補助対象経費：事務費
負担割合　　：都10/10
問合せ先：東京都林業労働力確保支援センター　042-528-0643",3,政策連携団体,"104,950 ",産業労働局農林水産部森林課,03-5320-4867,
2026,15,産業労働局,11,農林水産,農林水産物認証取得支援事業,農林水産物認証取得支援事業（森林認証取得支援事業）費補助金,"補助金の目的：東京都内における持続可能性に配慮した農林水産業を実現するため、認証取得者の販路を維持し、または認証を取得することで収益拡大を目指す農林水産業者等に対して、その取得等に係る経費について交付する。
補助対象者　：（公財）東京都農林水産振興財団
補助対象経費：認証取得経費
負担割合　　：都10/10
問合せ先：（公財）東京都農林水産振興財団　042-528-0510",3,政策連携団体,"6,500 ",産業労働局農林水産部森林課,03-5320-4860,
2026,15,産業労働局,11,農林水産,木の街並み創出事業,木の街並み創出事業事務費補助金,"補助金の目的：木の街並み創出事業（基金事業）の実施に必要な事務費等に係る経費について交付する。
補助対象者　：（公財）東京都農林水産振興財団
補助対象経費：事務費等
負担割合　　：都10/10",3,政策連携団体,"5,136 ",産業労働局農林水産部森林課,03-5320-4855,https://www.sangyo-rodo.metro.tokyo.lg.jp/nourin/ringyou/kiiku/machinami/
2026,15,産業労働局,11,農林水産,林産物生産支援事業,生産資材調達支援事業補助金,"補助金の目的：原木シイタケ生産に必要な経費について交付する。
補助対象者　：東京都椎茸生産組合連合会
補助対象経費：原木購入経費
負担割合　　：都10/10",5,民間団体,"7,560 ",産業労働局農林水産部森林課,03-5320-4861,
2026,15,産業労働局,11,農林水産,林産物生産支援事業,林産物搬出運搬支援事業補助金,"補助金の目的：広葉樹の搬出・運搬に必要な経費について交付する。
補助対象者　：林業事業体等
補助対象経費：広葉樹に係る搬出・運搬経費
負担割合　　：定額",5,民間団体,"9,820 ",産業労働局農林水産部森林課,03-5320-4861,
2026,15,産業労働局,11,農林水産,林産物生産支援事業,林産物販売促進支援事業補助金,"補助金の目的：広葉樹の搬出・運搬に必要な経費について交付する。
補助対象者　：林業事業体等
補助対象経費：広葉樹に係る搬出・運搬経費
負担割合　　：定額",5,民間団体,"1,000 ",産業労働局農林水産部森林課,03-5320-4861,
2026,15,産業労働局,11,農林水産,木材利用ポイント事業,木材利用ポイント事業費補助金,"補助金の目的：木材利用ポイント事業（基金事業）の実施に必要な事務費等に係る経費について交付する。
補助対象者　：（公財）東京都農林水産振興財団
補助対象経費：事務費等
負担割合　　：都10/10",3,政策連携団体,"6,242 ",産業労働局農林水産部森林課,03-5320-4861,
2026,15,産業労働局,11,農林水産,林業近代化資金利子補給,林業近代化資金利子補給,"補助金の目的：林業経営の合理化による林業の近代化
補助対象者　：林業者等
補助対象経費：林業近代化資金
負担割合　　：10/10",5,民間団体,910 ,産業労働局農林水産部調整課,03-5000-7180,https://www.sangyo-rodo.metro.tokyo.lg.jp/nourin/about/yuushi/
2026,15,産業労働局,11,農林水産,漁業調整対策,大中型まき網漁業等対策事業費補助金,"補助金の目的：大中型まき網漁業等対策事業に要する経費の補助
補助対象者　：東京都漁業協同組合連合会
補助対象経費：協議会の開催・運営に要する経費
負担割合　　：都1/2、事業者1/2",5,民間団体,500 ,産業労働局農林水産部水産課,03-5320-4886,
2026,15,産業労働局,11,農林水産,漁場利用調整対策,東京都地区海面利用協議会開催事業費補助金,"補助金の目的：東京都地区海面利用協議会開催事業に要する経費の補助
補助対象者　：伊豆・小笠原諸島の各町村
補助対象経費：地区協議会の開催・運営
負担割合　　：都1/2、町村1/2",1,区市町村,822 ,産業労働局農林水産部水産課,03-5320-4886,
2026,15,産業労働局,11,農林水産,漁場利用調整対策,内水面漁場利用促進指導事業費補助金,"補助金の目的：内水面漁場利用促進指導事業に要する経費の補助
補助対象者　：東京都内水面漁業協同組合連合会
補助対象経費：内水面利用対策事業、外来魚駆除対策事業
負担割合　　：国1/2、都1/4、事業者1/4",5,民間団体,355 ,産業労働局農林水産部水産課,03-5320-4886,
2026,15,産業労働局,11,農林水産,漁場環境改善対策,漁場環境改善対策事業費補助金,"補助金の目的：漁場環境改善対策事業に要する経費の補助
補助対象者　：東京都内水面漁業協同組合連合会
補助対象経費：カワウ被害対策事業
負担割合　　：都3/4、事業者1/4（カワウ被害対策）、都1/2、事業者1/2（内水面漁場保全）",5,民間団体,"5,705 ",産業労働局農林水産部水産課,03-5320-4886,
2026,15,産業労働局,11,農林水産,江戸前アユ資源を増やし活用するための支援事業,江戸前アユ資源活用対策事業費補助金,"補助金の目的：アユ産卵親魚放流事業に要する経費の補助
補助対象者　：東京都内水面漁業協同組合連合会
補助対象経費：アユ産卵親魚放流事業
負担割合　　：都4/5、事業者1/5",5,民間団体,"1,680 ",産業労働局農林水産部水産課,03-5320-4886,
2026,15,産業労働局,11,農林水産,魅力的な内水面漁場づくり支援事業,魅力的な内水面漁場づくり事業費補助金,"補助金の目的：魅力的な内水面漁場づくり事業に要する経費の補助
補助対象者　：東京都内水面漁業協同組合連合会・内水面漁協
補助対象経費：魅力的な内水面漁場づくり事業
負担割合　　：都4/5、事業者1/5",5,民間団体,"4,000 ",産業労働局農林水産部水産課,03-5320-4886,
2026,15,産業労働局,11,農林水産,魅力的な内水面漁場づくり支援事業,"魅力的な内水面漁場づくり事業費補助金
(電子遊漁券の導入）","補助金の目的：魅力的な内水面漁場づくり事業に要する経費の補助
補助対象者　：内水面漁業協同組合
補助対象経費：電子遊漁券の導入
負担割合　　：都10/10（上限400,000円）",5,民間団体,400 ,産業労働局農林水産部水産課,03-5320-4886,
2026,15,産業労働局,11,農林水産,栽培漁業センターの運営等,栽培漁業地域展開事業費補助金,"補助金の目的：栽培漁業地域展開事業に要する経費の補助
補助対象者　：町村
補助対象経費：①推進活動事業、②放流効果向上事業、③育成強化事業
負担割合　　：①②都1/2、町村1/2、③都2/5、町村3/5",1,区市町村,"4,930 ",産業労働局農林水産部水産課,03-5320-4886,
2026,15,産業労働局,11,農林水産,食害生物による漁業被害対策事業,食害生物による漁業被害対策事業補助金(サメ被害防除対策）,"補助金の目的：食害生物による漁業被害対策事業に要する経費の補助
補助対象者　：漁業協同組合
補助対象経費：サメ被害防除対策事業
負担割合　　：都1/2、町村1/4、事業者1/4",1,区市町村,"3,912 ",産業労働局農林水産部水産課,03-5320-4886,
2026,15,産業労働局,11,農林水産,食害生物による漁業被害対策事業,食害生物による漁業被害対策事業補助金（イルカ被害防除対策）,"補助金の目的：食害生物による漁業被害対策事業に要する経費の補助
補助対象者　：漁業協同組合
補助対象経費：イルカ被害防除対策事業
負担割合　　：都1/2、町村1/4、事業者1/4",1,区市町村,700 ,産業労働局農林水産部水産課,03-5320-4886,
2026,15,産業労働局,11,農林水産,内水面漁業振興対策,東京都内水面漁業環境活用施設整備事業費補助金,"補助金の目的：内水面漁業環境活用施設整備事業に要する経費の補助
補助対象者　：市町村
補助対象経費：内水面漁業振興対策事業
負担割合　　：都3/4、市町村等1/4",1,区市町村,"54,019 ",産業労働局農林水産部水産課,03-5320-4886,
2026,15,産業労働局,11,農林水産,島しょ漁業振興施設整備,島しょ漁業振興施設整備事業費補助金（区市町村）,"補助金の目的：島しょ漁業振興施設整備事業に要する経費の補助
補助対象者　：町村
補助対象経費：島しょ漁業振興施設整備事業
負担割合　　：都3/4、町村1/4",1,区市町村,"218,072 ",産業労働局農林水産部水産課,03-5320-4886,
2026,15,産業労働局,11,農林水産,内水面養殖事業を守り育てる事業,内水面養殖事業を守り育てる事業費補助金,"補助金の目的：養殖事業者が施設改修に要する経費の補助
補助対象者　：東京都鮎鱒養殖組合
補助対象経費：施設改修経費
負担割合　　：都3/4、事業者1/4",5,民間団体,"13,625 ",産業労働局農林水産部水産課,03-5320-4886,
2026,15,産業労働局,11,農林水産,島しょ海域における安心・安全な漁業活動の推進,船舶自動識別装置（AIS）設置支援事業費補助金,"補助金の目的：安全・安心な操業に要する経費の補助
補助対象者　：町村
補助対象経費：船舶自動識別装置設置経費
負担割合　　：都2/3、町村1/3（上限200,000円）",1,区市町村,"49,000 ",産業労働局農林水産部水産課,03-5320-4886,
2026,15,産業労働局,11,農林水産,漁協指導強化対策（単）,漁協指導強化対策事業費補助金（人件費）,"補助金の目的：漁協指導強化対策事業に要する経費の補助
補助対象者　：東京都漁業協同組合連合会
補助対象経費：派遣職員人件費
負担割合　　：都10/10",5,民間団体,"2,407 ",産業労働局農林水産部水産課,03-5320-6197,
2026,15,産業労働局,11,農林水産,漁協指導強化対策（単）,漁協指導強化対策事業費補助金（事務費）,"補助金の目的：漁協指導強化対策事業に要する経費の補助
補助対象者　：東京都漁業協同組合連合会
補助対象経費：派遣職員事務費
負担割合　　：都1/2、事業者1/2",5,民間団体,914 ,産業労働局農林水産部水産課,03-5320-6197,
2026,15,産業労働局,11,農林水産,漁業信用基金協会補助,漁業信用基金協会補助事業費補助金,"補助金の目的：協会の財政基盤強化と適正な事務執行体制の確保に要する経費の補助
補助対象者　：全国漁業信用基金協会東京支所
補助対象経費：協会支所職員の雇用に要する経費等
負担割合　　：都10/10",5,民間団体,"3,294 ",産業労働局農林水産部水産課,03-5320-6197,
2026,15,産業労働局,11,農林水産,東京の漁業人材確保・育成事業,東京の漁業を支える人材育成事業費補助金（民間団体）,"補助金の目的：新規漁業就業者の安定的な確保を図るために要する経費の補助
補助対象者　：東京都漁業協同組合連合会
補助対象経費：資格取得経費
負担割合　　：都4/5、事業者1/5",5,民間団体,"8,717 ",産業労働局農林水産部水産課,03-5320-6197,
2026,15,産業労働局,11,農林水産,東京の漁業人材確保・育成事業,東京の漁業を支える人材育成事業費補助金（民間団体：漁業経営体育成費）,"補助金の目的：新規漁業就業者の安定的な確保を図るために要する経費の補助
補助対象者　：東京都漁業協同組合連合会
補助対象経費：漁業経営体育成費
負担割合　　：都10/10",5,民間団体,"37,346 ",産業労働局農林水産部水産課,03-5320-6197,
2026,15,産業労働局,11,農林水産,東京の漁業人材確保・育成事業,東京の漁業人材を支える人材育成費補助金(民間団体：漁業経営体育成費（独立経営支援））,"補助金の目的：新規漁業就業者の安定的な確保を図るために要する経費の補助
補助対象者　：東京都漁業協同組合連合会
補助対象経費：漁業経営体育成費(独立経営支援)
負担割合　　：都10/10(最大100,000円/月、最長3年）",5,民間団体,"12,000 ",産業労働局農林水産部水産課,03-5320-6197,
2026,15,産業労働局,11,農林水産,東京の漁業人材確保・育成事業,東京の漁業人材を支える人材育成費補助金（民間団体 : 漁業経営体育成費（独立フォローアップ支援））,"補助金の目的：新規漁業就業者の安定的な確保を図るために要する経費の補助
補助対象者　：東京都漁業協同組合連合会
補助対象経費：漁業経営体育成費(独立フォローアップ支援)
負担割合　　：都10/10（30,000円/月、最長3年）",5,民間団体,"3,600 ",産業労働局農林水産部水産課,03-5320-6197,
2026,15,産業労働局,11,農林水産,東京の漁業人材確保・育成事業,東京の漁業を支える人材育成事業費補助金（区市町村）,"補助金の目的：新規漁業就業者の安定的な確保を図るために要する経費の補助
補助対象者　：町村
補助対象経費：家賃
負担割合　　：都4/5.町村1/5",1,区市町村,"3,168 ",産業労働局農林水産部水産課,03-5320-6197,
2026,15,産業労働局,11,農林水産,TOKYO魚食促進事業,TOKYO魚食促進事業費補助金,"補助金の目的：TOKYO魚食促進事業に要する経費の補助
補助対象者　：町村
補助対象経費：魚食担い手育成経費
負担割合　　：都3/4、事業体1/4",1,区市町村,"3,580 ",産業労働局農林水産部水産課,03-5320-4886,
2026,15,産業労働局,11,農林水産,東京産水産物の海外販路開拓,東京産水産物の海外販路開拓支援事業費補助金,"補助金の目的：海外販路開拓支援事業に要する経費の補助
補助対象者　：東京都漁業協同組合連合会
補助対象経費：海外販路開拓販促活動・トライアル出荷に要する経費
負担割合　　：都3/4、事業体1/4",5,民間団体,"17,778 ",産業労働局農林水産部水産課,03-5320-4886,
2026,15,産業労働局,11,農林水産,農林水産物認証取得支援事業,農林水産物認証取得支援事業（水産認証取得支援事業）費補助金,"補助金の目的：認証水産物の販路開拓経費等の補助
補助対象者　：（公財）東京都農林水産振興財団
補助対象経費：販路開拓コーディネーター経費等
負担割合　　：都2/3、財団1/3",3,政策連携団体,897 ,産業労働局農林水産部水産課,03-5320-4886,
2026,15,産業労働局,11,農林水産,離島漁業再生支援事業,東京都離島漁業再生支援事業費補助金,"補助金の目的：離島漁業の再生を図るために要する経費の補助
補助対象者　：町村
補助対象経費：離島漁業再生支援事業
負担割合　　：国1/2、都1/4、町村1/4",1,区市町村,"49,253 ",産業労働局農林水産部水産課,03-5320-4886,
2026,15,産業労働局,11,農林水産,離島漁業再生支援事業,東京都離島漁業新規就業者特別対策事業費補助金,"補助金の目的：離島漁業の再生を図るために要する経費の補助
補助対象者　：町村
補助対象経費：離島漁業新規就業者特別対策事業
負担割合　　：国1/2、都1/4、町村1/4",1,区市町村,"10,119 ",産業労働局農林水産部水産課,03-5320-4886,
2026,15,産業労働局,11,農林水産,離島漁業再生支援事業,東京都離島漁業再生支援推進事業費補助金,"補助金の目的：離島漁業の再生を図るために要する経費の補助
補助対象者　：町村
補助対象経費：離島漁業再生支援推進事業
負担割合　　：国10/10",1,区市町村,650 ,産業労働局農林水産部水産課,03-5320-4886,
2026,15,産業労働局,11,農林水産,島しょ漁業経営支援緊急対策事業,島しょ漁業経営支援緊急対策事業費補助金,"補助金の目的：島しょ漁業経営支援緊急対策事業に要する経費の補助
補助対象者　：東京都漁業協同組合連合会
補助対象経費：漁業用燃油運搬運賃
負担割合　　：都10/10",5,民間団体,"43,500 ",産業労働局農林水産部水産課,03-5320-6197,
2026,15,産業労働局,11,農林水産,島しょ漁業操業支援緊急対策事業,島しょ漁業操業支援緊急対策事業費補助金,"補助金の目的：島しょ漁業操業支援緊急対策事業に要する経費の補助
補助対象者　：東京都漁業協同組合連合会
補助対象経費：漁業用燃油購入経費
負担割合　　：都10/10",5,民間団体,"29,000 ",産業労働局農林水産部水産課,03-5320-6197,
2026,15,産業労働局,11,農林水産,燃油価格高騰緊急対策事業,燃油価格高騰緊急対策事業費補助金,"補助金の目的：燃油価格高騰緊急対策事業に要する経費の補助
補助対象者　：東京都漁業協同組合連合会
補助対象経費：漁業用燃油価格差補填等
負担割合　　：都4/5、事業者1/5",5,民間団体,"8,000 ",産業労働局農林水産部水産課,03-5320-6197,
2026,15,産業労働局,11,農林水産,漁獲物運搬特別支援事業,漁獲物運搬特別支援事業費補助金,"補助金の目的：漁獲物運搬特別支援事業に要する経費の補助
補助対象者　：町村
補助対象経費：漁獲物運搬経費
負担割合　　：都1/2.町村1/2",1,区市町村,"4,000 ",産業労働局農林水産部水産課,03-5320-6197,
2026,15,産業労働局,11,農林水産,島しょ漁業資材高騰緊急対策事業,島しょ漁業資材高騰緊急対策事業費補助金,"補助金の目的：島しょ漁業資材高騰緊急対策事業に要する経費の補助
補助対象者　：漁業協同組合
補助対象経費：漁獲物出荷資材経費
負担割合　　：都２/３.事業者1/３",5,民間団体,"67,618 ",産業労働局農林水産部水産課,03-5320-4886,
2026,15,産業労働局,11,農林水産,漁業共済加入促進支援事業,漁業共済加入促進支援事業費補助金,"補助金の目的：漁業共済加入促進支援事業に要する経費の補助
補助対象者　：全国合同漁業共済組合
補助対象経費：漁業共済掛金
負担割合　　：都1/2、事業者1/2",5,民間団体,"10,168 ",産業労働局農林水産部水産課,03-5320-6197,
2026,15,産業労働局,11,農林水産,島のごちそう、海の宝発信事業,東京産水産物のブランド化推進事業,"補助金の目的：東京産水産物の魚価向上、販路拡大に要する経費の補助
補助対象者　：東京都漁業協同組合連合会
補助対象経費：東京産水産物ブランド化に係る経費
負担割合　　：都2/3、事業者1/3",5,民間団体,"1,740 ",産業労働局農林水産部水産課,03-5320-4886,
2026,15,産業労働局,11,農林水産,島のごちそう、海の宝発信事業,水産物品質向上・流通促進事業,"補助金の目的：東京産水産物の魚価向上、販路拡大に要する経費の補助
補助対象者　：町村
補助対象経費：東京産水産物の品質向上・流通促進に係る経費
負担割合　　：都2/3、町村1/3",1,区市町村,"2,599 ",産業労働局農林水産部水産課,03-5320-4886,
2026,15,産業労働局,11,農林水産,内水面養殖用配合飼料価格高騰緊急対策事業,内水面養殖用配合飼料価格高騰緊急対策事業費補助金,"補助金の目的：内水面養殖用配合飼料価格高騰緊急対策事業に要する経費の補助
補助対象者　：内水面漁業協同組合
補助対象経費：配合飼料購入費
負担割合　　：都4/5、事業者1/5",5,民間団体,"4,397 ",産業労働局農林水産部水産課,03-5320-4886,
2026,15,産業労働局,11,農林水産,漁業近代化資金利子補給事業,漁業近代化資金利子補給（単）,"補助金の目的：漁業者等に対する資金融資の円滑化による資本装備の高度化・漁業経営の近代化
補助対象者　：融資機関
補助対象経費：漁業近代化資金
負担割合　　：10/10",5,民間団体,"23,531 ",産業労働局農林水産部調整課,03-5000-7180,https://www.sangyo-rodo.metro.tokyo.lg.jp/nourin/about/yuushi/
2026,15,産業労働局,11,農林水産,農地及び農業用施設災害復旧,農業用施設災害復旧,"補助金の目的：農地及び農業用施設の効用回復
補助対象者　：市町村
補助対象経費：施設の災害復旧に要する経費
負担割合　　：国13/20、都1/10、市町村1/4",1,区市町村,"10,800 ",産業労働局農林水産部農業振興課,03-5320-4824,
2026,15,産業労働局,11,農林水産,農地防災,ため池等整備事業,"補助金の目的：農地及び農業用施設の自然災害の発生防止
補助対象者　：市町村
補助対象経費：農業用ため池の改修、整備等に要する経費
負担割合　　：国3/5、都3/10、市町村1/10",1,区市町村,"269,100 ",産業労働局農林水産部農業振興課,03-5320-4824,https://www.sangyo-rodo.metro.tokyo.lg.jp/nourin/nougyou/shinkou/seibi/
2026,15,産業労働局,11,農林水産,災害復旧支援（林道災害復旧（単））,東京都林道事業補助金（災害復旧支援（林道災害復旧（単）））,"補助金の目的：市町村が森林の保全、林業の振興及び居住環境整備のために各々の森林整備計画において林道整備事業を計画し、当該林道補助事業を行う場合に交付する。
補助対象者　：市町村
補助対象経費：工事費等
負担割合　　：都9/10、市町村1/10",1,区市町村,"226,638 ",産業労働局農林水産部森林課,03-5320-4858,
2026,15,産業労働局,11,農林水産,災害復旧支援（林地荒廃復旧（公））,林地崩壊防止事業補助金（公）,"補助金の目的：激甚災害が発生した地区の災害防止のため、復旧事業を行う市町村に対し事業費を補助する。
補助対象者　：市町村
補助対象経費：工事費等
負担割合　　：国1/2、都2/5、市町村1/10",1,区市町村,"3,000 ",産業労働局農林水産部森林課,03-5320-4858,
2026,15,産業労働局,11,農林水産,災害復旧支援（林地荒廃復旧（単））,林地崩壊防止事業補助金（単）,"補助金の目的：激甚災害等が発生した地区の災害防止のため、復旧事業を行う市町村に対し事業費を補助する。
補助対象者　：市町村
補助対象経費：工事費等
負担割合　　：都9/10、市町村1/10",1,区市町村,"3,000 ",産業労働局農林水産部森林課,03-5320-4858,
2026,15,産業労働局,11,農林水産,硫黄島関連漁業対策,硫黄島関連漁業対策事業費補助金,"補助金の目的：硫黄島関連漁業対策事業に要する経費の補助
補助対象者　：小笠原島漁業協同組合、小笠原母島漁業協同組合
補助対象経費：漁業基盤施設等整備事業
負担割合　　：国2/3、都1/3",5,民間団体,"362,340 ",産業労働局農林水産部水産課,03-5320-4886,
2026,15,産業労働局,12,雇用就業,自主的福祉活動に対する助成,労働福祉団体の自主的活動事業費助成,"補助金の目的：労使関係の近代化、　労働福祉の増進等に資する労働福祉団体の自主的な活動を都が援助・奨励することにより、労働条件を向上させることを目的とする。
補助対象者　：労働福祉団体
補助対象経費：団体が補助事業を実施するために要する経費
負担割合　　：都1/2、対象団体1/2",7,その他団体,"1,970 ",産業労働局雇用就業部労働環境課,03-5320-4653,
2026,15,産業労働局,12,雇用就業,中小企業従業員融資,東京都中小企業従業員融資の保証に伴う損失補助,"補助金の目的：一般社団法人日本労働者信用基金協会が、東京都中小企業従業員融資の保証債務を履行し、損失を被った場合に、都がその損失金の一部について補助を行うことにより、中小企業従業員の資金需要に対し積極的に保証を促進し、もって本融資制度の運営の円滑化を図ることを目的とする｡
補助対象者　：一般社団法人日本労働者信用基金協会
補助対象経費：求償権残高
負担割合　　：都1/2、協会1/2",5,民間団体,"17,097 ",産業労働局雇用就業部労働環境課,03-5320-4653,https://www.hataraku.metro.tokyo.lg.jp/kaizen/fukuri/yushi/index.html
2026,15,産業労働局,12,雇用就業,中小企業従業員融資,東京都中小企業従業員融資に係る保証料負担,"補助金の目的：東京都中小企業従業員融資の保証機関に対し、都が融資利用者に代わって保証料を負担することにより融資利用者の負担を軽減し、融資の促進を図ることを目的とする。
補助対象者　：一般社団法人日本労働者信用基金協会
補助対象経費：一般社団法人日本労働者信用基金協会が融資利用者から徴収すべき保証料
負担割合　　：都10/10",5,民間団体,"6,337 ",産業労働局雇用就業部労働環境課,03-5320-4653,https://www.hataraku.metro.tokyo.lg.jp/kaizen/fukuri/yushi/index.html
2026,15,産業労働局,12,雇用就業,勤労者福祉支援事業の助成,勤労者福祉支援事業補助金,"補助金の目的：公益財団法人東京都中小企業振興公社が実施する京浜島勤労者厚生会館の運営補助を通じて、中小企業で働く人々の福祉の向上を図ることを目的とする。
補助対象者　：公益財団法人東京都中小企業振興公社
補助対象経費：企業福祉支援事業の実施に要する経費及び地域勤労福祉会館等の運営に要する経費
負担割合　　：都10/10",3,政策連携団体,"64,999 ",産業労働局雇用就業部労働環境課,03-5320-4653,https://www.tokyo-kosha.or.jp/kosha/hall/keihinjima.html
2026,15,産業労働局,12,雇用就業,労働衛生環境の改善助成,東京都家内労働対策労働衛生環境改善助成,"補助金の目的：有機溶剤を使用する作業等に従事する家内労働者の安全な作業環境を確保し、健康の維持を図ること。
補助対象者　：家内労働者
補助対象経費：安全衛生設備の設置に要する経費
負担割合　　：都1/2又は3/4（限度額あり）、家内労働者1/2又は1/4",6,一般都民,"2,116 ",産業労働局雇用就業部労働環境課,03-5320-4654,https://www.hataraku.metro.tokyo.lg.jp/shigoto/kanai/index2.html
2026,15,産業労働局,12,雇用就業,家内労働傷病共済制度,家内労働傷病共済制度運営費補助金,"補助金の目的：家内労働傷病共済制度を運営することにより、専業的家内労働者、個人事業者及びその家族従業者の生活の安定を図ること。
補助対象者　：公益財団法人東京都中小企業振興公社
補助対象経費：家内労働傷病共済制度の運営に要する人件費及び運営費
負担割合　　：都10/10",3,政策連携団体,"12,026 ",産業労働局雇用就業部労働環境課,03-5320-4654,https://www.tokyo-kosha.or.jp/support/fukuri/kyosai/anshin/index.html
2026,15,産業労働局,12,雇用就業,家内労働者の自主的福祉活動に対する助成,東京都家内労働者自主的福祉活動事業助成金,"補助金の目的：家内労働者の健康の保持増進と福祉の向上
補助対象者　：専業的家内労働者等で構成する団体
補助対象経費：専業的家内労働者等の福利厚生を目的として、10名以上の規模で自主的に行う文化活動、学習活動、健康増進活動等に関する事業に要する経費
負担割合　　：都1/2（限度額あり）　対象団体1/2",7,その他団体,"1,433 ",産業労働局雇用就業部労働環境課,03-5320-4654,
2026,15,産業労働局,12,雇用就業,山谷地区就労対策,（公財）東京都福祉保健財団城北労働・福祉センター就労対策事業補助金,"補助金の目的：山谷地域に居住する日雇労働者の就労支援対策の推進
補助対象者　：（公財）東京都福祉保健財団
補助対象経費：職員費、事業費
負担割合　　：都10/10",3,政策連携団体,"58,779 ",産業労働局雇用就業部就業推進課,03-5320-4676,https://www.fukushizaidan.jp/401johoku/
2026,15,産業労働局,12,雇用就業,アクティブシニア就業支援センターに対する助成,東京都はつらつ高齢者就業機会創出支援事業補助金,"補助金の目的：地域の高齢者の就業機会創出、高齢者の就業の促進
補助対象者　：区市町村
補助対象経費：運営費、初度調弁費、準備期間人件費、準備期間事業費
負担割合　　：都1/2、区市町村1/2",1,区市町村,"87,631 ",産業労働局雇用就業部就業推進課,03-5320-4664,https://www.tokyoshigoto.jp/senior/activesenior
2026,15,産業労働局,12,雇用就業,シルバー人材センター事業の推進,東京都シルバー人材センター事業補助金,"補助金の目的：シルバー人材センター事業の円滑な推進
補助対象者　：区市町村
補助対象経費：＜公益目的事業費＞公益目的事業を実施するために要する経費、＜重点指針事業費＞承認事業を実施するために要する経費
負担割合　　：都1/2、区市町村1/2",1,区市町村,"708,430 ",産業労働局雇用就業部就業推進課,03-5320-4664,https://www.tokyosilver.jp/
2026,15,産業労働局,12,雇用就業,しごと財団に対する助成,（公財）東京しごと財団補助金,"補助金の目的：東京都における雇用及び就業支援並びに東京の産業振興に必要な人材の育成
補助対象者　：（公財）東京しごと財団
補助対象経費：人件費、管理運営費、高齢者就業推進事業費、障害者就業推進事業費、プラチナ・キャリアセンター事業費、その他
負担割合　　：都10/10",3,政策連携団体,"3,454,992 ",産業労働局雇用就業部就業推進課,03-5320-4662,https://www.shigotozaidan.or.jp/
2026,15,産業労働局,12,雇用就業,生涯職業能力開発事業等委託事業,広域団体認定訓練助成金,"補助金の目的：３都道府県以上の事業主から派遣される労働者に対し広域的な認定職業訓練を実施する中小企業事業主の団体に対して必要な経費を助成
補助対象者　：認定職業訓練を実施する中小企業事業主の団体
補助対象経費：認定職業訓練の運営に係る講師謝金や教材費等の経費
負担割合　　：都1/2、事業者1/2",5,民間団体,"21,221 ",産業労働局雇用就業部能力開発課,03-5320-4718,https://www.hataraku.metro.tokyo.lg.jp/jinzai/ikusei/nintei/index.html
2026,15,産業労働局,12,雇用就業,事業内職業能力開発の振興,東京都事業内職業訓練事業補助金,"補助金の目的：事業主又は事業主の団体等が雇用している労働者に対して行う認定職業訓練を実施する中小企業事業主や団体に対して必要な経費を助成
補助対象者　：認定職業訓練を実施する中小企業事業主や団体
補助対象経費：認定職業訓練の運営に係る講師謝金や教材費等の経費
負担割合　　：都2/3、事業者1/3",5,民間団体,"117,196 ",産業労働局雇用就業部能力開発課,03-5320-4718,https://www.hataraku.metro.tokyo.lg.jp/jinzai/ikusei/nintei/index.html
2026,15,産業労働局,12,雇用就業,東京都職業能力開発協会の助成,東京都職業能力開発協会費補助金,"補助金の目的：民間における職業能力開発及び技能検定の普及・振興
補助対象者　：東京都職業能力開発協会
補助対象経費：各種講習会等の職業能力開発のための活動や技能検定の実施等に要する経費
負担割合　　：都10/10",5,民間団体,"582,171 ",産業労働局雇用就業部能力開発課,03-5320-4715,http://www.tokyo-vada.or.jp/
2026,15,産業労働局,12,雇用就業,東京都技能士会連合会の助成,一般社団法人東京都技能士会連合会補助金,"補助金の目的：技能の振興及び技能士の地位向上
補助対象者　：東京都技能士会連合会
補助対象経費：会員技能士に対する技能向上のための研修会等の事業等の運営に要する経費
負担割合　　：都10/10",5,民間団体,"4,457 ",産業労働局雇用就業部能力開発課,03-5320-4715,https://togiren.jp/jigyo.html
2026,15,産業労働局,12,雇用就業,中小企業障害者雇用支援助成事業,東京都中小企業障害者雇用支援助成金,"補助金の目的：中小企業における障害者雇用促進およびその職場定着
補助対象者　：都内企業
補助対象経費：重度障害者等・一人当たり月額６万円（令和７年３月以前は月額５万５千円）
　　　　　　　　　 重度障害者以外・一人当たり月額３万６千円（令和７年３月以前は月額３万３千円）
負担割合　　：都10/10",5,民間団体,"211,104 ",産業労働局雇用就業部就業推進課,03-5320-4663,https://www.hataraku.metro.tokyo.lg.jp/shogai/josei/chushou_shien/
2026,15,産業労働局,12,雇用就業,東京都地域人材確保総合支援事業,東京都地域人材確保総合支援事業補助金（区市町村）,"補助金の目的：地域の実情に応じ、労働力確保又は処遇改善のための事業を実施する区市町村の支援
補助対象者　：区市町村
補助対象経費：①区市町村が新たに企画した委託事業（②都が重点的に人材確保の取組を推進すべきと考えるテーマに沿った取組、③多摩・島しょ地域の複数の市町村が連携して実施する、東京都が重点的に人材確保の取組を推進すべきと考えるテーマに沿った取組）に係る経費
負担割合　　：①都1/2、区市町村1/2、②都3/4、区市町村1/4、③都10/10",1,区市町村,"474,000 ",産業労働局雇用就業部就業推進課,03-5320-4628,https://www.hataraku.metro.tokyo.lg.jp/jinzai/kakuho/hitodukuri/
2026,15,産業労働局,12,雇用就業,東京都地域人材確保総合支援事業,東京都地域人材確保総合支援事業補助金（商工会等）,"補助金の目的：地域の実情に応じ、労働力確保又は処遇改善のための事業を実施する商工会等の支援
補助対象者　：商工会等
補助対象経費：多摩・島しょ地域の複数の商工会等が連携して実施する事業（都が設定するテーマに沿った他の地域のモデルとなりうる先進的な取組）に係る経費
負担割合　　：都10/10",5,民間団体,"20,000 ",産業労働局雇用就業部就業推進課,03-5320-4628,https://www.hataraku.metro.tokyo.lg.jp/jinzai/kakuho/hitodukuri/
2026,15,産業労働局,12,雇用就業,東京都地域人材確保総合支援事業,多摩・島しょ地域人材確保特別支援事業補助金,"補助金の目的：東京都商工会連合会が実施する、多摩・島しょ地域における就労困難者の就労支援等の広域的な取組を支援
補助対象者　：東京都商工会連合会
補助対象経費：多摩・島しょ地域において東京都商工会連合会が実施する事業に係る経費
負担割合　　：都10/10",5,民間団体,"300,000 ",産業労働局雇用就業部就業推進課,03-5320-4628,https://www.hataraku.metro.tokyo.lg.jp/jinzai/kakuho/hitodukuri/
2026,15,産業労働局,12,雇用就業,障害者安定雇用奨励事業,東京都障害者安定雇用奨励金,"補助金の目的：障害者の正規雇用や無期雇用に取り組む事業主を支援
補助対象者　：都内企業
補助対象経費：障害者等を正規雇用・無期雇用で採用した場合　中小企業：150万円　大企業（特例子会社）：100万円　※精神障害者の場合、各金額に30万円加算　※中小企業が最低賃金を10％以上上回る場合、更に20 万円加算／障害者等を有期雇用から正規雇用や無期雇用に転換した場合　中小企業120万円　大企業（特例子会社）：100万円　※精神障害者の場合、各金額に30万円加算　※中小企業が最低賃金を10％以上上回る場合、10 万円加算
負担割合　　：都10/10",5,民間団体,"567,700 ",産業労働局雇用就業部就業推進課,03-5320-4663,https://www.hataraku.metro.tokyo.lg.jp/shogai/josei/antei-koyou/
2026,15,産業労働局,12,雇用就業,難病・がん患者就業支援事業,東京都難病・がん患者就業支援奨励金,"補助金の目的：
①難病・がん患者の雇入れ、就業継続に向けた取組を積極的に行う事業主の支援
②難病・がんの発症等により休職した労働者の復帰、就業継続に向けた取組を積極的に行う事業主の支援
補助対象者　：①都内企業、②都内中小企業
補助対象経費：①難病・がん患者を雇入れた時の週所定労働時間20時間以上　70万円／人
　　　　　　　　　　　　　　　　　　　　　　　　　　　　　　　　 10時間以上20時間未満　45万円／人
　　　　　　　　　 ②難病・がんの発症等により休職した労働者を復職させた時の
　　　　　　　　　　　　　　　　　　　　　　　　　　　　 　週所定労働時間20時間以上　70万円／人
　　　　　　　　　　　　　　　　　　　　　　　　　　　 　　　　　10時間以上20時間未満　45万円／人
負担割合　　：都10/10",5,民間団体,"109,250 ",産業労働局雇用就業部就業推進課,03-5320-4663,https://www.hataraku.metro.tokyo.lg.jp/shogai/josei/nan_gan/
2026,15,産業労働局,12,雇用就業,正規雇用転換安定化支援事業,東京都正規雇用転換安定化支援助成金,"補助金の目的：計画的な育成計画の策定や退職金制度、結婚・育児支援制度など、正規雇用転換後も安心して働き続けられる労働環境整備や賃上げに取り組む企業に対して助成金を支給し、質の良い転換を促進する。
補助対象者　：中小企業事業主
補助対象経費：正規雇用等転換後も労働者が安心して働き続けられる労働環境整備を行った企業に助成金を支給
負担割合　　：都10/10",5,民間団体,"1,006,000 ",産業労働局雇用就業部労働環境課,03-6205-6730,https://www.hataraku.metro.tokyo.lg.jp/seiki-koyo/kigyou/anteika/
2026,15,産業労働局,12,雇用就業,キャリアとチャイルドプラン両立支援事業,不妊治療・不育症治療に係る職場環境整備奨励金,"補助金の目的：従業員が不妊治療や不育症治療と仕事を両立できるよう、相談体制や休暇制度等を整備する企業等に奨励金を支給
補助対象者　：都内企業等
補助対象経費：企業等が指定の要件を満たした場合に奨励金を支給
負担割合　　：都10/10",5,民間団体,"108,000 ",産業労働局雇用就業部労働環境課,"＜申請について＞03-6427-7260
＜事業全体について＞03-5320-4645",https://www.hataraku.metro.tokyo.lg.jp/josei/katsuyaku/career-childplan/huninshourei/index.html
2026,15,産業労働局,12,雇用就業,働きやすい職場環境づくり推進事業,東京都働きやすい職場環境づくり推進奨励金,"補助金の目的：都内中小企業等に対し、従業員の育児・介護や病気治療と仕事との両立支援等の推進を図るための取組を奨励することにより、中小企業等における雇用環境の整備を推進することを目的とする。
補助対象者　：都内中小企業等
補助対象経費：中小企業等が指定の要件を満たす雇用環境の整備を行った場合に奨励金を支給
負担割合　　　：都10/10",5,民間団体,"503,400 ","＜申請・説明会について＞
東京都労働相談情報センター
＜事業全体について＞
産業労働局雇用就業部労働環境課","＜申請・説明会について＞
03-5211-2248
＜事業全体について＞
03-5320-4649",https://www.hataraku.metro.tokyo.lg.jp/kaizen/koyoukankyo/shourei/index.html
2026,15,産業労働局,12,雇用就業,中小企業の外国人材受入支援事業,高度人材インターンシップ受入支援費補助金,"補助金の目的：高度外国人材を世界から呼び込み、中小企業の稼ぐ力を向上
補助対象者　：都内中小企業等
補助対象経費：東京都主催の「高度人材インターンシップ」期間中にインターンシップ生に対し行う宿泊場所の提供、滞在費支給に関する経費（宿泊費、滞在費それぞれ一日当たりの上限5,000円）
負担割合　　：都10/10",5,民間団体,"31,149 ",産業労働局雇用就業部就業推進課,03-5320-4628,
2026,15,産業労働局,12,雇用就業,就職氷河期世代等安定就業サポート事業,東京都就職氷河期世代等安定就業サポート助成金,"補助金の目的：シニア世代も含め長く働き続けられる労働環境整備など待遇向上に積極的に取り組む事業主に対して助成金を交付する。
補助対象者　：
【正規雇用等コース】
?都が実施する就職支援事業（就職氷河期世代・シニア世代向け）の利用者を正規雇用又は有期雇用（原則3年以上）した中小企業等
?国の特定求職者雇用開発助成金（中高年層安定雇用支援コース等）の支給決定を受けた中小企業等
【安定有期雇用コース】
都が実施する就職支援事業（就職氷河期世代・シニア世代向け）の利用者を有期雇用（1年以上）した中小企業等
補助対象経費：就職氷河期世代の者を雇用し、労働環境整備を行った事業主に対し、助成金を支給
負担割合　　：都10/10",5,民間団体,"135,000 ",産業労働局雇用就業部労働環境課,03-6205-6730,https://www.hataraku.metro.tokyo.lg.jp/seiki-koyo/kigyou/hyogaki/
2026,15,産業労働局,12,雇用就業,TOKYOシェアオフィス墨田の運営,TOKYOシェアオフィス墨田運営補助金,"補助金の目的：都有施設「ＴＯＫＹＯシェアオフィス墨田」においてシェアオフィス運営事業を実施し、テレワークを活用した柔軟な働き方を促進することを目的とする。
補助対象者　：公益財団法人東京しごと財団
補助対象経費：「TOKYOシェアオフィス墨田」の運営等に係る経費
負担割合　　：都10/10",3,政策連携団体,"139,403 ",産業労働局雇用就業部労働環境課,03-5320-4739,https://www.shigotozaidan.or.jp/koyo-kankyo/tso-tokyo.html
2026,15,産業労働局,12,雇用就業,持続可能な障害者雇用における業務開拓・実践事業,中小企業におけるニューロダイバーシティ推進に係るトライアル雇用助成金,"補助金の目的：「ニューロダイバーシティ推進に係るトライアル雇用」の実施を支援
補助対象者　：「ニューロダイバーシティ推進に係るトライアル雇用」を実施する都内中小企業
補助対象経費：発達障害者を受け入れた時の１月における１日あたりの平均就業（実習）時間に応じ、37.5万円を上限として助成金を支給
負担割合　　：都10/10",5,民間団体,"3,750 ",産業労働局雇用就業部就業推進課,03-5320-4663,https://www.hataraku.metro.tokyo.lg.jp/shogai/shien/neurodiversity/index.html
2026,15,産業労働局,12,雇用就業,キャリアとチャイルドプラン両立支援事業,卵子凍結に係る職場環境整備奨励金,"補助金の目的：　従業員が自身のライフプランやキャリアプランを考えたときの選択肢の一つとなるよう、卵子凍結についての休暇制度や福利厚生制度等を整備する企業に奨励金を支給
補助対象者　：都内企業
補助対象経費：企業等が指定の要件を満たした場合に助成金を支給
負担割合　　：都10/10",5,民間団体,"18,000 ",産業労働局雇用就業部労働環境課,"＜申請について＞03-6427-7260
＜事業全体について＞03-5320-4645",https://www.hataraku.metro.tokyo.lg.jp/josei/katsuyaku/career-childplan/ranshishourei/index.html
2026,15,産業労働局,12,雇用就業,中小企業人材推進事業,東京都中小企業人財推進事業費補助金,"補助金の目的：中小企業における人財推進に関する各種の事業に要する経費を補助
補助対象者　：（公財）東京都中小企業振興公社
補助対象経費：東京都中小企業振興公社での事業実施に係る経費（人財ナビゲート支援、ものづくり中小企業魅力体験受入、ものづくり中小企業技能人材定着支援）
負担割合　　：都10/10",3,政策連携団体,"164,151 ",産業労働局雇用就業部就業推進課,03-5320-4628,https://www.tokyo-kosha.or.jp/support/shien/jinzai/#1
2026,15,産業労働局,12,雇用就業,男性育業推進リーダー事業,東京都男性育業推進リーダー事業奨励金,"補助金の目的：男性育業の経験者を「男性育業推進リーダー」として設置し、男性育業の課題把握や具体的な取組を実施するとともに、取組をグループ会社等へ波及させる。
補助対象者　：都内中堅・中小企業等
補助対象経費：企業等が指定の要件を満たした場合に奨励金を支給
負担割合　　：都10/10

",5,民間団体,"65,000 ","＜申請について＞
はたらく女性スクエア
（東京都労働相談情報センター青山事務所）
＜事業全体について＞
産業労働局 雇用就業部
労働環境課 ","＜申請について＞
03-6427-7518
＜事業全体について＞
03-5320-4649",https://www.hataraku.metro.tokyo.lg.jp/kaizen/ryoritsu/ikugyoleader/index.html
2026,15,産業労働局,12,雇用就業,働く女性のウェルネス向上事業,フェムテック導入による職場環境の整備等奨励金,"補助金の目的：企業における女性の健康課題と仕事の両立を可能とする働きやすい職場環境づくりを推進
補助対象者　：都内企業等
補助対象経費：企業等が指定の要件を満たした場合に奨励金を支給
負担割合　　：都10/10",5,民間団体,"6,000 ","＜申請について＞
東京都労働相談情報センター青山事務所
＜事業全体について＞産業労働局雇用就業部労働環境課","＜申請について＞
03-6427-7518
＜事業全体について＞03-5320-4645",https://www.hataraku.metro.tokyo.lg.jp/josei/katsuyaku/wellness/index.html
2026,15,産業労働局,12,雇用就業,ものづくり等産業人材育成支援事業,ものづくり等産業人材育成支援奨励金,"補助金の目的：職業能力開発センターの訓練を通じて従業員の技能習得を図る中小企業に対して、奨励金を支給し、ものづくり人材等の育成を推進
補助対象者：都内中小企業
補助対象経費：企業が指定の要件を満たした場合に奨励金を支給
負担割合：都10/10",5,民間団体,"41,400 ",産業労働局雇用就業部能力開発課,03-5320-4716,https://www.hataraku.metro.tokyo.lg.jp/jinzai/ikusei/zyutakusei/
2026,15,産業労働局,12,雇用就業,団体連携型DX人材育成推進事業,団体連携型ＤＸ人材育成推進事業補助金,"補助金の目的：業界団体等が実施するＤＸ人材育成に関するセミナーの開催経費を助成
補助対象者　：業界団体等
補助対象経費：講師費用、会場使用料等
負担割合　　：都2/3、業界団体等1/3",5,民間団体,"18,968 ",産業労働局雇用就業部能力開発課,03-5320-4718,https://www.tokyochuokai.or.jp/sienseido/jyoseijigyou/dxzinzai.html
2026,15,産業労働局,12,雇用就業,中小企業障害者雇用スタート支援奨励事業,中小企業障害者雇用スタート支援奨励金,"補助金の目的：障害者を一人も雇っていない中小企業（雇用ゼロ企業）が初めて障害者を雇用した場合に奨励金を支給し、障害者雇用を促進。
補助対象者　：都内企業
補助対象経費：
　① 週所定労働時間10時間以上20時間未満(重度、45歳以上又は精神のみ)
　　　 30万円
　② 週所定労働時間20時間以上30時間未満
　　　 60万円
　③ 週所定労働時間30時間以上
　　　 90万円
　※②③で、対象者が重度、45歳以上又は精神の場合は30万円加算
負担割合　　：都10/10",5,民間団体,"64,800 ",産業労働局雇用就業部就業推進課,03-5320-4663,https://www.hataraku.metro.tokyo.lg.jp/shogai/josei/start/
2026,15,産業労働局,12,雇用就業,外国人社員とのコミュニケーション力向上支援事業,中小企業の外国人従業員に対する研修等支援助成金（一般コース）,"補助金の目的：中小企業における外国人従業員の定着を支援
補助対象者　：都内中小企業等
補助対象経費：外国人従業員の日本語教育に関する経費
負担割合　　：都1/2、事業者1/2",5,民間団体,"16,500 ",産業労働局雇用就業部就業推進課,03-5320-4628,https://www.hataraku.metro.tokyo.lg.jp/jinzai/kakuho/gaikokujinkenshu/
2026,15,産業労働局,12,雇用就業,外国人社員とのコミュニケーション力向上支援事業,中小企業の外国人従業員に対する研修等支援助成金(ウクライナ避難民採用企業コース),"補助金の目的：避難民の中堅・中小企業への円滑な就労を後押し
補助対象者　：都内中堅・中小企業等
補助対象経費：外国人従業員の日本語教育に関する経費
負担割合　　：都10/10",5,民間団体,"5,000 ",産業労働局雇用就業部就業推進課,03-5320-4628,https://www.hataraku.metro.tokyo.lg.jp/jinzai/kakuho/gaikokujinkenshu/
2026,15,産業労働局,12,雇用就業,若者世代職場定着促進事業,若者世代職場定着促進助成金,"補助金の目的：若者世代が、安心して働き続けられる労働環境整備等を行った事業主に対して助成金を交付する。
補助対象者　：中小企業事業主 
補助対象経費：都が実施する就職支援事業（若者世代向け）の利用者を正規雇用労働者として雇用し、労働環境整備を行った事業主に対し、助成金を支給
負担割合　　：都10/10",5,民間団体,"112,400 ",産業労働局雇用就業部労働環境課,03-6205-6730,"https://www.hataraku.metro.tokyo.lg.jp/seiki-koyo/kigyou/wakamonosedai/
"
2026,15,産業労働局,12,雇用就業,カスタマーハラスメント防止対策推進事業,カスタマーハラスメント防止対策推進事業団体向け奨励金,"補助金の目的：会員企業等及びその従業員向けにカスタマーハラスメント防止対策の体制を整備した団体へ奨励金を支給することにより、都内企業等におけるカスタマーハラスメント防止対策を推進するため。
補助対象者　：都内業界団体等（都内を活動範囲とし、都内に住所または主たる事務所があること）
補助対象経費：会員企業等及びその従業員向けに、カスタマーハラスメント防止対策の体制を整備した場合、奨励金を支給
負担割合　　：都10/10",5,民間団体,"30,000 ",産業労働局雇用就業部労働環境課,03-6420-0862,"https://www.hataraku.metro.tokyo.lg.jp/kaizen/ryoritsu/kasuhara/dantaisyourei/index.html
"
2026,16,スタートアップ戦略推進本部,17,その他,ディープテック・イノベーション拠点推進事業,ディープテック・イノベーション拠点推進事業補助金,"・補助金の目的：ディープテック・スタートアップのニーズを捉えたラボや実証フィールドなどの研究開発環境を備えたイノベーション拠点の整備促進。
・補助対象者（予定） ：ウェットラボや実証フィールドなどディープテック・スタートアップへの支援機能を備えたイノベーション拠点の形成に取り組む民間事業者等で、主に以下の要件を満たすもの
（１）スタートアップのみならず大企業など多様な主体が集う結節点となる拠点を整備すること
（２）ディープテック・スタートアップへの支援機能・共創機能を具備した拠点を整備すること
・補助対象経費：拠点形成に係る費用等
・負担割合 ：補助対象経費の2分の1以内または7億円のうちいずれか低い額",5,民間団体,"1,400,000 ",スタートアップ戦略推進本部戦略推進部スタートアップ推進課,03-5388-2106,https://www.startupandglobalfinancialcity.metro.tokyo.lg.jp/startup/initiatives/deeptechinnovation
2026,16,スタートアップ戦略推進本部,17,その他,東京ベイｅＳＧプロジェクト,東京ベイｅＳＧプロジェクト「Tokyo Bay Innovation Field」プロジェクトサポート型補助金,"補助金の目的：最先端テクノロジーの社会実装を加速させ、「自然」と「便利」が融合する持続可能な都市の実現に繋げていく
補助対象者：民間事業者（その他要件有）
補助対象経費：東京ベイｅＳＧプロジェクト「Tokyo Bay Innovation Field」公募要領に基づき、採択された取組に要する経費の内、東京ベイｅＳＧプロジェクト「Tokyo Bay Innovation Field」プロジェクトサポート型補助金交付要綱の条件に合致するもの
負担割合：都１０/１０",5,民間団体,"630,000 ",スタートアップ戦略推進本部戦略推進部イノベーション戦略課,03-5388-2106,https://www.tokyobayesg.metro.tokyo.lg.jp/priorityprojects/
2026,16,スタートアップ戦略推進本部,17,その他,分野特化型カンパニークリエーション創出支援事業,分野特化型カンパニークリエーション創出支援事業助成事業助成金,"・補助金の目的：ベンチャーキャピタル等が研究シーズを基にスタートアップを創出する有効な手法である「カンパニークリエーション」の日本版モデルの創出
・補助対象者 ：創薬分野においてカンパニークリエーションを実施する民間事業者等
・補助対象経費：チーム運営に係る費用等
負担割合：都１０/１０",5,民間団体,"125,000 ",スタートアップ戦略推進本部戦略推進部スタートアップ推進課,03-5388-2106,
2026,17,建設局,14,都市の整備,市町村土木補助,道路（国基準）補助金,"補助金の目的：市町村のまちづくり推進を図るための財政的、技術的支援
補助対象者　：市町村
補助対象経費：都市計画道路事業の新設または改修に要する経費
負担割合　　：国11/20、都9/40、市町村9/40",1,区市町村,"51,775 ",建設局道路建設部管理課,03-5320-5315,
2026,17,建設局,14,都市の整備,市町村土木補助,道路（国基準）交付金,"補助金の目的：市町村のまちづくり推進を図るための財政的、技術的支援
補助対象者　：市町村
補助対象経費：都市計画道路事業の新設または改修に要する経費
負担割合　　：国1/2、都1/4、市町村1/4",1,区市町村,"1,884,829 ",建設局道路建設部管理課,03-5320-5315,
2026,17,建設局,14,都市の整備,市町村土木補助,道路・橋梁事業（長寿命化）（国基準）補助金,"補助金の目的：市町村のまちづくり推進を図るための財政的、技術的支援
補助対象者　：市町村
補助対象経費：市町村道に係る橋梁、トンネル等道路施設及び道路附属物の改築に要する経費
負担割合　　：国11/20、都9/40、市町村9/40　、　国17/26、都9/52、市町村9/52　又は　国20/29、都11/71、市町村11/71",1,区市町村,"283,676 ",建設局道路建設部管理課,03-5320-5315,
2026,17,建設局,14,都市の整備,市町村土木補助,道路・橋梁事業（道路改良・橋梁整備・舗装新設）,"補助金の目的：市町村のまちづくり推進を図るための財政的、技術的支援
補助対象者　：市町村
補助対象経費：市町村道の新設又は改築及び市町村道に係る橋梁の新設又は架替に要する経費
負担割合　　：都1/2、市町村1/2",1,区市町村,"1,580,586 ",建設局道路建設部管理課,03-5320-5315,
2026,17,建設局,14,都市の整備,市町村土木補助,道路・橋梁事業（道路改良・橋梁整備）無電柱化,"補助金の目的：市町村のまちづくり推進を図るための財政的、技術的支援
補助対象者　：市町村
補助対象経費：市町村道の新設又は改築に要する経費のうち無電柱化に要する経費
負担割合　　：都3/4、市町村1/4",1,区市町村,"14,342 ",建設局道路建設部管理課,03-5320-5315,
2026,17,建設局,14,都市の整備,市町村土木補助,道路・橋梁事業（舗装補修・側溝改修）,"補助金の目的：市町村のまちづくり推進を図るための財政的、技術的支援
補助対象者　：市町村
補助対象経費：市町村道の補修に要する経費
負担割合　　：都1/2、市町村1/2",1,区市町村,"1,184,746 ",建設局道路建設部管理課,03-5320-5315,
2026,17,建設局,14,都市の整備,市町村土木補助,交通安全施設事業（歩道）,"補助金の目的：市町村道における安全性の向上に資する歩道の整備
補助対象者　：市町村
補助対象経費：歩道の整備に関する事業に要する経費
負担割合　　：都1/2、市町村1/2",1,区市町村,"94,230 ",建設局道路管理部安全施設課,03-5320-5303,
2026,17,建設局,14,都市の整備,市町村土木補助,交通安全施設事業（道路照明・防護柵）,"補助金の目的：市町村道における安全性の向上に資する道路照明・防護柵の整備
補助対象者　：市町村
補助対象経費：さく又は街灯の設置に関する事業に要する経費
負担割合　　：都1/3、市町村2/3",1,区市町村,"46,690 ",建設局道路管理部安全施設課,03-5320-5303,
2026,17,建設局,14,都市の整備,市町村土木補助,河川事業（単独）,"補助金の目的：市町村のまちづくり推進を図るための財政的、技術的支援
補助対象者　：市町村
補助対象経費：　準用河川の改修に要する経費
負担割合　　：都1/2、市町村1/2",1,区市町村,"15,000 ",建設局河川部改修課,03-5320-5421,
2026,17,建設局,14,都市の整備,市町村土木補助,公園事業（国基準）施設,"補助金の目的：市町村のまちづくり推進を図るための財政的、技術的支援
補助対象者　：市町村
補助対象経費：都市公園法第2条に定める都市公園の整備に要する費用
負担割合　　：国1/2、都1/4、市町村1/4",1,区市町村,"102,594 ",建設局公園緑地部公園建設課,03-5320-5381,
2026,17,建設局,14,都市の整備,市町村土木補助,公園事業（国基準）用地,"補助金の目的：市町村のまちづくり推進を図るための財政的、技術的支援
補助対象者　：市町村
補助対象経費：都市公園法第2条に定める都市公園の整備に要する費用
負担割合　　：国1/3、都1/3、市町村1/3",1,区市町村,"273,251 ",建設局公園緑地部公園建設課,03-5320-5381,
2026,17,建設局,14,都市の整備,市町村土木補助,公園事業（都加算）,"補助金の目的：市町村のまちづくり推進を図るための財政的、技術的支援
補助対象者　：市町村
補助対象経費：都市公園法第2条に定める都市公園の整備に要する費用
負担割合　　：都1/2、市町村1/2",1,区市町村,"74,644 ",建設局公園緑地部公園建設課,03-5320-5381,
2026,17,建設局,14,都市の整備,工事負担金（道路橋梁）,緩衝建築物の建築費等一部負担,"補助金の目的：沿道地区計画区域内の騒音対策として緩衝建築物建築の促進
補助対象者　：一般都民または一般事業者
補助対象経費：緩衝建築物の建築費用、既存建物の除去費用
負担割合　　：国1/2、都1/2",6,一般都民,"145,000 ",建設局道路管理部管理課,03-5320-5279,
2026,17,建設局,14,都市の整備,工事負担金（道路橋梁）,防音工事助成,"補助金の目的：沿道地区計画区域内の騒音対策として建築物の防音構造化の促進
補助対象者　：一般都民または一般事業者
補助対象経費：既存住宅の防音工事等の費用
負担割合　　：都1",6,一般都民,"1,370 ",建設局道路管理部管理課,03-5320-5279,
2026,17,建設局,14,都市の整備,交通安全施設,区市町村道路のバリアフリー化補助,"補助金の目的：主な駅周辺における国や区市等と連携した面的なバリアフリー化の促進
補助対象者　：区市町村
補助対象経費：①区市町村道路のバリアフリー化事業に要する工事費及び用地・補償費
　　　　　　　　　 ②区市町村道路のバリアフリー化事業に要する測量及び試験費
負担割合　　：①国1/2、都1/4、区市町村1/4
　　　　　　　　　  又は　国11/20、都9/40、区市町村9/40
　　　　　　　　 ②都1/2、区市町村1/2",1,区市町村,"2,100 ",建設局道路管理部安全施設課,03-5320-5302,
2026,17,建設局,14,都市の整備,交通安全施設,区市町村無電柱化補助,"補助金の目的：区市町村道現道の無電柱化の促進
補助対象者　：区市町村
補助対象経費：
①センターコアエリア内、主要駅周辺及び主要観光地周辺で実施する無電柱化事業に要する移設補償費、工事費
②「防災に寄与する路線」で実施する無電柱化事業に要する移設補償費、工事費
③「防災に寄与する路線」で実施する無電柱化事業に要する測量調査費・設計費
④「防災に寄与する路線のうち優先路線」で実施する無電柱化事業に要する移設補償費、工事費
⑤「防災に寄与する路線のうち優先路線」で実施する無電柱化事業に要する測量調査費、設計費
⑥無電柱化チャレンジ支援事業における無電柱化推進計画策定費・測量調査費
⑦無電柱化チャレンジ路線における移設補償費・工事費
負担割合　　：①国11/20、都9/40、区市町村9/40、②④国11/20、都9/20、③都1/2、区市町村1/2、⑤都3/4、区市町村1/4、⑥都1、⑦国11/20、都9/20または国41/61、都20/61または国7/10、都3/10",1,区市町村,"1,830,000 ",建設局道路管理部安全施設課,03-5320-5305,
2026,17,建設局,14,都市の整備,交通安全施設,事業者無電柱化補助,"補助金の目的：観光による地域振興に向けた無電柱化の推進
補助対象者　：電線管理者
補助対象経費：観光地において電線管理者が実施する無電柱化事業に要する経費
負担割合　　：国1/2、都1/6、電線管理者1/3",7,その他団体,"4,000 ",建設局道路管理部安全施設課,03-5320-5305,
2026,17,建設局,14,都市の整備,公園整備,だれもが遊べる児童遊具広場整備補助,"補助金の目的：区市町村立公園へのユニバーサルデザイン遊具導入補助
補助対象者　：区市町村
補助対象経費：ユニバーサルデザイン遊具及び付帯整備に要する経費
負担割合　　：都1/2、区市町村1/2",1,区市町村,"200,000 ",建設局公園緑地部公園建設課,03-5320-5166,
2026,18,港湾局,14,都市の整備,港湾施設運営事業,東京港における港湾DX加速化補助金（ＣＯＮＰＡＳ等活用）,"補助金の目的：国土交通省が開発した新・港湾情報システム「ＣＯＮＰＡＳ（Container Fast Passの略）及び「サイバーポート（港湾物流）」を活用することにより、東京港におけるコンテナふ頭のデジタル・トランスフォーメーション（ＤＸ）を加速させて、コンテナターミナルにおけるゲート処理時間等の短縮化や荷繰りの効率化等を推進する
補助対象者　：東京港の対象ふ頭の借受事業者、又は借受事業者の同意を得た港湾運送事業者（港湾運送事業法（昭和26年法律第161号）第３条第１号の一般港湾運送事業の許可を受けたもの）
補助対象経費：
（１）システム等の開発・改修費用（委託料等）
（２）ＩＣＴ機器等の導入費用（備品購入費、使用料及び賃借料等）
（３）通信環境等の整備費用（工事請負費等）
（４）（１）から（３）の事業実績がある場合において、その導入のために必要なコンサルタント費用（委託料等）
（５）その他補助対象事業の目的と照らし知事が必要と認める費用
負担割合　　：補助対象経費から本補助金以外の国、都又は区市町村等から交付された補助額等を差し引いた補助対象者負担額の２分の１、かつ上限額4,500万円",5,民間団体,"60,000 ",港湾局港湾経営部振興課,03-5320-5547,https://www.kouwan.metro.tokyo.lg.jp/business/user/dx-hojo
2026,18,港湾局,14,都市の整備,港湾施設運営事業,東京港における港湾DX加速化補助金（荷役機械遠隔操作化）,"補助金の目的：遠隔操作荷役機械（テナークレーン）を導入することにより、東京港におけるコンテナふ頭のデジタル・トランスフォーメーション（ＤＸ）を加速させて、コンテナターミナルにおける荷役時間の短縮や荷繰りの効率化等を推進する
補助対象者　：
（１）東京港の対象ふ頭の借受事業者又はこの事業者と同等であると知事が認める事業者
（２）借受事業者の同意を得た港湾運送事業者（港湾運送事業法（昭和26年法律第161号）第３条第１号の一般港湾運送事業の許可を受けたもの）又はこの事業者と同等であると知事が認める事業者
補助対象経費：
（１）遠隔操作荷役機械の導入に必要となる施設（ＴＯＳ、遠隔操作卓、モニター等）の整備・改修経費（委託料、工事請負費、備品購入費、使用料及び賃借料等
※既存の施設を改良する場合は、遠隔操作化のために必要な改良に限る。 
（２）その他補助対象事業の目的と照らし知事が必要と認める費用
負担割合　　：補助対象経費から本補助金以外の国、都又は区市町村等から交付された補助額等を差し引いた補助対象者負担額の1/3、かつ上限額５億1,300万円。補助対象事業が複数年度にわたる場合の補助金の総額は、５億1,300万円を超えないものとし、かつ初年度の補助金の額は、１億5,300万円まで。",5,民間団体,"16,000 ",港湾局港湾経営部振興課,03-5320-5547,https://www.kouwan.metro.tokyo.lg.jp/business/user/dx
2026,18,港湾局,14,都市の整備,港湾振興促進事業,東京港物流効率化等事業補助金(フィーダー輸送事業),"補助金の目的：海上コンテナ輸送のモーダルシフト促進による東京港の物流効率化及び物流機能強化等の推進
補助対象者　：東京港を利用する船舶運航事業者
補助対象経費：東京港と国内他港間を結ぶ内航フィーダー船による海上コンテナ輸送経費
負担割合　　：実入りコンテナ1FEU当たり3,000円、空コンテナ1FEU当たり2,000円",5,民間団体,"165,000 ",港湾局港湾経営部振興課,03-5320-5549,https://www.kouwan.metro.tokyo.lg.jp/business/user/hojyo.html
2026,18,港湾局,14,都市の整備,港湾振興促進事業,東京港物流効率化等事業補助金(港内横持輸送事業（鉄道）),"補助金の目的：海上コンテナ輸送のモーダルシフト促進による東京港の物流効率化及び物流機能強化等の推進
補助対象者　：港内横持輸送を依頼する者又は営む者
補助対象経費：海上コンテナを鉄道により国内輸送するため、東京貨物ターミナル駅と東京港外貿コンテナターミナル間に発生するドレージ輸送経費
負担割合　　：1輸送（片道）当たり2,000円
※ただし、鉄道によるコンテナラウンドユースを行った場合、補助金額を２倍として算定する",5,民間団体,"14,000 ",港湾局港湾経営部振興課,03-5320-5549,https://www.kouwan.metro.tokyo.lg.jp/business/user/hojyo.html
2026,18,港湾局,14,都市の整備,港湾振興促進事業,東京港物流効率化等事業補助金(はしけ横持輸送補助),"補助金の目的：海上コンテナ輸送のモーダルシフト促進による東京港の物流効率化及び物流機能強化等の推進
補助対象者　：はしけ横持輸送を依頼する者（船舶運航事業者）
補助対象経費：東京港・横浜港・川崎港・千葉港間のコンテナバージ横持輸送経費
負担割合　　：実入りコンテナ1FEU当たり2,000円、空コンテナ1FEU当たり1,000円",5,民間団体,"26,000 ",港湾局港湾経営部振興課,03-5320-5549,https://www.kouwan.metro.tokyo.lg.jp/business/user/hojyo.html
2026,18,港湾局,14,都市の整備,港湾振興促進事業,東京港客船誘致促進補助制度補助金,"補助金の目的：クルーズ客船誘致を促進すること
補助対象者　：クルーズ客船運航事業者
補助対象経費：水先料金、曳船料金、綱取・綱放料金
負担割合：補助対象事業となるクルーズ１回当たり上限100万円",5,民間団体,"67,000 ",港湾局港湾経営部振興課,03-5320-5529,
2026,18,港湾局,14,都市の整備,港湾振興促進事業,東京港物流効率化等事業補助金（鉄道コンテナ詰替輸送事業）,"補助金の目的：海上コンテナ輸送のモーダルシフト促進による東京港の物流効率化及び物流機能強化等の推進
補助対象者　：鉄道輸送を依頼する者
補助対象経費：東京港で輸出入される海上コンテナ貨物の全部又は一部を、東京貨物ターミナル駅又は隅田川駅を発着する列車で国内輸送するため、東京港のCFS等において発生する鉄道コンテナへの詰め替え費用
負担割合　　：鉄道コンテナ１本当たり　12ft：5,000円、20ft以上：10,000円
",5,民間団体,"10,000 ",港湾局港湾経営部振興課,03-5320-5549,https://www.kouwan.metro.tokyo.lg.jp/business/user/hojyo
2026,18,港湾局,14,都市の整備,東京港建設事業,東京港における水素燃料電池換装型荷役機械等の導入促進事業補助金,"補助金の目的：東京港の脱炭素化に向けたFC換装型RTGの導入促進
補助対象者 　：東京港のコンテナふ頭の借受事業者及びターミナルオペレータ等
補助対象経費：RTGの購入費
負担割合　　　：RTG購入費の１／２、上限１億円",5,民間団体,"580,000 ",港湾局港湾経営部振興課,03-5320-5659,https://www.kouwan.metro.tokyo.lg.jp/business/user/RTG/
2026,18,港湾局,14,都市の整備,離島航路・航空路補助事業,伊豆諸島定期航路事業補助（伊豆諸島定期航路）,"補助金の目的：伊豆諸島における離島航路の維持及び改善
補助対象者　：離島航路事業者
補助対象経費：航路損益計算書による欠損額
負担割合　　：都100％（上記欠損額から離島航路整備法に基づく国庫補助額を控除した額）",5,民間団体,"360,930 ",港湾局離島港湾部管理課,03-5000-4611,https://www.kouwan.metro.tokyo.lg.jp/documents/d/kouwan/rito_outline1
2026,18,港湾局,14,都市の整備,離島航路・航空路補助事業,伊豆諸島定期航路事業補助（下田伊豆諸島間定期航路）,"補助金の目的：伊豆諸島における離島航路の維持及び改善
補助対象者　：離島航路事業者
補助対象経費：航路損益計算書による欠損額
負担割合　　：都100％（上記欠損額から離島航路整備法に基づく国庫補助額を控除した額）",5,民間団体,"111,354 ",港湾局離島港湾部管理課,03-5000-4611,https://www.kouwan.metro.tokyo.lg.jp/documents/d/kouwan/rito_outline1
2026,18,港湾局,14,都市の整備,離島航路・航空路補助事業,伊豆諸島定期航路事業補助（東京伊豆諸島間定期航路）,"補助金の目的：伊豆諸島における離島航路の維持及び改善
補助対象者　：離島航路事業者
補助対象経費：航路損益計算書による欠損額
負担割合　　：都100％（上記欠損額から離島航路整備法に基づく国庫補助額を控除した額）",5,民間団体,"534,429 ",港湾局離島港湾部管理課,03-5000-4611,https://www.kouwan.metro.tokyo.lg.jp/documents/d/kouwan/rito_outline1
2026,18,港湾局,14,都市の整備,離島航路・航空路補助事業,伊豆諸島海上貨物運賃補助,"補助金の目的：物価抑制及び島内産業の振興を図り、もって島民生活の安定に資する
補助対象者　：離島航路事業者
補助対象経費：対象品目の海上輸送費
負担割合　　：品目により100％または50％（原則50％の品目のうち、緊急支援措置として一部の品目は現在100％）",5,民間団体,"385,651 ",港湾局離島港湾部管理課,03-5000-4611,https://www.kouwan.metro.tokyo.lg.jp/documents/d/kouwan/rito_outline2
2026,18,港湾局,14,都市の整備,離島航路・航空路補助事業,伊豆諸島海上貨物運賃補助（新制度：離島活性化交付金）,"補助金の目的：島内産業の振興を図り、もって島民生活の安定に資する
補助対象者　：荷主
補助対象経費：自治体ごとに移出品５品目及び移出品の原料等を移入品として各１品目
負担割合　　：都7/15、国5/15、荷主3/15
                   「伊豆諸島海上貨物運賃補助」において、緊急支援措置（一部の品目について補助率を50％から100％に上乗せ）がなされる場合、本制度について次の補助率を適用する。
　　　　　　　　　都2/3、国1/3",5,民間団体,"12,056 ",港湾局離島港湾部管理課,03-5000-4611,https://www.kouwan.metro.tokyo.lg.jp/documents/d/kouwan/rito_outline3
2026,18,港湾局,14,都市の整備,離島航路・航空路補助事業,伊豆諸島海上貨物運賃補助（新制度：有人国境離島地域社会維持推進交付金）,"補助金の目的：島内産業の振興を図り、もって島民生活の安定に資する
補助対象者　：荷主
補助対象経費：自治体ごとに移出品５品目及び移出品の原料等を移入品として各１品目
負担割合　　：都20％、国60％、荷主20％
 　　　　　　　　「伊豆諸島海上貨物運賃補助」において、緊急支援措置（一部の品目について補助率を50％から100％に上乗せ）がなされる場合、本制度について次の補助率を適用する。
　　　　　　　　　都40％、国60％",5,民間団体,"16,795 ",港湾局離島港湾部管理課,03-5000-4611,https://www.kouwan.metro.tokyo.lg.jp/documents/d/kouwan/rito_outline3
2026,18,港湾局,14,都市の整備,離島航路・航空路補助事業,離島航空路補助,"補助金の目的：東京都の離島における住民の生活に必要な旅客運送の確保並びに離島における空港の効率的な利用及び整備に資すること
補助対象者　：離島航空路事業者
補助対象経費：補助対象路線の運航に係る経費（損失額）
負担割合　　：都1/2、国1/2",5,民間団体,"378,689 ",港湾局離島港湾部管理課,03-5320-5653,https://www.kouwan.metro.tokyo.lg.jp/documents/d/kouwan/rito_outline7
2026,18,港湾局,14,都市の整備,離島航路・航空路補助事業（国基準）,離島航空路運賃補助（伊豆諸島南部）国基準,"補助金の目的：国境離島地域における継続的な居住が可能となる環境の整備を図ること
補助対象者　：離島航空路事業者
補助対象経費：普通運賃から26％引き下げた額と島民割引運賃の差額分
負担割合　　：都45%、国55%",5,民間団体,"61,050 ",港湾局離島港湾部管理課,03-5320-5653,https://www.kouwan.metro.tokyo.lg.jp/documents/d/kouwan/rito_outline8
2026,18,港湾局,14,都市の整備,離島航路・航空路補助事業（国基準）,離島航空路運賃補助（伊豆諸島北部）国基準,"補助金の目的：東京都の離島における住民の生活に必要な旅客運送の確保並びに離島における空港の効率的な利用及び整備に資すること
補助対象者　：離島航空路事業者
補助対象経費：普通運賃から26％引き下げた額と島民割引運賃の差額分
負担割合　　：都1/2、国1/2",5,民間団体,"32,768 ",港湾局離島港湾部管理課,03-5320-5653,https://www.kouwan.metro.tokyo.lg.jp/documents/d/kouwan/rito_outline7
2026,18,港湾局,14,都市の整備,離島航路・航空路補助事業（都加算）,離島航空路運賃補助（伊豆諸島南部）都加算,"補助金の目的：国境離島地域における継続的な居住が可能となる環境の整備を図ること
補助対象者　：離島航空路事業者
補助対象経費：普通運賃と普通運賃から26％引き下げた額との差額分
負担割合　　：100％",5,民間団体,"53,661 ",港湾局離島港湾部管理課,03-5320-5653,https://www.kouwan.metro.tokyo.lg.jp/documents/d/kouwan/rito_outline8
2026,18,港湾局,14,都市の整備,離島航路・航空路補助事業（都加算）,離島航空路運賃補助（伊豆諸島北部）都加算,"補助金の目的：東京都の離島における住民の生活に必要な旅客運送の確保並びに離島における空港の効率的な利用及び整備に資すること
補助対象者　：離島航空路事業者
補助対象経費：普通運賃と普通運賃から26％引き下げた額との差額分
負担割合　　：100％",5,民間団体,"82,109 ",港湾局離島港湾部管理課,03-5320-5653,https://www.kouwan.metro.tokyo.lg.jp/documents/d/kouwan/rito_outline7
2026,18,港湾局,14,都市の整備,島しょ港湾・空港施設運営事業,航空保安検査補助（保安検査業務等）,"補助金の目的：東京都営空港における航空機の安全かつ快適な利用を確保し、乗客の生命の安全を守ること
補助対象者　：航空運送事業者
補助対象経費：保安検査業務委託費
負担割合　　：都1/2、事業者1/2",5,民間団体,"30,000 ",港湾局離島港湾部管理課,03-5320-5653,https://www.kouwan.metro.tokyo.lg.jp/documents/d/kouwan/rito_outline9
2026,18,港湾局,14,都市の整備,島しょ港湾・空港施設運営事業,航空保安検査補助（保安検査機器）,"補助金の目的：東京都営空港における航空機の安全かつ快適な利用を確保し、乗客の生命の安全を守ること
補助対象者　：航空運送事業者
補助対象経費：保安検査機器の購入費
負担割合　　：都1/2、事業者1/2",5,民間団体,"1,931 ",港湾局離島港湾部管理課,03-5320-5653,https://www.kouwan.metro.tokyo.lg.jp/documents/d/kouwan/rito_outline9
2026,18,港湾局,14,都市の整備,島しょ港湾・空港施設運営事業,調布飛行場自家用機分散移転促進補助,"補助金の目的：調布飛行場自家用機の分散移転の促進
補助対象者 　：調布飛行場に自家用機の航空機登録を行う者
補助対象経費：移転先までの交通費、資機材購入費、資機材輸送費等
負担割合　　　：　100%（上限額まで）",6,一般都民,"10,000 ",港湾局離島港湾部管理課,03-5320-5653,https://www.kouwan.metro.tokyo.lg.jp/documents/d/kouwan/rito_outline5
2026,18,港湾局,14,都市の整備,空港整備事業,東京都調布飛行場周辺住宅等騒音防止工事に関する補助金,"補助金の目的：航空機騒音の軽減及び住宅又は教育施設等の室内の有効な空気調和の確保
補助対象者　：一定の条件を満たした住人、事業者
補助対象経費：工事費
負担割合　都　８割（上限あり）",6,一般都民,"2,000 ",港湾局離島港湾部計画課,03-5000-4636,https://www.kouwan.metro.tokyo.lg.jp/jigyo/14_28jyutaku.pdf
2026,18,港湾局,14,都市の整備,島しょ港湾・空港施設運営事業,東京都の島しょ地域におけるクルーズ受入地域活性化補助金,"補助金の目的：クルーズ客船受入れの機運醸成、伊豆小笠原諸島の地域活性化
補助対象者 　：島しょ地域の市町村・観光協会・民間事業者・クルーズ振興協議会等
補助対象経費：取り組みに要する経費のうち企画運営費、調査費、プロモーション費等
負担割合　　　：補助対象経費の１/４以内（上限50万円）　",1,区市町村,"3,000 ",港湾局離島港湾部管理課,03-5320-5651,
2026,18,港湾局,14,都市の整備,港湾施設運営事業,東京港の内貿ユニットロードふ頭等におけるＤＸ推進補助金,"補助金の目的：東京港の内貿ユニットロードふ頭及びフェリーふ頭におけるデジタル・トランスフォーメーション（ＤＸ）を進め、荷役時間の短縮や荷役の効率化を推進する
補助対象者：東京港の対象ふ頭を利用するRORO船又はフェリーの船舶運航事業者、又は船舶運航事業者の同意を得た港湾運送事業者（港湾運送事業法（昭和26年法律第161号）第３条第１号の一般港湾運送事業の許可を受けたもの）
補助対象経費：
（１）システム等の開発・改修費用（委託料等）
（２）ＩＣＴ機器等の導入費用（備品購入費、使用料及び賃借料等）
（３）通信環境等の整備費用（工事請負費等）
（４）（１）から（３）の事業実績がある場合において、その導入のために必要なコンサルタント費用（委託料等）
（５）その他補助対象事業の目的と照らし知事が必要と認める費用
負担割合　　：補助対象経費から本補助金以外の国、都又は区市町村等から交付された補助額等を差し引いた補助対象者負担額の２分の１、かつ上限額4,500万円",5,民間団体,"90,000 ",港湾局港湾経営部振興課,03-5320-5548,https://www.kouwan.metro.tokyo.lg.jp/business/user/dx_naibou
2026,18,港湾局,14,都市の整備,港湾振興促進事業,東京港物流効率化等事業補助金(港内横持輸送事業（船舶）),"補助金の目的：海上コンテナ輸送のモーダルシフト促進による東京港の物流効率化及び物流機能強化等の推進
補助対象者　：港内横持輸送を依頼する者
補助対象経費：内航RORO船や内航フェリー、内航フィーダー船により海上コンテナを輸送するために、東京港内の異なるふ頭間や外貿コンテナターミナル間をドレージ車両により横持輸送する経費
負担割合　　：1輸送（片道）当たり10,000円",5,民間団体,"57,000 ",港湾局港湾経営部振興課,03-5320-5549,https://www.kouwan.metro.tokyo.lg.jp/business/user/hojyo.html
2026,18,港湾局,14,都市の整備,東京港建設事業,東京港における電動型荷役機械導入促進事業補助金,"補助金の目的：東京港の脱炭素化に向けた電動型荷役機械の導入促進
補助対象者 　：東京港で事業活動を行う港湾運送事業者等
補助対象経費：電動型荷役機械の購入費
負担割合　　　：電動型荷役機械の購入費の１／２、上限８千万円",5,民間団体,"560,000 ",港湾局港湾経営部振興課,03-5320-5659,https://www.kouwan.metro.tokyo.lg.jp/business/user/cnppromote_r8
2026,18,港湾局,14,都市の整備,離島航路・航空路補助事業,災害時における船内通信環境整備補助,"補助金の目的：災害時に船内で誰でも、どこでも通信手段が確保できるように通信環境の整備を促進
補助対象者　：離島航路事業者
補助対象経費：通信機器設置初期費用
負担割合　　：都1/2",5,民間団体,"15,000 ",港湾局離島港湾部管理課,03-5000-4611,
2026,18,港湾局,14,都市の整備,離島航路・航空路補助事業,東京都離島航空路線維持対策緊急補助,"補助金の目的：円安や物価高騰などによる事業者の急激な費用負担の増加に対して、国の補助制度の実態に即した見直しが実現するまで、離島航空路の維持存続のため、町村とともに必要経費を補助
補助対象者　：離島航空路事業者
補助対象経費：整備費（部品費・外注費）の増額分（実績損失見込額と標準損失額の差額を補助上限額とする。）
負担割合　　：都1/2、町村1/2",5,民間団体,"65,000 ",港湾局離島港湾部管理課,03-5320-5653,
2026,18,港湾局,14,都市の整備,島しょ港湾・空港施設運営事業,伊豆・小笠原諸島客船誘致促進補助金,"補助金の目的：伊豆・小笠原諸島へのクルーズ客船誘致を促進すること
補助対象者：クルーズ客船運航事業者
補助対象経費：曳船料、通船料
負担割合：曳船料（実費の1/2・上限300万円）、通船料（実費・上限20万円）",5,民間団体,"5,000 ",港湾局離島港湾部管理課,03-5320-5651,
2026,26,教育庁,07,教育,日本語指導が必要な児童・生徒等への指導・支援事業,帰国・外国人児童生徒等に対するきめ細かな支援事業,"補助金の目的：帰国・外国人児童生徒等の支援体制構築
補助対象者　：都内区市町村
補助対象経費：指導体制設置運営経費
負担割合　　：1/3区市町村、1/3国、1/3都",1,区市町村,"409,261 ",教育庁グローバル人材育成部国際教育企画課,03-5320-6893,
2026,26,教育庁,07,教育,日本語指導が必要な児童・生徒等への指導・支援事業,外国人の子供の就学促進事業,"補助金の目的：外国人の子どもの就学の促進のため
補助対象者　：都内区市町村
補助対象経費：外国人の子どもの就学の促進に要する費用
負担割合　　：国1/3　都1/3　区市町村1/3",1,区市町村,"144,431 ",教育庁グローバル人材育成部国際教育企画課,03-5320-6893,
2026,26,教育庁,07,教育,日本語指導が必要な児童・生徒等への指導・支援事業,ダイバーシティ推進校Ｎ２受験料支援,"補助金の目的：外国人の子どもの日本語能力向上のため
補助対象者　：ダイバーシティ推進校生徒
補助対象経費：N2受験に要する費用
負担割合　　：都1/2　生徒1/2",6,一般都民,540 ,教育庁グローバル人材育成部国際教育企画課,03-5320-6893,
2026,26,教育庁,07,教育,事務局の運営等,公立小中学校事務共同実施支援事業,"補助金の目的：効率的な学校運営体制実現・事務職員の計画的な人材育成等
補助対象者　：区市町村
補助対象経費：拠点校整備事業及びコンサル委託事業の実施に必要な経費
負担割合　　：　10/10",1,区市町村,"10,500 ",教育庁総務部総務課,03-5320-6723,　
2026,26,教育庁,07,教育,事務局の運営等,公立幼稚園一時預かり事業　国庫補助分,"補助金の目的：公立幼稚園において区市町村が実施する預かり保育に要する経費を一部補助する。
補助対象者　：区市町村
補助対象経費：預かり保育に係る運営費及び開設準備費
負担割合　　：国1/3、都1/3、区市町村1/3",1,区市町村,"118,500 ",教育庁地域教育支援部義務教育課,03-5320-6752,
2026,26,教育庁,07,教育,事務局の運営等,公立幼稚園一時預かり事業　都単独補助分,"補助金の目的：公立幼稚園において区市町村が実施する預かり保育に要する経費を一部補助する。
補助対象者　：区市町村
補助対象経費：預かり保育に係る運営費
負担割合　　：都1/2、区市町村1/2",1,区市町村,"76,526 ",教育庁地域教育支援部義務教育課,03-5320-6752,
2026,26,教育庁,07,教育,事務局の運営等,公立幼稚園実費徴収補足給付事業,"補助金の目的：公立幼稚園において低所得で生計が困難である保護者が支払うべき実費徴収に対して、その一部を補助する。
補助対象者　：区市町村
補助対象経費：教材費・行事費等
負担割合　　：国1/3、都1/3、区市町村1/3",1,区市町村,236 ,教育庁地域教育支援部義務教育課,03-5320-6752,
2026,26,教育庁,07,教育,事務局の運営等,コミュニティ・スクール導入等促進事業　国庫補助分,"補助金の目的：コミュニティ・スクールの全校設置と推進体制の構築を目指す区市町村教育委員会に対し、必要な経費を間接補助する。
補助対象者　：区市町村
補助対象経費：コミュニティ・スクールの導入等に向けて実施する会議、研修等に要する費用
負担割合　　：国1/3、都1/3、区市町村1/3",1,区市町村,"4,366 ",教育庁地域教育支援部義務教育課,03-5320-6752,
2026,26,教育庁,07,教育,事務局の運営等,学校マネジメント強化事業,"補助金の目的：副校長に集中する業務負担の軽減等を行うため、小学校、中学校及び義務教育学校において副校長を直接補佐する支援員を配置する場合等においてその配置を支援。
補助対象者　：区市町村
補助対象経費：第一種報酬、期末手当、勤勉手当、第二種報酬、社会保険料
負担割合　　：国1/3、都2/3",1,区市町村,"4,070,965 ",教育庁人事部勤労課,03-5320-6801,
2026,26,教育庁,07,教育,事務局の運営等,子育てのための施設等利用給付事業,"補助金の目的：公立幼稚園において預かり保育を利用した際に生じる施設等利用費の一部を負担する。
補助対象者　：区市町村
補助対象経費：施設等利用費
負担割合　　：国1/2、都1/4、区市町村1/4",1,区市町村,"37,084 ",教育庁地域教育支援部義務教育課,03-5320-6752,
2026,26,教育庁,07,教育,事務局の運営等,乳児等のための支援給付事業,"補助金の目的：区市町村が支弁する乳児等のための支援給付の支給に要する費用の一部を負担することにより、子供の保護者の負担を軽減する。
補助対象者　：区市町村
補助対象経費：乳児等支援給付費及び特例乳児等支援給付費
負担割合　　：国3/4、都1/8、区市町村1/8",1,区市町村,"4,683 ",教育庁地域教育支援部義務教育課,03-5320-6752,
2026,26,教育庁,07,教育,事務局の運営等,公立幼稚園におけるＩＣＴ環境整備支援事業,"補助金の目的：公立幼稚園において園務改善等のために区市町村教育委員会が実施するICT環境整備に係る費用の一部を補助する。
補助対象者　：区市町村
補助対象経費：園務改善等に資するシステム導入費用
負担割合　　：国3/4、区市町村1/4",1,区市町村,"11,625 ",教育庁地域教育支援部義務教育課,03-5320-6752,
2026,26,教育庁,07,教育,事務局の運営等,公立幼稚園における業務体制支援事業,"補助金の目的：公立幼稚園において、担任教員等の業務負荷を軽減し、園務の平準化を図るこのために区市町村教育委員会が新たに補助員等を配置するために必要な費用の一部を補助する。
補助対象者　：区市町村
補助対象経費：登園時等における担任教員等の業務を補助するために新たに配置した補助員等の雇上費及び当該業務にかかる外部への委託費等
負担割合　　：国1/2、区市町村1/2",1,区市町村,112 ,教育庁地域教育支援部義務教育課,03-5320-6752,
2026,26,教育庁,07,教育,生物多様性教育環境創出補助事業,生物多様性教育環境創出補助事業,"補助金の目的：生物多様性の保全と環境教育を通じた自然環境への関心の向上、環境に配慮した行動意識をはぐくむ環境整備の支援。
補助対象者：区市町村
補助対象経費：校（園）庭芝生化、ビオトープ、庭園、菜園の整備等に要する費用",1,区市町村,"20,199 ",教育庁地域教育支援部義務教育課,03-5320-6752,
2026,26,教育庁,07,教育,事務局の運営等,新しい時代の学校施設整備補助事業,"補助金の目的：児童生徒や地域住民等の多様な人々が学校を地域コミュニティの拠点として利用することを踏まえ、防犯機能強化やバリアフリー化において必要となる施設整備を支援。
補助対象者：区市町村
補助対象経費：防犯及びバリアフリー設備設置工事費用",1,区市町村,"150,415 ",教育庁地域教育支援部義務教育課,03-5320-6766,
2026,26,教育庁,07,教育,区市町村における学校の働き方改革支援,スクール・サポート・スタッフ配置支援事業,"補助金の目的：教員の負担軽減を図り、児童・生徒への指導や教材研究等に注力できる体制を整備するため、授業準備等をサポートする人材の配置及び活用を行う区市町村を支援
補助対象者　：区市町村
補助対象経費：報酬、社会保険料、期末手当、勤勉手当
負担割合　　：国1/3、都2/3",1,区市町村,"5,205,410 ",教育庁人事部勤労課,03-5320-6801,
2026,26,教育庁,07,教育,区市町村における学校の働き方改革支援,社会の力活用事業,"補助金の目的：小学校において、英語や体育などの教科指導に専門性の高い外部人材を特別非常勤講師として任用し、教員の負担を軽減するとともに、教育の質を向上
補助対象者　：区市町村
補助対象経費：第一種報酬、報償費、期末手当、勤勉手当、第二種報酬、社会保険料
負担割合　　：都10/10",1,区市町村,"161,831 ",教育庁人事部勤労課,03-5320-6801,
2026,26,教育庁,07,教育,公益財団法人東京都教育支援機構の運営,公益財団法人東京都教育支援機構運営費補助金,"補助金の目的：都内公立学校を多角的に支援する事業を行う公益財団法人東京都教育支援機構の運営に要する経費を補助し、東京の教育の振興に寄与。
補助対象者　：公益財団法人東京都教育支援機構
補助対象経費：学校教育の支援等に要する経費（管理費、事業費）
負担割合　　：都10/10",3,政策連携団体,"1,175,974 ",教育庁総務部教育政策課,03-5320-6707,
2026,26,教育庁,07,教育,新たな教員採用選考の実施,幼稚園教諭経験者の小学校教諭免許状取得に係る補助金,"補助金の目的：隣接免許取得制度の周知を図るとともに制度活用を促進し、都内公立小学校における優秀な教員を確保すること
補助対象者　：小学校教諭免許取得希望者
補助対象経費：免許状取得に係る受講費用等
負担割合　　：10/10（上限あり）",6,一般都民,"13,357 ",教育庁人事部選考課,03-5320-6787,
2026,26,教育庁,07,教育,学校保健活動,一般財団法人東京都学校保健会事業費補助,"補助金の目的：都における学校保健の振興を図るため
補助対象者　：一般財団法人東京都学校保健会
補助対象経費：都の学校保健の振興に寄与し、かつ、将来の発展に寄与すると認められる事業に要した経費
負担割合　　：1/1",5,民間団体,"5,117 ",教育庁地域教育支援部義務教育課,03-5320-6878,
2026,26,教育庁,07,教育,学校保健活動,学校飼育動物ガイドライン活用促進補助事業,"補助金の目的：都公立学校における動物飼育に関する教育に資するため
補助対象者　：区市町村
補助対象経費：学校飼育動物にかかる獣医師を活用するためのガイドラインによる事業に要した経費
負担割合　　：1/2",1,区市町村,"7,000 ",教育庁地域教育支援部義務教育課,03-5320-6878,
2026,26,教育庁,07,教育,学校給食運営管理,都立学校給食費負担軽減支援金,"補助金の目的：都立学校における学校給食費の負担軽減
補助対象者　：都立学校の給食受給対象児童・生徒等の保護者等
補助対象経費：給食の食材料等に要する経費
負担割合　　：都10/10（小学校段階のみ国基準額まで 国1/2、都1/2） ",7,その他団体,"2,394,303 ",教育庁都立学校教育部学校健康推進課,03-5320-6884,
2026,26,教育庁,07,教育,学校給食運営管理,東京都公立学校給食費負担軽減事業,"補助金の目的：区市町村における公立学校給食費の負担軽減の取組を支援
補助対象者：区市町村
補助対象経費：学校給食費の保護者負担軽減に向けた取組を行う場合の経費
負担割合　　：
〇小学校段階　国基準額まで：国１／２、都１／２　国基準額を超過する部分：都１／２、区市町村１／２（上限あり）
〇中学校段階　都１／２、区市町村１／２（上限あり）",1,区市町村,"47,766,109 ",教育庁地域教育支援部義務教育課,03-5320-6878,
2026,26,教育庁,07,教育,公立学校施設防災機能強化支援事業,トイレ整備工事費補助　小,"補助金の目的：都内公立学校施設のトイレ整備の促進
補助対象者　：区市町村
補助対象経費：トイレの洋式化等の整備に係る経費（単価×面積）
負担割合　　：国補助単価まで　国1/3、都1/6、区市町村1/2",1,区市町村,"313,624 ",教育庁地域教育支援部義務教育課,03-5320-6766,
2026,26,教育庁,07,教育,公立学校施設防災機能強化支援事業,トイレ整備工事費補助　中,"補助金の目的：都内公立学校施設のトイレ整備の促進
補助対象者　：区市町村
補助対象経費：トイレの洋式化等の整備に係る経費（単価×面積）
負担割合　　：国補助単価まで　国1/3、都1/6、区市町村1/2",1,区市町村,"134,411 ",教育庁地域教育支援部義務教育課,03-5320-6766,
2026,26,教育庁,07,教育,公立学校施設防災機能強化支援事業,トイレ整備単価差補助　小,"補助金の目的：都内公立学校施設のトイレ整備の促進
補助対象者　：区市町村
補助対象経費：トイレの洋式化等の整備に係る経費（単価×面積）
負担割合　　：国補助を超えて都補助単価まで　都1/2、区市町村1/2",1,区市町村,"24,291 ",教育庁地域教育支援部義務教育課,03-5320-6766,
2026,26,教育庁,07,教育,公立学校施設防災機能強化支援事業,トイレ整備単価差補助　中,"補助金の目的：都内公立学校施設のトイレ整備の促進
補助対象者　：区市町村
補助対象経費：トイレの洋式化等の整備に係る経費（単価×面積）
負担割合　　：国補助を超えて都補助単価まで　都1/2、区市町村1/2",1,区市町村,"9,493 ",教育庁地域教育支援部義務教育課,03-5320-6766,
2026,26,教育庁,07,教育,公立学校施設冷房化支援特別事業,特別教室等冷房化事業補助　小,"補助金の目的：公立学校施設の冷房化促進
補助対象者　：区市町村
補助対象経費：工事費
負担割合　　：国庫補助単価まで　国1/3 区市町村1/2　都1/6",1,区市町村,"37,647 ",教育庁地域教育支援部義務教育課,03-5320-6766,
2026,26,教育庁,07,教育,公立学校施設冷房化支援特別事業,特別教室等冷房化事業補助　中,"補助金の目的：公立学校施設の冷房化促進
補助対象者　：区市町村
補助対象経費：工事費
負担割合　　：国庫補助単価まで　国1/3 区市町村1/2　都1/6",1,区市町村,"18,044 ",教育庁地域教育支援部義務教育課,03-5320-6766,
2026,26,教育庁,07,教育,公立学校施設冷房化支援特別事業,特別教室等冷房化事業単価差補助　小,"補助金の目的：公立学校施設の冷房化促進
補助対象者　：区市町村
補助対象経費：工事費
負担割合　　：国庫補助単価を超える部分　区市町村1/2 都1/2",1,区市町村,"43,737 ",教育庁地域教育支援部義務教育課,03-5320-6766,
2026,26,教育庁,07,教育,公立学校施設冷房化支援特別事業,特別教室等冷房化事業単価差補助　中,"補助金の目的：公立学校施設の冷房化促進
補助対象者　：区市町村
補助対象経費：工事費
負担割合　　：国庫補助単価を超える部分　区市町村1/2 都1/2",1,区市町村,"21,639 ",教育庁地域教育支援部義務教育課,03-5320-6766,
2026,26,教育庁,07,教育,公立学校施設冷房化支援特別事業,屋内体育施設冷房化事業補助（リース）　小,"補助金の目的：公立学校施設の冷房化促進
補助対象者　：事業者
補助対象経費：工事費
負担割合　　：事業者1/2　都1/2

（参考　リース以外）
補助対象者　：区市町村
補助対象経費：工事費
負担割合　　：国庫補助単価まで　国1/2 区市町村1/2、国庫補助単価を超える部分　区市町村1/2 都1/2",5,民間団体,"212,190 ",教育庁地域教育支援部義務教育課,03-5320-6766,
2026,26,教育庁,07,教育,公立学校施設冷房化支援特別事業,屋内体育施設冷房化事業補助（リース）　中,"補助金の目的：公立学校施設の冷房化促進
補助対象者　：事業者
補助対象経費：工事費
負担割合　　：事業者1/2　都1/2

（参考　リース以外）
補助対象者　：区市町村
補助対象経費：工事費
負担割合　　：国庫補助単価まで　国1/2 区市町村1/2、国庫補助単価を超える部分　区市町村1/2 都1/2",5,民間団体,"223,518 ",教育庁地域教育支援部義務教育課,03-5320-6766,
2026,26,教育庁,07,教育,公立学校施設防災機能強化支援事業,非構造部材耐震化工事費補助　小,"補助金の目的：都内公立学校施設の非構造部材耐震化の促進
補助対象者　：区市町村
補助対象経費：非構造部材の耐震対策工事に係る経費（実工事費）
負担割合　　：国1/3、都1/6、区市町村1/2",1,区市町村,"658,777 ",教育庁地域教育支援部義務教育課,03-5320-6766,
2026,26,教育庁,07,教育,公立学校施設防災機能強化支援事業,非構造部材耐震化工事費補助　中,"補助金の目的：都内公立学校施設の非構造部材耐震化の促進
補助対象者　：区市町村
補助対象経費：非構造部材の耐震対策工事に係る経費（実工事費）
負担割合　　：国1/3、都1/6、区市町村1/2",1,区市町村,"200,124 ",教育庁地域教育支援部義務教育課,03-5320-6766,
2026,26,教育庁,07,教育,公立学校施設防災機能強化支援事業,安全確保工事費補助　小,"補助金の目的：都内公立学校施設の安全確保工事の推進
補助対象者　：区市町村
補助対象経費：児童生徒等の安全を確保する上で必要な工事に係る経費
負担割合　　：国1/3、都1/6、区市町村1/2",1,区市町村,"44,030 ",教育庁地域教育支援部義務教育課,03-5320-6766,
2026,26,教育庁,07,教育,公立学校施設防災機能強化支援事業,安全確保工事費補助　中,"補助金の目的：都内公立学校施設の安全確保工事の推進
補助対象者　：区市町村
補助対象経費：児童生徒等の安全を確保する上で必要な工事に係る経費
負担割合　　：国1/3、都1/6、区市町村1/2",1,区市町村,"80,700 ",教育庁地域教育支援部義務教育課,03-5320-6766,
2026,26,教育庁,07,教育,公立学校施設防災機能強化支援事業,安全確保木塀加算補助　小,"補助金の目的：都内公立学校施設の木塀によるブロック塀対策工事の推進
補助対象者　：区市町村
補助対象経費：ブロック塀等に替えて木塀を設置する工事に係る経費
負担割合　　：国1/3、都1/6、区市町村1/2（100,000円/1mを超える部分：区市町村負担分の全額を都が負担）",1,区市町村,"5,001 ",教育庁地域教育支援部義務教育課,03-5320-6766,
2026,26,教育庁,07,教育,公立学校施設防災機能強化支援事業,安全確保木塀加算補助　中,"補助金の目的：都内公立学校施設の木塀によるブロック塀対策工事の推進
補助対象者　：区市町村
補助対象経費：ブロック塀等に替えて木塀を設置する工事に係る経費
負担割合　　：国1/3、都1/6、区市町村1/2（100,000円/1mを超える部分：区市町村負担分の全額を都が負担）",1,区市町村,"9,167 ",教育庁地域教育支援部義務教育課,03-5320-6766,
2026,26,教育庁,07,教育,公立学校木の教育環境整備補助事業,木の教育環境整備費補助　小,"補助金の目的：国産木材による学校施設の木質化推進
補助対象者　：区市町村
補助対象経費：工事費
負担割合　　：国1/3区市町村1/2都1/6",1,区市町村,"185,734 ",教育庁地域教育支援部義務教育課,03-5320-6766,
2026,26,教育庁,07,教育,公立学校木の教育環境整備補助事業,木の教育環境整備費補助　中,"補助金の目的：国産木材による学校施設の木質化推進
補助対象者　：区市町村
補助対象経費：工事費
負担割合　　：国1/3区市町村1/2都1/6",1,区市町村,"15,059 ",教育庁地域教育支援部義務教育課,03-5320-6766,
2026,26,教育庁,07,教育,小学校の管理運営,地域ぐるみの学校安全体制整備推進事業,"補助金の目的：学校や通学路における子供の安全確保を図るため、地域社会全体で子供の安全を見守る体制の整備することを目的に、小・中学校の設置者である区市町村の各種取組を国庫補助事業を活用し支援
補助対象者　：区市町村
補助対象経費：(1)スクールガード・リーダー（SGL）による学校の巡回指導と評価等の実施
(2)スクールガード（SG）養成講習会の開催、(3)子供たちの見守り活動の実施
負担割合　　：国：1/3、都：1/3、区市町村：1/3",1,区市町村,"10,211 ",教育庁地域教育支援部義務教育課,03-5320-6752,
2026,26,教育庁,07,教育,小学校の管理運営,被災児童・生徒等特別支援教育就学奨励事業（小学校）,"補助金の目的：被災地域からの避難による経済的負担軽減、就学の機会確保
補助対象者　：被災による転入学者のうち、新たに就学奨励事業の対象となった者もしくは所得減等により支弁区分が変更となった者
補助対象経費：就学奨励費の国庫分対象経費
負担割合　　：国全額負担",1,区市町村,36 ,教育庁都立学校教育部特別支援教育課,03-5320-6754,
2026,26,教育庁,07,教育,小学校の管理運営,被災児童・生徒就学援助事業（小）東日本大震災分,"補助金の目的：東日本大震災により被災し、就園就学が困難な児童又は生徒の教育機会確保
補助対象者　：東日本大震災で被災した児童又は生徒
補助対象経費：学用品費、医療費、給食費
負担割合　　：10/10国",1,区市町村,795 ,教育庁地域教育支援部義務教育課,03-5320-6752,
2026,26,教育庁,07,教育,小学校の管理運営,被災児童・生徒就学援助事業（小）大規模災害分,"補助金の目的：大規模災害により被災し、就園就学が困難な児童又は生徒の教育機会確保
補助対象者　：文部科学省が指定した大規模災害で被災した児童又は生徒
補助対象経費：学用品費、医療費、給食費
負担割合　　：1/3区市町村、2/3国",1,区市町村,96 ,教育庁地域教育支援部義務教育課,03-5320-6752,
2026,26,教育庁,07,教育,緑の学び舎づくり事業,緑の学び舎づくり事業（小）,"補助金の目的：芝生化や屋上・壁面緑化を実施した区市町村に対して維持管理費用の補助を行い、子供達の健やかな成長にとって望ましい教育環境が維持できるよう支援する。
補助対象者　：区市町村
補助対象経費：維持管理
負担割合　　：都：補助率１／２（芝生化工事完了の翌月以降から６０か月間）",1,区市町村,"1,396 ",教育庁地域教育支援部義務教育課,03-5320-6752,https://www.kyoiku.metro.tokyo.lg.jp/school/primary_and_junior_high/lawn_schoolyard/about.html
2026,26,教育庁,07,教育,小学校の管理運営,東京都デジタル利活用支援員配置支援事業補助金（小学校の管理運営）,"補助金の目的：デジタル利活用支援員に係る経費を支援し、授業等におけるデジタル利活用を促進
補助対象者　：区市町村
補助対象経費：デジタル利活用支援員の人件費、交通費、管理費等
負担割合　　：都3/4、区市町村1/4",1,区市町村,"2,405,963 ",教育庁企画部デジタル推進課,03-5320-7867,
2026,26,教育庁,07,教育,小学校の管理運営,東京都公立学校情報機器整備支援事業補助金（小学校の管理運営：一人１台端末　区市町村立学校向け）,"補助金の目的：公立学校の学習者用コンピュータ等の情報機器を効率的に整備更新
補助対象者　：区市町村及び民間事業者(情報機器をリース契約により地方公共団体に提供する者。）
補助対象経費：学習者用コンピュータの整備又は更新に要する経費（情報機器の運搬費、情報機器の設置・据え付け費を含む。）
負担割合　　：一人１台端末　国2/3、区市町村1/3",1,区市町村,"2,246,310 ",教育庁企画部デジタル推進課,03-5320-7867,
2026,26,教育庁,07,教育,小学校の管理運営,東京都公立学校情報機器整備支援事業補助金（小学校の管理運営：一人１台端末　都立学校向け）,"補助金の目的：公立学校の学習者用コンピュータ等の情報機器を効率的に整備更新
補助対象者　：民間事業者(情報機器をリース契約により地方公共団体に提供する者。）
補助対象経費：学習者用コンピュータの整備又は更新に要する経費（情報機器の運搬費、情報機器の設置・据え付け費を含む。）
負担割合　　：一人１台端末　国2/3、都1/3",5,民間団体,"5,134 ",教育庁企画部デジタル推進課,03-5320-7867,
2026,26,教育庁,07,教育,小学校の管理運営,東京都公立学校情報機器整備支援事業補助金（小学校の管理運営：入出力支援装置）,"補助金の目的：公立学校の学習者用コンピュータ等の情報機器を効率的に整備更新
補助対象者　：区市町村
補助対象経費：障害により情報機器の入出力自体に困難を抱えた児童生徒のための支援装置の更新等に要する経費（情報機器の運搬費、情報機器の設置・据え付け費を含む）
負担割合　　：入出力支援装置　国全額負担（下限額10,000円）",1,区市町村,"1,795 ",教育庁企画部デジタル推進課,03-5320-7867,
2026,26,教育庁,07,教育,新しい学校づくり重点支援事業,適正規模化重点支援校への補助金（小学校）,"補助金の目的：区市町村立の公立学校における適正規模化の推進
補助対象者　：区市町村教育委員会
補助対象経費：備品の購入、通学指導員の配置、スクールバスの運行委託等に要する経費
負担割合　　：都1/2、区市町村教育委員会1/2",1,区市町村,"10,084 ",教育庁地域教育支援部義務教育課,03-5320-6752,
2026,26,教育庁,07,教育,新しい学校づくり重点支援事業,適正規模化重点支援校への補助金（中学校）,"補助金の目的：区市町村立の公立学校における適正規模化の推進
補助対象者　：区市町村教育委員会
補助対象経費：備品の購入、通学指導員の配置、スクールバスの運行委託等に要する経費
負担割合　　：都1/2、区市町村教育委員会1/2",1,区市町村,"1,436 ",教育庁地域教育支援部義務教育課,03-5320-6752,
2026,26,教育庁,07,教育,中学校の管理運営,被災児童・生徒就学援助事業（中）大規模災害分,"補助金の目的：大規模災害により被災し、就園就学が困難な児童又は生徒の教育機会確保
補助対象者　：文部科学省が指定した大規模災害で被災した児童又は生徒
補助対象経費：学用品費、医療費、給食費
負担割合　　：1/3区市町村、2/3国",1,区市町村,42 ,教育庁地域教育支援部義務教育課,03-5320-6752,
2026,26,教育庁,07,教育,中学校の管理運営,夜間中学運営費補助,"補助金の目的：中学校教育課程未修了者等の教育の場としての夜間学級について、その運営に必要な経費を補助し、義務教育課程修了の促進を図る
補助対象者　：八王子市教育委員会
補助対象経費：八王子市立第五中学校夜間学級の管理運営費
負担割合　　：都10/10",1,区市町村,"1,300 ",教育庁地域教育支援部義務教育課,03-5320-6752,
2026,26,教育庁,07,教育,中学校の管理運営,被災児童・生徒等特別支援教育就学奨励事業（中学校）,"補助金の目的：被災地域からの避難による経済的負担軽減、就学の機会確保
補助対象者　：被災による転入学者のうち、新たに就学奨励事業の対象となった者もしくは所得減等により支弁区分が変更となった者
補助対象経費：就学奨励費の国庫分対象経費
負担割合　　：国全額負担",1,区市町村,66 ,教育庁都立学校教育部特別支援教育課,03-5320-6754,
2026,26,教育庁,07,教育,中学校の管理運営,被災児童・生徒就学援助事業（中）東日本大震災分,"補助金の目的：東日本大震災により被災し、就園就学が困難な児童又は生徒の教育機会確保
補助対象者　：東日本大震災で被災した児童又は生徒
補助対象経費：学用品費、医療費、給食費
負担割合　　：10/10国",1,区市町村,"1,123 ",教育庁地域教育支援部義務教育課,03-5320-6752,
2026,26,教育庁,07,教育,中学校の管理運営,東京都デジタル利活用支援員配置支援事業補助金（中学校の管理運営）,"補助金の目的：デジタル利活用支援員に係る経費を支援し、授業等におけるデジタル利活用を促進
補助対象者　：区市町村
補助対象経費：デジタル利活用支援員の人件費、交通費、管理費等
負担割合　　：都3/4、区市町村1/4",1,区市町村,"1,137,090 ",教育庁企画部デジタル推進課,03-5320-7867,
2026,26,教育庁,07,教育,中学校の管理運営,東京都公立学校情報機器整備支援事業補助金（中学校の管理運営：一人１台端末　区市町村立学校向け）,"補助金の目的：公立学校の学習者用コンピュータ等の情報機器を効率的に整備更新
補助対象者　：区市町村及び民間事業者(情報機器をリース契約により地方公共団体に提供する者。）
補助対象経費：学習者用コンピュータの整備又は更新に要する経費（情報機器の運搬費、情報機器の設置・据え付け費を含む。）
負担割合　　：一人１台端末　国2/3、区市町村1/3",1,区市町村,"1,221,917 ",教育庁企画部デジタル推進課,03-5320-7867,
2026,26,教育庁,07,教育,中学校の管理運営,東京都公立学校情報機器整備支援事業補助金（中学校の管理運営：一人１台端末　都立学校向け）,"補助金の目的：公立学校の学習者用コンピュータ等の情報機器を効率的に整備更新
補助対象者　：民間事業者(情報機器をリース契約により地方公共団体に提供する者。）
補助対象経費：学習者用コンピュータの整備又は更新に要する経費（情報機器の運搬費、情報機器の設置・据え付け費を含む。）
負担割合　　：一人１台端末　国2/3、都1/3",5,民間団体,"54,450 ",教育庁企画部デジタル推進課,03-5320-7867,
2026,26,教育庁,07,教育,中学校の管理運営,東京都公立学校情報機器整備支援事業補助金（中学校の管理運営：入出力支援装置）,"補助金の目的：公立学校の学習者用コンピュータ等の情報機器を効率的に整備更新
補助対象者　：区市町村
補助対象経費：障害により情報機器の入出力自体に困難を抱えた児童生徒のための支援装置の更新等に要する経費（情報機器の運搬費、情報機器の設置・据え付け費を含む）
負担割合　　：入出力支援装置　国全額負担（下限額10,000円）",1,区市町村,268 ,教育庁企画部デジタル推進課,03-5320-7867,
2026,26,教育庁,07,教育,中学校の管理運営,中学校夜間学級の会計年度任用職員（養護教諭）の配置,"補助金の目的：中学校夜間学級における体制整備
補助対象者：区市町村
補助対象経費：区市町村が夜間学級を設置する都内中学校に会計年度任用職員の養護教諭を配置する場合に、その必要経費を補助",1,区市町村,"32,522 ",教育庁人事部人事計画課,03-5320-6783,
2026,26,教育庁,07,教育,子供の学力に対する懸念の解消,都立高等学校及び都立中等教育学校後期課程の入学者への端末購入支援金,"補助金の目的：都立高等学校及び都立中等教育学校後期課程の入学者が購入するタブレット端末等の保護者負担額を軽減
補助対象者　：
【保護者負担定額補助】
都立高等学校及び都立中等教育学校後期課程の入学者のうち端末を購入する者
【多子世帯補助】
保護者負担定額補助の対象者のうち、令和8年4月1日現在で、保護者等が扶養する23歳未満の子が3名以上いる世帯
【給付型奨学金（端末購入補助）】
保護者負担定額補助の対象者のうち、給付型奨学金対象世帯
補助対象経費：
都立高等学校及び都立中等教育学校後期課程の入学者が購入するタブレット端末等の購入経費
負担割合　　：
【保護者負担定額補助】保護者負担額が端末１台につき30,000円になるように補助
【多子世帯補助】15,000円（保護者負担額が端末１台につき15,000円になるように補助）
【給付型奨学金（端末購入補助）】30,000円（保護者負担額が端末１台につき0円になるように補助）",6,一般都民,"5,189,691 ",教育庁企画部デジタル推進課,03-5320-7867,https://www.kyoiku.metro.tokyo.lg.jp/admission/tuition/tuition/device_monetary_assistance.html
2026,26,教育庁,07,教育,全日制高等学校管理運営（二次）,高等学校就学支援金（都立高等学校等）,"補助金の目的：教育費の負担の軽減
補助対象者　：個人
補助対象経費：授業料
負担割合　　：国3/4、都1/4",6,一般都民,"14,965,949 ",教育庁都立学校教育部高等学校教育課,03-5320-7862,https://www.kyoiku.metro.tokyo.lg.jp/admission/tuition/tuition/scholarship.html
2026,26,教育庁,07,教育,全日制高等学校管理運営（二次）,高等学校就学支援金（千代田区立九段中等教育学校）,"補助金の目的：教育費の負担の軽減
補助対象者　：個人
補助対象経費：授業料
負担割合　　：国3/4、都1/4",1,区市町村,"55,480 ",教育庁都立学校教育部高等学校教育課,03-5320-7862,
2026,26,教育庁,07,教育,全日制高等学校管理運営（二次）,高等学校就学支援金事務費（千代田区立九段中等教育学校）,"補助金の目的：教育費の負担の軽減
補助対象者　：市町村
補助対象経費：事務費
負担割合　　：国1/1",1,区市町村,512 ,教育庁都立学校教育部高等学校教育課,03-5320-7862,
2026,26,教育庁,07,教育,全日制高等学校管理運営（二次）,高等学校奨学給付金（都立高等学校等）,"補助金の目的：授業料以外の教育費の負担の軽減
補助対象者　：個人
補助対象経費：授業料以外の教育に必要な経費
負担割合　　：国1/2、都1/2",6,一般都民,"3,023,917 ",教育庁都立学校教育部高等学校教育課,03-5320-7862,https://www.kyoiku.metro.tokyo.lg.jp/admission/tuition/tuition/scholarship_public_school.html
2026,26,教育庁,07,教育,全日制高等学校管理運営（二次）,高等学校奨学給付金（都立高等学校等以外の国公立高等学校等）（全日制高等学校管理運営（二次））,"補助金の目的：授業料以外の教育費の負担の軽減
補助対象者　：個人
補助対象経費：授業料以外の教育に必要な経費
負担割合　　：国1/2、都1/2",6,一般都民,"36,806 ",教育庁都立学校教育部高等学校教育課,03-5320-7862,https://www.kyoiku.metro.tokyo.lg.jp/admission/tuition/tuition/scholarship_public_school.html
2026,26,教育庁,07,教育,全日制高等学校管理運営（二次）,学び直しへの支援（全日制高等学校管理運営（二次））,"補助金の目的：教育費の負担の軽減
補助対象者　：個人
補助対象経費：授業料
負担割合　　：国3/4、都1/4",6,一般都民,"1,663 ",教育庁都立学校教育部高等学校教育課,03-5320-7862,
2026,26,教育庁,07,教育,全日制高等学校,高等学校における感染症対策等経費,"補助金の目的：感染症対策の影響により中止となった修学旅行等のキャンセル料等補助
補助対象者　：修学旅行等に申し込みをしていた児童・生徒の保護者
補助対象経費：キャンセル料・手数料等
負担割合　　：都1/1",6,一般都民,"9,134 ",教育庁都立学校教育部高等学校教育課,03-5320-7862,
2026,26,教育庁,07,教育,特別支援学校の管理運営,特別支援学校就学支援金,"補助金の目的：教育に係る経済的な負担軽減、教育の機会均等
補助対象者　：都立高等学校等に在学する生徒
補助対象経費：都立特別支援学校高等部授業料
負担割合　　：国3/4、都1/4",6,一般都民,"7,232 ",教育庁都立学校教育部特別支援教育課,03-5320-6754,https://www.kyoiku.metro.tokyo.lg.jp/admission/tuition/tuition/scholarship.html
2026,26,教育庁,07,教育,特別支援学校の管理運営,学び直しへの支援（特別支援学校の管理運営）,"補助金の目的：学び直しの機会確保
補助対象者　：就学支援金対象者のうち、高等学校等を中途退学した者が、学び直しのため高等学校等へ再入学した場合
補助対象経費：授業料又は通信教育受講料
負担割合　　：国3/4、都1/4",6,一般都民,6 ,教育庁都立学校教育部特別支援教育課,03-5320-6754,
2026,26,教育庁,07,教育,特別支援学校の管理運営,給付型奨学金（特別支援学校）,"補助金の目的：教育費の負担軽減
補助対象者　：都立高等学校等に在学する生徒（所得制限等の要件あり）
補助対象経費：生徒が選択的学習活動に参加するために必要な経費
負担割合　　：都全額負担",6,一般都民,"52,251 ",教育庁都立学校教育部特別支援教育課,03-5320-6754,https://www.kyoiku.metro.tokyo.lg.jp/admission/tuition/tuition/non-refundable_scholarship.html
2026,26,教育庁,07,教育,特別支援学校の管理運営,被災児童・生徒就学援助事業,"補助金の目的：被災地域からの避難による経済的負担軽減、就学の機会確保
補助対象者　：被災による転入学者で就学奨励費の申請を行い、補助金の交付を希望する者
補助対象経費：就学奨励事業対象経費(限度額超過分）、就学奨励事業対象外経費（実費相当額）
負担割合　　：都全額負担",6,一般都民,186 ,教育庁都立学校教育部特別支援教育課,03-5320-6754,
2026,26,教育庁,07,教育,インクルーシブ教育システム体制の整備,インクルーシブ教育支援員配置補助金,"補助金の目的：インクルーシブ教育支援員の配置促進
補助対象者　：都内区市町村教育委員会
補助対象経費：特別支援学校への就学が適当であると判定されたものの、総合的な判断により小・中学校へ就学した児童・生徒の日常生活上の介助又は学習上の支援、発達障害等のある児童・生徒が通常の学級で学ぶ場合の支援、特別支援教育コーディネーターの支援及び事務支援を行うものの配置に要する経費
負担割合　　：都1/2、区市町村1/2（事務支援メニューの人員配置については都10/10）",1,区市町村,"1,990,919 ",教育庁都立学校教育部特別支援教育課,"03-5320-6750/
03-5320-7838",
2026,26,教育庁,07,教育,インクルーシブ教育システム体制整備推進事業,インクルーシブ教育システム体制整備推進事業補助金,"補助金の目的：公立小・中学校等におけるインクルーシブな教育を推進するため
補助対象者　：都内区市町村教育委員会
補助対象経費：環境整備に係る専門教具購入費、特別支援教育に関する研修費等
負担割合　　：都100％",1,区市町村,"1,800 ",教育庁都立学校教育部特別支援教育課,03-5320-6762,
2026,26,教育庁,07,教育,特別支援学校のICT環境の整備,東京都公立学校情報機器整備支援事業補助金（特別支援学校のICT環境の整備：一人１台端末 都立学校向け）,"補助金の目的：公立学校の学習者用コンピュータ等の情報機器を効率的に整備更新
補助対象者　：民間事業者(情報機器をリース契約により地方公共団体に提供する者。）
補助対象経費：学習者用コンピュータの整備又は更新に要する経費（情報機器の運搬費、情報機器の設置・据え付け費を含む。）
負担割合　　：一人１台端末　国2/3、都1/3",5,民間団体,"11,514 ",教育庁企画部デジタル推進課,03-5320-7867,
2026,26,教育庁,07,教育,特別支援学校のICT環境の整備,東京都公立学校情報機器整備支援事業補助金（特別支援学校のICT環境の整備：入出力支援装置）,"補助金の目的：公立学校の学習者用コンピュータ等の情報機器を効率的に整備更新
補助対象者　：区市町村
補助対象経費：障害により情報機器の入出力自体に困難を抱えた児童生徒のための支援装置の更新等に要する経費（情報機器の運搬費、情報機器の設置・据え付け費を含む）
負担割合　　：入出力支援装置　国全額負担（下限額10,000円）
負担割合　　：一人１台端末　国2/3、都1/3",1,区市町村,"1,412 ",教育庁企画部デジタル推進課,03-5320-7867,
2026,26,教育庁,07,教育,定時制・通信制高等学校管理運営（二次）,高等学校就学支援金,"補助金の目的：教育費の負担の軽減
補助対象者　：個人
補助対象経費：授業料
負担割合　　：国3/4、都1/4",6,一般都民,"478,465 ",教育庁都立学校教育部高等学校教育課,03-5320-7862,https://www.kyoiku.metro.tokyo.lg.jp/admission/tuition/tuition/scholarship.html
2026,26,教育庁,07,教育,定時制・通信制高等学校管理運営（二次）,高等学校奨学給付金,"補助金の目的：授業料以外の教育費の負担の軽減
補助対象者　：個人
補助対象経費：授業料以外の教育に必要な経費
負担割合　　：国1/2、都1/2",6,一般都民,"584,379 ",教育庁都立学校教育部高等学校教育課,03-5320-7862,https://www.kyoiku.metro.tokyo.lg.jp/admission/tuition/tuition/scholarship_public_school.html
2026,26,教育庁,07,教育,定時制・通信制高等学校管理運営（二次）,高等学校奨学給付金（都立高等学校等以外の国公立高等学校等）（定時制・通信制高等学校管理運営（二次））,"補助金の目的：授業料以外の教育費の負担の軽減
補助対象者　：個人
補助対象経費：授業料以外の教育に必要な経費
負担割合　　：国1/2、都1/2",6,一般都民,"1,153 ",教育庁都立学校教育部高等学校教育課,03-5320-7862,https://www.kyoiku.metro.tokyo.lg.jp/admission/tuition/tuition/scholarship_public_school.html
2026,26,教育庁,07,教育,定時制・通信制高等学校管理運営（二次）,学び直しへの支援（定時制・通信制高等学校管理運営（二次））,"補助金の目的：教育費の負担の軽減
補助対象者　：個人
補助対象経費：授業料
負担割合　　：国3/4、都1/4",6,一般都民,"5,250 ",教育庁都立学校教育部高等学校教育課,03-5320-7862,
2026,26,教育庁,07,教育,定時制教育の振興,修学旅行費補助,"補助金の目的：東京都立高等学校の定時制課程及び通信制課程における学校行事としての修学旅行に参加する生徒の経済的負担の軽減
補助対象者　：授業料減免者に相当する者かつ有職生徒のうち補助金の交付を希望する者
補助対象経費：修学旅行に要した経費
負担割合　　：100%　（上限額　定時制:5,000円、通信制:2,000円）",6,一般都民,75 ,教育庁都立学校教育部高等学校教育課,03-5320-6742,
2026,26,教育庁,07,教育,定時制教育の振興,修学指導事業費補助,"補助金の目的：東京都立高等学校の定時制課程 における定時制教育修学指導事業に参加する生徒の経済的負担の軽減
補助対象者　：授業料減免者に相当する者かつ有職生徒のうち補助金の交付を希望する者
補助対象経費：交通費及び施設使用料
負担割合　　：100％　ただし、一人当たりの補助金の上限額は毎年度別に定める。",6,一般都民,55 ,教育庁都立学校教育部高等学校教育課,03-5320-6742,
2026,26,教育庁,07,教育,定時制教育の振興,定時制教科用図書補助,"補助金の目的：東京都立高等学校の定時制課程における教科用図書を購入する生徒の経済的負担の軽減
補助対象者　：有職生徒のうち補助金の交付を希望する者
補助対象経費：採択教科書及び著作教科書の購入費
負担割合　　：100％",6,一般都民,"1,775 ",教育庁都立学校教育部高等学校教育課,03-5320-6742,
2026,26,教育庁,07,教育,定時制教育の振興,通信制教科用図書補助,"補助金の目的：東京都立高等学校の通信制課程における教科用図書を購入する生徒の経済的負担の軽減
補助対象者　：有職生徒のうち補助金の交付を希望する者
補助対象経費：採択教科書及び著作教科書並びに学習書の購入費
負担割合　　：100％",6,一般都民,"1,108 ",教育庁都立学校教育部高等学校教育課,03-5320-6742,
2026,26,教育庁,07,教育,島の高校における教育の充実,島外生徒受入事業補助金,"補助金の目的：島しょの高等学校への島外生徒受入れの円滑な推進
補助対象者　：町村
補助対象経費：実施校に通学する入学生徒の受入費用
負担割合　　：次に掲げる金額を比較し、いずれか少ない金額を補助額とする。
（１）町村が負担又は補助する経費の２分の１
（２）別表の３の欄に掲げる補助上限額",1,区市町村,"12,150 ",教育庁都立学校教育部高等学校教育課,03-5320-7085,
2026,26,教育庁,07,教育,島の高校における教育の充実,ショートステイ事業補助金,"補助金の目的：島しょの高等学校への島外生徒受入れの円滑な推進
補助対象者　：町村
補助対象経費：ショートステイに参加する中学生及び保護者等の宿泊費・交通費・傷害保険料・現地活動費・島内移動費
負担割合　　：次に掲げる金額を費用ごとにそれぞれ比較し、いずれか少ない金額を補助額とする。なお、保護者等については、参加一家族につき１名のみを補助対象とする。
（1）ア 対象経費の４分の１
     イ  町村が中学生の保護者等に対して助成する経費（以下「町村助成額」という。）の２分の１
     ウ  別表の１の項（３）の欄に掲げる補助上限額
（2）ア　対象経費のうち、町村が負担する経費（以下「町村負担額」という。）の２分の１
     イ　別表の２の項（３）の欄に掲げる補助上限額
（３）ア　対象経費のうち、町村負担額の２分の１
　　イ　別表の３の項（３）の欄に掲げる補助上限額",1,区市町村,"1,356 ",教育庁都立学校教育部高等学校教育課,03-5320-7085,
2026,26,教育庁,07,教育,給付型奨学金（高等学校）,給付型奨学金（高等学校）,"補助金の目的：学校の多様な教育活動に係る経費負担の軽減
補助対象者　：個人
補助対象経費：学校の多様な教育活動に係る経費
負担割合　　：都1/1",6,一般都民,"2,099,740 ",教育庁都立学校教育部高等学校教育課,03-5320-7862,https://www.kyoiku.metro.tokyo.lg.jp/admission/tuition/tuition/non-refundable_scholarship.html
2026,26,教育庁,07,教育,被災児童・生徒就学援助事業,被災児童・生徒の就学補助,"補助金の目的：災害により被災した者の経済的負担軽減
補助対象者　：都が定める災害により被災した都立高等学校等生徒
補助対象経費：在学する都立高等学校等における教育活動のために必要な経費
負担割合　　：都1/1",6,一般都民,"4,562 ",教育庁都立学校教育部高等学校教育課,03-5320-7862,
2026,26,教育庁,07,教育,Neo工科高校改革プロジェクト,東京都立高等学校工業系資格取得支援補助金,"補助金の目的：都立工科高校生及び都立産業科高校生の実践的なものづくり技能の習得促進
補助対象者　：都立工科高校生及び都立産業科高校生
補助対象経費：工業系資格の受験料及び試験対策に要する経費
負担割合　　：都1/2、生徒1/2（補助上限額5万円）",6,一般都民,"15,000 ",教育庁都立学校教育部高等学校教育課,03-5320-6749,https://www.kyoiku.metro.tokyo.lg.jp/school/high_school/specialized_school/tech/qualification_acquisition_assistance_system
2026,26,教育庁,07,教育,専門学科高校の充実,東京都立高等学校農業関連資格取得支援補助金,"補助金の目的：都立農業系高校生が専門知識を深める農業関連資格の習得促進
補助対象者　：都立農業系高校生
補助対象経費：農業関連資格の受験料及び試験対策に要する経費
負担割合　　：都1/2、生徒1/2（補助上限額5万円）",6,一般都民,"10,091 ",教育庁都立学校教育部高等学校教育課,03-5320-7085,
2026,26,教育庁,07,教育,グローバル人材の育成,高校生留学促進事業,"補助金の目的：高等学校等に在籍し、海外へ留学する意欲や関心のある生徒が留学することで生じる経済的負担を軽減することにより、世界に向かってチャレンジしようとする高校生を支援し、海外への留学を促進するため
補助対象者　：学校教育活動の一環としての学校や地方公共団体、高校生及び中学生の留学・交流を扱う民間団体等が主催する短期の海外派遣プログラムへ参加する高等学校等に在籍する生徒
補助対象経費：プログラム参加に要する経費（補助対象事業に係る主務部の長が別に定めたものに係る経費）
負担割合：国10/10（上限あり）",6,一般都民,"13,000 ",教育庁グローバル人材育成部国際交流教育課,03-5320-6848,
2026,26,教育庁,07,教育,区市町村における学校の働き方改革支援,エデュケーション・アシスタント配置支援事業,"補助金の目的：原則、小学校及び義務教育学校の第1学年から第3学年について、授業の質の向上及び教員の負担軽減等を図るため、担任の業務を補佐するエデュケーション・アシスタントの配置及び活用を支援
補助対象者　：区市町村
補助対象経費：第一種報酬（社会保険料本人負担分を含む。）、第二種報酬、期末手当、勤勉手当、役務費（人材派遣活用の場合）、社会保険料(事業主負担分)、旅費
負担割合　　：①国庫補助対象経費：国1/3、都2/3　②その他経費：都10/10
　　　　　　　　（ただし、補助上限額の範囲内による）",1,区市町村,"8,076,822 ",教育庁人事部勤労課,03-5320-6801,
2026,26,教育庁,07,教育,学校教育指導,人権教育研究団体補助,"補助金の目的：人権教育推進上の諸課題について研究を行う研究団体に対して研究補助を行い、東京都の実態に即した人権教育を推進するため。
補助対象者　：東京都国公立幼稚園・こども園長会、東京都公立小学校長会、東京都中学校長会、東京都公立高等学校長協会及び東京都立特別支援学校長会
補助対象経費：講師謝金、旅費、会場使用料、資料購入費、印刷費、通信運搬費
負担割合　　：都10/10（上限あり）",7,その他団体,750 ,教育庁指導部指導企画課,03-5320-6837,
2026,26,教育庁,07,教育,学校教育指導,へき地教育研究協議会助成,"補助金の目的：東京都におけるへき地教育の振興を図るため
補助対象者　：東京都へき地教育研究協議会
補助対象経費：講師謝金、資料作成費及び通信運搬費
負担割合　　：補助対象経費総額以下とし、予算の範囲内で補助する",7,その他団体,350 ,教育庁指導部指導企画課,03-5320-6849,
2026,26,教育庁,07,教育,グローバル人材の育成,TGG事業施設賃料補助,"補助金の目的：都内の児童・生徒への安価な料金でのプログラムの提供及び事業の円滑かつ安定的な実施
補助対象者　：本事業を実施する事業者
補助対象経費：賃貸借契約に基づき事業者が負担する賃料
負担割合　　：都10/10",5,民間団体,"269,364 ",教育庁グローバル人材育成部国際交流教育課,03-5320-6848,
2026,26,教育庁,07,教育,グローバル人材の育成,多摩地域における体験型英語学習施設賃料補助,"補助金の目的：都内の児童・生徒への安価な料金でのプログラムの提供及び事業の円滑かつ安定的な実施
補助対象者　：本事業を実施する事業者
補助対象経費：賃貸借契約に基づき事業者が負担する賃料
負担割合　　：都10/10",5,民間団体,"177,305 ",教育庁グローバル人材育成部国際交流教育課,03-5320-6848,
2026,26,教育庁,07,教育,子供の学力に対する懸念の解消,高等学校DX加速化推進事業（DXハイスクール）,"補助金の目的：情報、数学等の教育を重視するカリキュラムの実施を支援するとともに、専門的な外部人材の活用や大学等との連携等を通じたICTを活用した探究的・文理横断的・実践的な学びを強化する学校等に対して、ICT機器整備・通信機器整備等必要な環境整備の経費を支援する。
補助対象者　：都内公立学校
補助対象経費：ICT機器整備・通信機器整備等必要な環境整備の経費
負担割合　　：国10/10",7,その他団体,460 ,教育庁指導部高等学校教育指導課,03-5320-6866,
2026,26,教育庁,07,教育,青少年の健全育成,学校と家庭の連携推進事業,"補助金の目的：児童・生徒及び保護者の相談・支援体制の更なる充実
補助対象者　：区市町村教育委員会
補助対象経費：家庭と子供の支援員及びスーパーバイザーの配置と、学校と家庭の連絡推進会議の設置に係る経費
負担割合　　：国1/3、都1/3、区市町村1/3",1,区市町村,"163,060 ",教育庁指導部指導企画課,03-5320-6888,
2026,26,教育庁,07,教育,青少年の健全育成,都立学校等における部活動指導の充実（部活動指導員）,"補助金の目的：教員の負担軽減を図る
補助対象者　：区市町村
補助対象経費：中学校における部活動指導員の配置に係る経費
負担割合　　：国１/３、都１/３、区市町村１/３",1,区市町村,"704,266 ",教育庁指導部指導企画課,03-5320-7474,
2026,26,教育庁,07,教育,青少年の健全育成,学びの多様化学校設置学習環境整備事業,"補助金の目的：学びの多様化学校設置に伴う学習環境整備
補助対象者　：区市町村
補助対象経費：学びの多様化学校設置に伴う学習環境整備に要する経費の補助
負担割合　　：都１/２、区市町村１/２",1,区市町村,"57,250 ",教育庁指導部指導企画課,03-5320-6889,
2026,26,教育庁,07,教育,青少年の健全育成,スクールソーシャルワーカー活用事業,"補助金の目的：教育相談体制の整備・充実
補助対象者　：区市町村教育委員会
補助対象経費：スクールソーシャルワーカー及びスーパーバイザーの配置に係る経費
負担割合　　：国1/6、都1/3、区市町村1/2",1,区市町村,"1,147,621 ",教育庁指導部指導企画課,03-5320-6888,
2026,26,教育庁,07,教育,青少年の健全育成,不登校・中途退学対策（都単）,"補助金の目的：区市町村の設置する教育支援センターにおいて、不登校の児童・生徒への無償の学習機会を確保するとともに、区市町村が設置する教育支援センターが、不登校児童・生徒への支援の中核的な役割を果たし、一人一人の多様な状況に対応し、児童・生徒が自らの進路を主体的に捉え、社会的自立を目指すことができるようにする。
補助対象者　：区市町村教育委員会
補助対象経費：報酬、期末手当、共済費、報償費、一般需用費、役務費、委託料及び使用料及賃借料
負担割合　　：都１/２、区市町村１/２",1,区市町村,"75,341 ",教育庁指導部指導企画課,03-5320-6889,
2026,26,教育庁,07,教育,青少年の健全育成,外部指導者配置支援,"補助金の目的：部活動の質の向上を図る
補助対象者　：区市町村
補助対象経費：中学校の部活動における外部指導者の配置に係る経費
負担割合　　：都１/２、区市町村１/２",1,区市町村,"409,248 ",教育庁指導部指導企画課,03-5320-7474,
2026,26,教育庁,07,教育,青少年の健全育成,公立中学校拠点化モデル事業（区市町村）,"補助金の目的：公立中学校の拠点部活動化を進める
補助対象者　：区市町村
補助対象経費：公立中学校の拠点部活動化を調整するコーディネーターの配置に係る経費
負担割合　　：都１/２、区市町村１/２",1,区市町村,"30,586 ",教育庁指導部指導企画課,03-5320-7474,
2026,26,教育庁,07,教育,青少年の健全育成,運動部活動の地域展開等推進事業（休日の地域クラブ活動費等の支援、地方公共団体の体制整備等）（区市町村）,"補助金の目的：休日の地域クラブ活動の実施に要する経費、及び運動部活動の地域展開等に向けた推進体制の整備等に向けて、コーディネーターの配置、人材バンクの設置・運用、指導者研修の実施、移動手段の確保、ポータルサイト等の開設・運用等の取組を実施する場合に要する経費
補助対象者　：区市町村
補助対象経費：地域クラブ活動の実施に要する経費
負担割合　　：国1/3、都1/3、区市町村1/3",1,区市町村,"130,000 ",教育庁指導部指導企画課,03-5320-7474,
2026,26,教育庁,07,教育,青少年の健全育成,校内教育支援センター支援員配置事業（国事業）,"補助金の目的：区市町村の設置する学校において、支援員の配置に係る費用を補助することで、不登校の未然防止、早期支援のための取組として、校内の別室において、学習指導や進路指導、相談等を実施する。
補助対象者　：区市町村教育委員会　　　　　
補助対象経費：負担金補助及交付金
負担割合　　：国１/３、都１/３、区１/３",1,区市町村,"241,932 ",教育庁指導部指導企画課,03-5320-6889,
2026,26,教育庁,07,教育,青少年の健全育成,校内教育支援センター支援員配置事業（都事業）,"補助金の目的：区市町村の設置する学校において、支援員の配置に係る費用を補助することで、不登校の未然防止、早期支援のための取組として、校内の別室において、学習指導や進路指導、相談等を実施する。
補助対象者　：区市町村教育委員会　　　　　
補助対象経費：負担金補助及交付金
負担割合　　：都２/３、市町村１/３",1,区市町村,"303,202",教育庁指導部指導企画課,03-5320-6889,
2026,26,教育庁,07,教育,青少年の健全育成,外部人材を活用した学校問題サポート事業,"補助金の目的：公立小中学校において、子供や保護者から相談を受けることのできる弁護士等の外部人材を配置する区市町村を支援
補助対象者　：区市町村教育委員会　　　　　
補助対象経費：弁護士等の外部人材を配置に係る経費
負担割合　　：都1/2（上限あり）、区市町村1/2",1,区市町村,20000,教育庁指導部指導企画課,03-5320-6888,
2026,26,教育庁,07,教育,青少年の健全育成,「子供が安心して生活できる学校づくり」検証事業,"補助金の目的：いじめを早期に発見、解消し、深刻化させないための取組の強化として、いじめ対応サポーター配置による効果検証等
補助対象者　：区市町村教育委員会　　　　　
補助対象経費：いじめ対応サポーターの配置に係る経費
負担割合　　：都1/2（上限あり）、区市町村1/2",1,区市町村,61700,教育庁指導部指導企画課,03-5320-6888,
2026,26,教育庁,07,教育,青少年の健全育成,笑顔と学びの体験活動プロジェクト子供企画型補助金,"補助金の目的：各学校において、児童・生徒が主体となって、体験活動の内容を独自に企画・実施することで、児童・生徒の積極性や協調性、コミュニケーション力など、豊かな心のさらなる育成につなげる。
補助対象者　：区市町村立学校
補助対象経費：体験活動の実施に係る経費
負担割合　　：都10/10",1,区市町村,108000,教育庁指導部指導企画課,03-5320-7500,
2026,26,教育庁,07,教育,生涯学習の推進,社会教育関係団体補助等,"補助金の目的：都内における社会教育又は新生活運動の充実と発展
補助対象者　：社会教育関係団体等
補助対象経費：普及啓発、討論会・講演会・展示会等の事業実施に要する経費
負担割合　　：都1/2、社会教育関係団体1/2又は都10/10",5,民間団体,33279,教育庁地域教育支援部管理課及び生涯学習課,"03-5320-6853
03-5320-6859",
2026,26,教育庁,07,教育,放課後子供教室,放課後子供教室（区市町村補助）,"補助金の目的：地域における放課後子供教室の取組を推進
補助対象者　：区市町村
補助対象経費：①②諸謝金、委託費、消耗品費、通信運搬費、その他事業実施に要する経費
　　　　　　　　 　③諸謝金、備品費、委託費、その他事業実施に要する経費
負担割合　　：①国1/3、都1/3、区市町村1/3
　　　　　　　 　②都2/3、区市町村1/3（一部国1/3、都1/3、区市町村1/3）
　　　　　　　　 ③都2/3、区市町村1/3",1,区市町村,3242583,教育庁地域教育支援部生涯学習課,03-5320-6859,
2026,26,教育庁,07,教育,地域における家庭教育支援基盤形成事業,地域における家庭教育支援基盤形成事業（区市町村補助）,"補助金の目的：地域における家庭教育支援の取組を推進
補助対象者　：区市町村
補助対象経費：諸謝金、委託費、消耗品費、通信運搬費、その他事業実施に要する経費
負担割合　　：国1/3、都1/3、区市町村1/3",1,区市町村,31804,教育庁地域教育支援部生涯学習課,03-5320-6859,
2026,26,教育庁,07,教育,地域学校協働活動推進事業,地域学校協働活動推進事業（区市町村補助）,"補助金の目的：地域における地域学校協働活動を推進
補助対象者　：区市町村
補助対象経費：諸謝金、委託費、消耗品費、通信運搬費、その他事業実施に要する経費
負担割合　　：国1/3、都1/3、区市町村1/3
                  ",1,区市町村,420389,教育庁地域教育支援部生涯学習課,03-5320-6859,https://www.syougai.metro.tokyo.lg.jp/sesaku/shien.html
2026,26,教育庁,07,教育,文化財の保護,文化財の保存助成・国指定,"補助金の目的：都内文化財の適正な保存・活用
補助対象者　：区市町村
補助対象経費：文化財の修理等に要する経費ほか
負担割合　　：国1/2、都1/4、区市町村1/4",1,区市町村,391385,教育庁地域教育支援部管理課,03-5320-6862,
2026,26,教育庁,07,教育,文化財の保護,文化財の保存助成・国指定（民間補助）,"補助金の目的：都内文化財の適正な保存・活用
補助対象者　：文化財の所有者及び管理責任者
補助対象経費：文化財の修理等に要する経費ほか
負担割合　　：国1/2、都1/4、事業者1/4",7,その他団体,1018310,教育庁地域教育支援部管理課,03-5320-6862,
2026,26,教育庁,07,教育,文化財の保護,文化財の保存助成・国指定（指定文化財補助）,"補助金の目的：都内文化財保護管理の適正かつ円滑な実施
補助対象者　：文化財の管理団体
補助対象経費：防災設備保守点検等に要する経費ほか
負担割合　　：国1/4、都1/4、事業者1/2",7,その他団体,3748,教育庁地域教育支援部管理課,03-5320-6862,
2026,26,教育庁,07,教育,文化財の保護,文化財の保存助成・都指定,"補助金の目的：都内文化財の適正な保存・活用
補助対象者　：区市町村
補助対象経費：文化財の修理等に要する経費ほか
負担割合　　：都1/2、区市町村1/2",1,区市町村,159447,教育庁地域教育支援部管理課,03-5320-6862,
2026,26,教育庁,07,教育,文化財の保護,文化財の保存助成・都指定（民間補助）,"補助金の目的：都内文化財の適正な保存・活用
補助対象者　：文化財の所有者及び管理責任者
補助対象経費：文化財の修理等に要する経費ほか
負担割合　　：都1/2、事業者1/2",7,その他団体,451789,教育庁地域教育支援部管理課,03-5320-6862,
2026,26,教育庁,07,教育,文化財の保護,文化財の保護（伝統工芸共催分担金）,"補助金の目的：都民の文化財保護意識の醸成、伝統工芸技術の伝承及び発展
補助対象者　：公益社団法人
補助対象経費：展覧会開催に要する経費
負担割合　　：都10/10（定額）",5,民間団体,1500,教育庁地域教育支援部管理課,03-5320-6863,
2026,26,教育庁,07,教育,埋蔵文化財の保護,埋蔵文化財現地調査・国基準,"補助金の目的：埋蔵文化財の保護
補助対象者　：区市町村
補助対象経費：埋蔵文化財の調査事業費
負担割合：都 1/4、 区市町村 1/4、国１/2",1,区市町村,103746,教育庁地域教育支援部管理課,03-5320-6863,
2026,26,教育庁,07,教育,埋蔵文化財の保護,文化財事業（東京都教育支援機構）,"補助金の目的：埋蔵文化財の保護
補助対象者　：公益財団法人
補助対象経費：埋蔵文化財の調査研究、保存、公開活用及び知識の普及に関する事業に係る経費等
負担割合　　：都10/10（定額）",3,政策連携団体,55568,教育庁地域教育支援部管理課,03-5320-6858,
2026,26,教育庁,07,教育,地域未来塾（スタディ・アシスト+）,東京都地域学校協働活動推進事業費補助金（区市町村補助）,"補助金の目的：地域人材の協力による中学生等に対する学習支援の取組を推進
補助対象者　：区市町村
補助対象経費：諸謝金、委託費、消耗品費、通信運搬費、その他事業実施に要する経費
負担割合　　：国1/3、都1/3（一部都10/10）、区市町村1/3",1,区市町村,264545,教育庁地域教育支援部生涯学習課,03-5320-6859,https://www.syougai.metro.tokyo.lg.jp/sesaku/shien.html
2026,26,教育庁,07,教育,朝の子供の居場所づくり,朝の子供の居場所づくり（区市町村補助）,"補助金の目的：朝の子供の居場所づくりの取組を推進
補助対象者　：区市町村
補助対象経費：諸謝金、その他事業実施に要する経費
負担割合　　：都2/3、区市町村1/3",1,区市町村,423508,教育庁地域教育支援部生涯学習課,03-5320-6859,
2026,27,警視庁,15,警察と消防,自警会補助金,警察病院運営補助費,"補助金の目的：警視庁の取扱う事件関係者について、一般患者と分離した専用領域を確保し、診療・入院措置を行うための運営経費
補助対象者　：一般財団法人　自警会
補助対象経費：管理病床及び管理診察室の運営に要する費用
負担割合　　：都　10/10",5,民間団体,258564,警視庁警務部厚生課,03-3581-4321,
2026,27,警視庁,15,警察と消防,自動車安全運転センター補助金,自動車安全運転センター補助金,"補助金の目的：交通事故の防止及び安全対策の推進
補助対象者　：自動車安全運転センター
補助対象経費：交通違反累積点数通知書作成事業に要する経費
負担割合　　：都　10/10",5,民間団体,11550,警視庁交通部交通総務課,03-3581-4321,
2026,27,警視庁,15,警察と消防,東京都交通安全協会補助金,東京都交通安全協会補助金,"補助金の目的：都内における交通環境の改善
補助対象者　：一般財団法人　東京都交通安全協会
補助対象経費：交通事故相談所運営事業に要する経費
負担割合　　：都　10/10",5,民間団体,92195,警視庁交通部交通総務課,03-3581-4321,
2026,27,警視庁,15,警察と消防,東京母の会連合会補助金,東京母の会連合会補助金,"補助金の目的：青少年の非行防止及び事故防止
補助対象者　：一般社団法人　東京母の会連合会
補助対象経費：非行防止、事故防止広報資材作成費
負担割合　　：都　10/10",5,民間団体,1000,警視庁生活安全部少年育成課,03-3581-4321,
2026,27,警視庁,15,警察と消防,東京防犯協会連合会補助金,東京防犯協会連合会補助金,"補助金の目的：一般防犯事業、防犯連絡所助成事業及び防犯モデル地区助成事業
補助対象者　：公益財団法人　東京防犯協会連合会
補助対象経費：広報誌刊行、少年体育促進及び防犯功労者等表彰、防犯連絡所助成事業、防犯モデル地区助成事業
負担割合　　：都　10/10",5,民間団体,13428,警視庁生活安全部生活安全総務課,03-3581-4321,
2026,27,警視庁,15,警察と消防,被害者支援都民センター補助金,被害者支援都民センター補助金,"補助金の目的：社会全体の被害者支援意識の高揚を図る
補助対象者　：公益社団法人被害者支援都民センター
補助対象経費：広報啓発関連事業に要する経費
負担割合　　：都10/10",5,民間団体,16951,警視庁総務部企画課,03-3581-4321,
2026,27,警視庁,15,警察と消防,職員の福利厚生,待機寮賄人雇用補助,"補助金の目的：第一線で活躍する警視庁の単身寮員に、健康で強靭な身体をつくる食事を提供するための運営経費
補助対象者　：一般財団法人　自警会
補助対象経費：賄人の給与支払い、管理等に要する費用
負担割合　　：都　10/10",5,民間団体,29600,警視庁警務部厚生課,03-3581-4321,
2026,28,東京消防庁,15,警察と消防,消防広報の推進,東京連合防火協会補助,"補助金の目的：防火防災思想の普及促進
補助対象者　：公益財団法人東京連合防火協会
補助対象経費：ポスター印刷及び配送
負担割合　　：都　1",7,その他団体,3820,東京消防庁企画調整部財務課,03-3212-2111,
2026,28,東京消防庁,15,警察と消防,消防水利の整備,消防水利開発補助,"補助金の目的：東京都震災対策条例第５条に基づく特別区内における消防水利施設の設置促進
補助対象者　：都民又は事業者
補助対象経費：消防水利施設の設置に要する経費（消防水利施設の設置容量により上限額が異なる）
負担割合　　：都　1",5,民間団体,3400,東京消防庁防災部水利課,03-3212-2111,http://www.tfd.metro.tokyo.lg.jp/hp-suirika/suiri/index.html
